rollout/ep_len_mean,time/fps,time/total_timesteps,time/iterations,time/time_elapsed,rollout/ep_rew_mean,train/loss,train/learning_rate,train/value_loss,train/entropy_loss,train/clip_range,train/n_updates,train/policy_gradient_loss,train/explained_variance,train/clip_fraction,train/approx_kl
88.3157894736842,1414,2048,1,1,-177.12933057894736,,,,,,,,,,
90.0,1133,4096,2,3,-167.57399504761906,851.0413208007812,0.0002993856,1811.5288391113281,-1.385786810517311,0.2,10,-0.005012520577292889,0.00029277801513671875,0.002978515625,0.0013173122
89.84126984126983,1271,6144,3,4,-159.0201086031746,753.071533203125,0.0002987712,1568.9720642089844,-1.385399690270424,0.2,20,-0.0030095401976723223,0.03450745344161987,0.00263671875,0.0011632924
93.4578313253012,1347,8192,4,6,-179.4727114698795,338.5771179199219,0.00029815679999999994,848.402018737793,-1.3851648628711701,0.2,30,-0.001988042250741273,0.09103548526763916,0.0009765625,0.0006294349
94.59,1398,10240,5,7,-175.88466015000003,888.9584350585938,0.0002975424,2149.7898193359374,-1.382715168595314,0.2,40,-0.0015651020337827503,0.12605035305023193,0.0005859375,0.0003504575
93.4,1435,12288,6,8,-176.58995450999998,385.56201171875,0.00029692799999999996,988.7431549072265,-1.3837054908275603,0.2,50,-0.0005812171497382223,0.2648363709449768,0.0,9.407537e-05
94.67,1455,14336,7,9,-167.51156176,327.5216979980469,0.00029631359999999997,807.0454360961915,-1.3837078094482422,0.2,60,-0.0006938059581443667,0.3698846101760864,0.0,5.3202733e-05
94.13,1473,16384,8,11,-169.14913025,183.134765625,0.0002956992,458.83086853027345,-1.3833814293146134,0.2,70,-0.0008873524086084217,0.4960780739784241,0.0,0.00016601692
94.55,1493,18432,9,12,-151.23813216,263.92022705078125,0.0002950848,770.2793991088868,-1.3820339262485504,0.2,80,-0.0004736806731671095,0.5384572744369507,0.0,5.2970456e-05
95.39,1509,20480,10,13,-147.41379485000002,134.17898559570312,0.0002944704,348.6434928894043,-1.3821191787719727,0.2,90,-0.001258860348025337,0.5208815336227417,4.8828125e-05,0.0006171401
96.22,1522,22528,11,14,-156.65209005999998,149.15367126464844,0.00029385599999999995,393.04254150390625,-1.3795271247625351,0.2,100,-0.0009734311141073703,0.42701488733291626,0.0,0.0001407841
97.28,1531,24576,12,16,-159.68864517,200.82162475585938,0.00029324159999999995,585.6889739990235,-1.3789894968271255,0.2,110,-0.0015947112231515348,0.52152419090271,0.0001953125,0.00063583103
96.16,1534,26624,13,17,-151.91705790000003,153.31790161132812,0.00029262719999999996,415.10026092529296,-1.3753236949443817,0.2,120,-0.004945405339822173,0.5050233602523804,0.005712890625,0.0029746476
93.34,1532,28672,14,18,-154.50793424000003,127.97472381591797,0.00029201279999999997,328.1271057128906,-1.3711161881685257,0.2,130,-0.004047980275936424,0.598084568977356,0.001171875,0.0015988882
95.22,1530,30720,15,20,-146.46378275,186.34048461914062,0.0002913984,391.91831665039064,-1.366503146290779,0.2,140,-0.005304458551108837,0.47564512491226196,0.00634765625,0.002987083
95.66,1531,32768,16,21,-123.67509385000001,47.61709213256836,0.000290784,108.61575069427491,-1.3630986779928207,0.2,150,-0.011950097628869116,0.518467128276825,0.0236328125,0.007471255
96.37,1537,34816,17,22,-111.32957606999999,117.07455444335938,0.0002901696,277.4960029602051,-1.3441376775503158,0.2,160,-0.005299752304563299,0.08414345979690552,0.004541015625,0.0035697534
101.36,1539,36864,18,23,-100.03240433000002,108.8230209350586,0.0002895552,277.4650478363037,-1.325541490316391,0.2,170,-0.0061564711853861805,0.31895697116851807,0.011767578125,0.003953871
103.91,1543,38912,19,25,-84.77658163000002,93.35594940185547,0.00028894079999999996,225.92568664550782,-1.2945913225412369,0.2,180,-0.005985280871391297,0.5777578949928284,0.01318359375,0.0033559427
105.93,1539,40960,20,26,-80.59867346,45.890716552734375,0.00028832639999999996,107.63653621673583,-1.2693911910057067,0.2,190,-0.012994951888686046,0.5852170586585999,0.075146484375,0.010573325
112.61,1536,43008,21,27,-70.76717656,56.13621520996094,0.00028771199999999997,148.5701009750366,-1.2241937577724458,0.2,200,-0.007167911517899484,0.5935546159744263,0.02138671875,0.00926234
116.96,1537,45056,22,29,-64.46960337,54.51264190673828,0.0002870976,119.59828701019288,-1.1684845834970474,0.2,210,-0.005348860705271363,0.6784591674804688,0.01171875,0.0063802795
120.18,1529,47104,23,30,-61.61538456999999,48.866172790527344,0.0002864832,127.388427734375,-1.1404946625232697,0.2,220,-0.009213608177378773,0.6834808588027954,0.02412109375,0.0077676075
129.48,1520,49152,24,32,-64.64660598,74.64668273925781,0.00028586879999999994,176.5469612121582,-1.0299368917942047,0.2,230,-0.006504359131213278,0.6071819067001343,0.0279296875,0.008329798
139.21,1507,51200,25,33,-64.95515113,55.58417510986328,0.0002852544,130.17776947021486,-1.1568191915750503,0.2,240,-0.01403245865367353,0.5372487306594849,0.13330078125,0.012296863
165.8,1479,53248,26,35,-62.99718758000001,58.03047180175781,0.00028463999999999996,141.74406414031984,-1.08999565243721,0.2,250,-0.00567912234691903,0.6642857789993286,0.0484375,0.006013486
182.15,1474,55296,27,37,-64.72085701,85.15074157714844,0.00028402559999999997,200.26064987182616,-1.0852526485919953,0.2,260,-0.0044172892812639475,0.7141846418380737,0.006103515625,0.0035829062
195.0,1469,57344,28,39,-69.57333313000001,62.09914779663086,0.0002834112,131.83741989135743,-1.1207509636878967,0.2,270,-0.007306448637973517,0.7135252952575684,0.0564453125,0.01272933
217.0,1457,59392,29,40,-69.75349506,88.51074981689453,0.0002827968,263.092370223999,-1.1028635948896408,0.2,280,-0.005377149285050109,0.04886287450790405,0.038232421875,0.0060749045
234.48,1448,61440,30,42,-67.72184433000001,100.3731689453125,0.0002821824,265.7096714019775,-1.0875433743000031,0.2,290,-0.0037106138421222567,0.47642141580581665,0.006787109375,0.0022543478
235.01,1442,63488,31,44,-66.91731161000001,46.361167907714844,0.00028156799999999994,110.02350807189941,-1.103765642642975,0.2,300,-0.008455526840407401,0.6300927996635437,0.022314453125,0.0062618093
235.01,1428,65536,32,45,-66.91731161000001,38.49454879760742,0.00028095359999999995,84.21236190795898,-1.1292752891778945,0.2,310,-0.01299832055810839,0.6285664439201355,0.1162109375,0.010542276
284.45,1415,67584,33,47,-61.65984266999999,15.56986141204834,0.00028033919999999996,43.78726944923401,-1.1867284953594208,0.2,320,-0.006553248513955623,0.6882642507553101,0.088427734375,0.011795903
303.05,1406,69632,34,49,-58.46889197,38.86981201171875,0.00027972479999999997,78.62967052459717,-1.1395251095294952,0.2,330,-0.007207972090691328,0.7828728556632996,0.090234375,0.011778465
303.05,1404,71680,35,51,-58.46889197,29.26024055480957,0.0002791104,65.77028131484985,-1.1527503430843353,0.2,340,-0.009232464723754674,0.7748026847839355,0.068798828125,0.007815188
321.22,1397,73728,36,52,-55.52550383999999,11.288361549377441,0.000278496,26.602590799331665,-1.2424163699150086,0.2,350,-0.01156461302889511,0.8933600187301636,0.1521484375,0.01074766
349.58,1390,75776,37,54,-50.79139346000001,4.091065406799316,0.0002778816,10.965663123130799,-1.287962231040001,0.2,360,-0.015893230750225484,0.9004296064376831,0.164990234375,0.01162075
375.68,1385,77824,38,56,-45.91859390999999,30.062402725219727,0.0002772672,70.56081485748291,-1.1757430255413055,0.2,370,-0.006278703676071018,0.8227588534355164,0.08544921875,0.007904046
375.68,1383,79872,39,57,-45.91859390999999,9.26689624786377,0.00027665279999999995,21.48109097480774,-1.1382854998111724,0.2,380,-0.013953317957930266,0.9465887546539307,0.10224609375,0.010175283
393.87,1379,81920,40,59,-44.028454319999994,21.42152976989746,0.0002760384,42.75127439498901,-1.0581667929887772,0.2,390,-0.011239208444021643,0.8632531762123108,0.083447265625,0.00819966
421.11,1376,83968,41,60,-40.83448414999999,23.686721801757812,0.00027542399999999997,47.604505920410155,-1.126770281791687,0.2,400,-0.008112533646635712,0.7375683784484863,0.06650390625,0.008819329
447.79,1373,86016,42,62,-37.878187479999994,7.37559175491333,0.0002748096,16.332905626297,-1.106803399324417,0.2,410,-0.009590366057818756,0.9659270644187927,0.09638671875,0.010232333
447.79,1371,88064,43,64,-37.878187479999994,7.792659282684326,0.0002741952,17.267321705818176,-1.0314299583435058,0.2,420,-0.010450104519259184,0.9497174620628357,0.07744140625,0.009535919
465.81,1367,90112,44,65,-34.17303379,4.9933085441589355,0.00027358079999999994,12.900113320350647,-1.1253706246614457,0.2,430,-0.006199277052655816,0.928438127040863,0.043115234375,0.00914159
492.75,1364,92160,45,67,-28.816810240000006,2.0677096843719482,0.0002729664,5.285927140712738,-1.1361284643411635,0.2,440,-0.00959626465337351,0.9405564069747925,0.073095703125,0.008686101
518.95,1361,94208,46,69,-23.279732110000005,4.238222122192383,0.00027235199999999996,9.077149033546448,-1.0759648740291596,0.2,450,-0.008486110111698508,0.970302402973175,0.07744140625,0.009351553
518.95,1359,96256,47,70,-23.279732110000005,5.829169750213623,0.00027173759999999996,12.46208028793335,-0.9860734015703201,0.2,460,-0.0036055408301763235,0.9376612901687622,0.012158203125,0.0038818168
537.16,1355,98304,48,72,-19.122916270000005,2.345146894454956,0.00027112319999999997,5.222316032648086,-1.0062784090638162,0.2,470,-0.0055168297374621035,0.9617545008659363,0.0421875,0.008590025
572.22,1350,100352,49,74,-11.454041309999997,0.7760942578315735,0.0002705088,2.629327866435051,-0.961781457066536,0.2,480,-0.007626556931063533,0.966805636882782,0.08095703125,0.011351152
590.68,1348,102400,50,75,-8.827669119999996,2.7424774169921875,0.0002698944,6.852885890007019,-0.8974096745252609,0.2,490,-0.006206568004563451,0.9627427458763123,0.043310546875,0.0065598516
598.47,1345,104448,51,77,-9.175452360000001,6.013458251953125,0.00026927999999999994,15.654088449478149,-0.9808938071131706,0.2,500,-0.0047383304568938914,0.8757635951042175,0.04697265625,0.006624249
620.4,1345,106496,52,79,-4.736305879999999,63.83610153198242,0.0002686656,169.52331314086913,-0.8817419484257698,0.2,510,-0.0011999171110801399,0.37508898973464966,0.0,0.0010414198
629.29,1345,108544,53,80,-3.7652124199999992,24.5516357421875,0.00026805119999999996,60.233500719070435,-1.002564077079296,0.2,520,-0.0037546032574027775,0.6102607250213623,0.0734375,0.00828812
647.05,1344,110592,54,82,-1.5053236099999991,3.2573184967041016,0.00026743679999999997,9.225118672847747,-0.9992379486560822,0.2,530,-0.006928515632171184,0.8605024218559265,0.079638671875,0.013504476
675.78,1342,112640,55,83,0.43685863000000097,2.2956972122192383,0.0002668224,5.983835780620575,-0.9658450618386268,0.2,540,-0.005716440710239112,0.8835352659225464,0.063427734375,0.006682306
686.82,1339,114688,56,85,1.2694642500000008,73.15546417236328,0.000266208,156.882647895813,-0.9124855384230613,0.2,550,-0.0021791819366626442,0.37020552158355713,0.0177734375,0.0049628364
697.94,1338,116736,57,87,2.2480613600000017,18.46682357788086,0.0002655936,54.33225970268249,-0.9574352324008941,0.2,560,-0.0020207548688631503,0.5821207761764526,0.00166015625,0.0036107856
719.5,1337,118784,58,88,4.007521280000001,7.734511852264404,0.0002649792,73.72881526947022,-0.9560541316866875,0.2,570,-0.0014101858949288725,0.5420498847961426,0.016015625,0.0041657854
734.36,1334,120832,59,90,7.4757832299999984,66.32833862304688,0.00026436479999999995,123.38819408416748,-0.8827064037322998,0.2,580,-0.0032514158403500913,0.5149489641189575,0.02451171875,0.0056771594
753.07,1333,122880,60,92,7.810572929999998,28.460573196411133,0.00026375039999999996,52.6203387260437,-0.9578337967395782,0.2,590,-0.006366014387458563,0.5429381132125854,0.03017578125,0.0072413036
770.47,1331,124928,61,93,9.39265702,49.92670440673828,0.00026313599999999997,130.85595073699952,-0.9348635479807854,0.2,600,-0.00047494728351011873,0.6310163736343384,0.0,0.0005476988
778.68,1330,126976,62,95,10.450574939999997,3.201993942260742,0.0002625216,8.170193862915038,-0.9435242637991905,0.2,610,-0.0033174502896144986,0.9528176784515381,0.012255859375,0.0040082983
786.06,1329,129024,63,97,12.901933789999996,5.666211128234863,0.0002619072,22.774812960624693,-0.8765237316489219,0.2,620,-0.0029023502371273934,0.586322009563446,0.055517578125,0.007019181
813.49,1328,131072,64,98,26.39367076,2.785243034362793,0.0002612928,4.961833274364471,-0.7703726723790169,0.2,630,-0.004895299940835684,0.9201206564903259,0.011279296875,0.0027686283
821.32,1329,133120,65,100,27.071513560000007,2.5507161617279053,0.0002606784,6.753604084253311,-0.8696590453386307,0.2,640,-0.00797570231370628,0.9325664043426514,0.133154296875,0.00683117
825.53,1329,135168,66,101,28.538688910000005,1.9063719511032104,0.00026006399999999995,4.756728023290634,-0.9078864648938179,0.2,650,-0.0052060122019611296,0.9539914131164551,0.023876953125,0.0042448696
826.43,1330,137216,67,103,31.05023834,17.13579559326172,0.0002594496,53.06319751739502,-0.8249475836753846,0.2,660,-0.002515550557291135,0.7199416160583496,0.0154296875,0.0049303374
843.56,1330,139264,68,104,44.39057976,14.804713249206543,0.00025883519999999997,43.15140104293823,-0.8054136604070663,0.2,670,-0.002372616750653833,0.7785495519638062,0.01279296875,0.0022632321
845.33,1332,141312,69,106,49.27432132,11.141194343566895,0.0002582208,56.5494309425354,-0.8172364428639411,0.2,680,-0.00027747241547331213,0.7980875968933105,0.0,0.0006860889
846.98,1333,143360,70,107,49.02084325999999,6.45780611038208,0.0002576064,12.548260438442231,-0.8739028573036194,0.2,690,-0.0024325793026946487,0.8431300520896912,0.022998046875,0.0048771244
861.22,1334,145408,71,108,53.38772937999999,25.688575744628906,0.000256992,74.42226629257202,-0.7891318678855896,0.2,700,-0.0006986898602917791,0.5463459491729736,4.8828125e-05,0.0025293601
869.51,1334,147456,72,110,64.69643180000001,0.7092114090919495,0.0002563776,1.649331770837307,-0.7877391591668129,0.2,710,-0.008605135802645237,0.9890437722206116,0.06640625,0.00805948
862.83,1335,149504,73,111,64.22062062,41.03907775878906,0.00025576319999999996,94.43402891159057,-0.8640572175383567,0.2,720,-0.0013737783767282963,0.7555568218231201,0.011669921875,0.0016598193
856.96,1335,151552,74,113,67.22663897000001,21.58502197265625,0.00025514879999999997,42.41296672821045,-0.9249221041798592,0.2,730,-0.0030456486158072947,0.8375914692878723,0.022119140625,0.0057158256
847.48,1334,153600,75,115,69.91854905999999,46.255680084228516,0.0002545344,97.32107419967652,-0.7940724790096283,0.2,740,-0.00091483048745431,0.6476998329162598,0.0015625,0.0016641958
864.1,1334,155648,76,116,71.57554145,11.816177368164062,0.00025392,59.0862512588501,-0.8213802769780159,0.2,750,-0.001775889180134982,0.8169220089912415,0.006005859375,0.004263953
855.52,1334,157696,77,118,74.49401979,14.799120903015137,0.0002533056,37.03327202796936,-0.7801451310515404,0.2,760,-0.0024468769843224436,0.8840243220329285,0.016748046875,0.0026963435
845.93,1332,159744,78,119,70.13480169,64.96282958984375,0.00025269119999999994,129.5236249923706,-0.9312135115265846,0.2,770,-0.0024274246708955614,0.6789343357086182,0.007421875,0.0031265973
853.8,1331,161792,79,121,70.87744941,24.66671371459961,0.0002520768,101.07888545989991,-0.8759291172027588,0.2,780,-0.00029166351887397466,0.7758772969245911,0.0,0.0002359717
843.08,1330,163840,80,123,71.42755063999999,3.189155340194702,0.0002514624,8.445776307582856,-0.8409204542636871,0.2,790,-0.0050489808316342534,0.9472237825393677,0.05625,0.0046757027
843.08,1329,165888,81,124,72.41900029,44.16745376586914,0.00025084799999999997,87.43007688522339,-0.7353631824254989,0.2,800,-0.0002956601441837847,0.7134805917739868,0.003515625,0.0014780585
843.08,1328,167936,82,126,73.56839018000001,1.6418110132217407,0.0002502336,5.861529362201691,-0.8845966339111329,0.2,810,-0.005555549415294081,0.9742367267608643,0.06650390625,0.00683828
839.36,1326,169984,83,128,72.10668042999998,5.77233362197876,0.0002496192,13.625117349624634,-0.887075999379158,0.2,820,-0.0030745803145691753,0.8930100202560425,0.041748046875,0.0044187484
833.2,1324,172032,84,129,73.92008601,9.72433090209961,0.0002490048,39.00381896495819,-0.9018694937229157,0.2,830,-0.0013302176375873387,0.8077061176300049,0.009521484375,0.0036109248
833.2,1322,174080,85,131,73.29402448,35.84740447998047,0.0002483904,89.12225608825683,-0.7873078256845474,0.2,840,-0.00041849622502923014,0.6549385786056519,0.0,0.0008041288
826.99,1320,176128,86,133,72.23480474,4.21117639541626,0.00024777599999999995,7.14431746006012,-0.914467953145504,0.2,850,-0.005604730860795826,0.9578368067741394,0.08212890625,0.007938434
820.79,1321,178176,87,134,73.96596754000001,36.52376937866211,0.00024716159999999996,85.69635944366455,-0.8427421852946282,0.2,860,-0.0009219763218425214,0.7175945043563843,0.011767578125,0.0032386375
793.96,1323,180224,88,136,73.10159525,40.38603210449219,0.00024654719999999997,76.72934398651122,-0.88694569170475,0.2,870,-0.005006934585981071,0.7023227214813232,0.038037109375,0.011840219
795.05,1323,182272,89,137,75.62085947,58.08147048950195,0.0002459328,193.33671188354492,-0.880911672115326,0.2,880,-0.001984554878436029,0.6805312633514404,0.005615234375,0.0022408802
781.63,1325,184320,90,139,80.52403616999999,37.725093841552734,0.0002453184,98.65732955932617,-0.8812995314598083,0.2,890,-0.0011232900025788695,0.7722681760787964,0.0025390625,0.0034218836
769.85,1327,186368,91,140,80.81196521000001,45.459754943847656,0.000244704,104.31997776031494,-0.8615597516298295,0.2,900,-0.0012282536714337765,0.7569512128829956,0.0001953125,0.0022515806
760.01,1328,188416,92,141,85.24475173,29.869543075561523,0.00024408959999999997,103.96696615219116,-0.7733292952179909,0.2,910,-0.0020713718724437056,0.7271802425384521,0.017919921875,0.0063278717
750.24,1330,190464,93,143,92.90766164,42.56932830810547,0.00024347519999999998,91.35991592407227,-0.8019686609506607,0.2,920,-0.001632469263859093,0.7430089712142944,0.0013671875,0.0018408818
728.99,1331,192512,94,144,95.83262912000001,46.554386138916016,0.0002428608,116.54699478149413,-0.8330782234668732,0.2,930,-0.0006673859315924346,0.671398401260376,0.0,0.0011580066
725.43,1333,194560,95,145,104.61240104000001,51.44264602661133,0.00024224639999999997,118.74488620758056,-0.9002908363938331,0.2,940,-0.0008963252243120223,0.8004319071769714,0.0001953125,0.0017240338
704.82,1333,196608,96,147,103.86863704,36.60496520996094,0.00024163199999999995,106.28643856048583,-0.8040993914008141,0.2,950,-0.0004711477842647582,0.7417294383049011,0.0,0.00042220092
687.12,1333,198656,97,148,105.48357612000004,70.8778305053711,0.0002410176,175.3622268676758,-0.7863232657313347,0.2,960,-0.000210011686431244,0.5070884227752686,0.0,0.0005534789
675.11,1335,200704,98,150,104.70644388,59.681556701660156,0.0002404032,123.9601411819458,-0.671520559489727,0.2,970,-0.0009833777439780533,0.5932345390319824,9.765625e-05,0.0013821109
670.77,1337,202752,99,151,107.63263228999999,22.391342163085938,0.00023978879999999998,70.34448127746582,-0.8173971593379974,0.2,980,-0.0018481285194866359,0.8068221211433411,0.007861328125,0.003126884
653.84,1338,204800,100,153,108.33885561,63.303611755371094,0.00023917439999999996,181.71180820465088,-0.8662155464291572,0.2,990,-0.0033188386005349457,0.7320747375488281,0.010986328125,0.004607459
631.77,1337,206848,101,154,108.57255237999999,47.273094177246094,0.00023856,144.00641365051268,-0.8638188734650611,0.2,1000,-0.0021842206828296185,0.7537705898284912,0.010009765625,0.003509991
611.31,1338,208896,102,156,112.83602894999999,96.64999389648438,0.00023794559999999997,202.40258140563964,-0.8771291807293892,0.2,1010,-0.0002885240246541798,0.7251273393630981,0.0,0.00027476728
609.87,1338,210944,103,157,113.39064777,77.87984466552734,0.00023733119999999998,147.0231725692749,-0.8847451537847519,0.2,1020,-0.001678328722482547,0.7882243990898132,0.007763671875,0.0046704267
604.73,1338,212992,104,159,114.55606589000003,93.55294036865234,0.00023671679999999996,214.2232749938965,-0.8036500990390778,0.2,1030,-0.0005370201310142875,0.6411067247390747,0.00048828125,0.0014029802
595.47,1339,215040,105,160,119.23554795000001,29.97307014465332,0.0002361024,74.00995073318481,-0.7407124683260917,0.2,1040,-0.0011724896030500531,0.7797749638557434,0.00048828125,0.002051209
578.23,1340,217088,106,161,124.85663603,72.01255798339844,0.00023548799999999998,167.38485622406006,-0.8280057370662689,0.2,1050,-0.0007284412917215377,0.6655539274215698,0.0,0.00080648996
568.13,1342,219136,107,163,124.91348992000002,84.11126708984375,0.0002348736,186.8424367904663,-0.783495856821537,0.2,1060,-0.0012478051939979196,0.7757900357246399,0.0001953125,0.0020265812
542.64,1343,221184,108,164,125.19180329000002,57.05369567871094,0.00023425919999999997,165.4035186767578,-0.816506627202034,0.2,1070,-0.0008190362947061658,0.8538979291915894,0.0,0.0004657005
513.79,1344,223232,109,165,133.05544502,41.54487228393555,0.00023364479999999998,94.19166641235351,-0.9309395268559456,0.2,1080,-0.0016764466010499746,0.7681165337562561,0.0021484375,0.003185263
494.02,1345,225280,110,167,135.71722947,73.31333923339844,0.00023303039999999998,130.5594509124756,-0.6792964324355125,0.2,1090,-0.00043052927358075974,0.6574500799179077,0.0,0.0009134101
481.55,1345,227328,111,168,136.58839068999998,73.5623779296875,0.00023241599999999996,195.1088556289673,-0.8485230445861817,0.2,1100,-0.0009409901686012745,0.653700590133667,4.8828125e-05,0.0013224493
477.62,1346,229376,112,170,136.15008815,80.19249725341797,0.0002318016,195.746240234375,-0.813022056221962,0.2,1110,-0.0016403145564254373,0.719119131565094,0.002783203125,0.00199819
477.61,1347,231424,113,171,138.36565368,55.535972595214844,0.00023118719999999998,140.0340394973755,-0.8542883396148682,0.2,1120,-0.0010876486077904702,0.7655056715011597,0.000830078125,0.0010690202
465.96,1349,233472,114,172,140.65939688999998,105.89779663085938,0.0002305728,168.48338890075684,-0.8163535252213479,0.2,1130,-0.002044096775352955,0.6266913414001465,0.00263671875,0.0025646042
461.44,1351,235520,115,174,137.72712353,57.11809539794922,0.00022995839999999997,127.90937519073486,-0.8565591678023339,0.2,1140,-0.0013065960025414824,0.7432104349136353,0.001513671875,0.0021064566
454.94,1352,237568,116,175,139.44623006999998,96.89260864257812,0.000229344,214.73435974121094,-0.9179692700505256,0.2,1150,-0.0016193776857107878,0.6749426126480103,4.8828125e-05,0.0014639234
455.31,1354,239616,117,176,139.34892193,62.9486198425293,0.00022872959999999999,137.492911529541,-0.7632933303713798,0.2,1160,-0.001885571691673249,0.7651195526123047,0.01640625,0.0022096313
453.98,1355,241664,118,178,141.80348951,79.22774505615234,0.00022811519999999997,188.2620735168457,-0.7528353914618492,0.2,1170,-0.001002250419696793,0.720970094203949,0.0,0.0010573776
451.24,1355,243712,119,179,143.0512502,61.088993072509766,0.00022750079999999998,153.49626235961915,-0.7849973514676094,0.2,1180,-0.0019427705265115947,0.6905763745307922,0.0021484375,0.0016898613
432.03,1356,245760,120,181,150.99738514,30.037921905517578,0.00022688639999999996,80.72049083709717,-0.773579740524292,0.2,1190,-0.001720038999337703,0.7317426204681396,0.004541015625,0.0014888345
430.58,1357,247808,121,182,153.49703018999998,67.12916564941406,0.000226272,125.7064094543457,-0.8103781893849373,0.2,1200,-0.002522394573315978,0.7741287350654602,0.009228515625,0.0030740085
429.78,1358,249856,122,183,159.94137458,95.5169677734375,0.00022565759999999997,202.46292037963866,-0.7053481861948967,0.2,1210,-0.0009400164359249175,0.543131947517395,0.001220703125,0.0010339525
426.33,1360,251904,123,185,160.44204044,26.735836029052734,0.00022504319999999998,57.966967010498045,-0.8736965239048005,0.2,1220,-0.0009709866950288415,0.8422704935073853,9.765625e-05,0.001426905
424.38,1361,253952,124,186,165.35289995,51.25566482543945,0.0002244288,113.28041133880615,-0.7444654420018196,0.2,1230,-0.001657633564900607,0.7711682319641113,0.00888671875,0.0035393497
401.95,1362,256000,125,187,165.80332402,75.6234130859375,0.0002238144,185.34017333984374,-0.7893784001469613,0.2,1240,-0.0007750169257633388,0.6625839471817017,4.8828125e-05,0.00029939247
393.01,1363,258048,126,189,167.75592982,112.70396423339844,0.00022319999999999998,223.0502670288086,-0.8105518713593483,0.2,1250,-0.0006476149545051157,0.7029122114181519,9.765625e-05,0.0005728657
392.73,1364,260096,127,190,174.38140375000006,101.64250183105469,0.00022258559999999996,191.43502960205078,-0.7710867553949357,0.2,1260,-0.0017352372873574496,0.7951984405517578,0.0037109375,0.0043965173
382.71,1365,262144,128,191,165.27796811,79.07199096679688,0.0002219712,182.23552589416505,-0.739223001897335,0.2,1270,-0.0023041897220537066,0.78719162940979,0.01806640625,0.004374093
378.25,1366,264192,129,193,167.92433936999998,106.10643768310547,0.0002213568,199.38651390075682,-0.7901191279292107,0.2,1280,-0.0012924057489726692,0.7815606594085693,9.765625e-05,0.00090744626
369.22,1367,266240,130,194,166.97222828999998,96.84764099121094,0.00022074239999999998,180.0223731994629,-0.8301078885793686,0.2,1290,-0.003115736448671669,0.7653443217277527,0.00126953125,0.0015590842
357.17,1368,268288,131,196,163.87965064,82.29605865478516,0.00022012799999999996,208.51036796569824,-0.7390241712331772,0.2,1300,-0.0007000338286161423,0.8119204640388489,0.0,0.0005153954
350.23,1369,270336,132,197,163.74757617999998,101.3890380859375,0.00021951359999999994,197.49973411560057,-0.8335688948631287,0.2,1310,-0.0012683466891758143,0.7711360454559326,0.000244140625,0.0019080864
347.12,1371,272384,133,198,164.60810913999998,138.45904541015625,0.00021889919999999998,267.49863624572754,-0.7701702028512954,0.2,1320,-0.0008261941431555897,0.7358651161193848,9.765625e-05,0.00048648776
342.42,1372,274432,134,199,160.27733637,63.06021499633789,0.0002182848,158.27812271118165,-0.8830176740884781,0.2,1330,-0.005095787963364273,0.8337634205818176,0.0169921875,0.0045914
323.15,1373,276480,135,201,160.41741684,105.24860382080078,0.00021767039999999997,250.16133308410645,-0.7885076269507408,0.2,1340,-0.003764457581564784,0.7482184171676636,0.01201171875,0.0041327495
322.24,1374,278528,136,202,166.02751920000003,82.52157592773438,0.00021705599999999998,181.4880573272705,-0.763470096886158,0.2,1350,-0.0024833600502461193,0.8048869967460632,0.0037109375,0.003677137
313.06,1375,280576,137,203,165.24465718,44.06837463378906,0.00021644159999999998,89.76971826553344,-0.7486450329422951,0.2,1360,-0.0006824001204222441,0.7569683194160461,0.000244140625,0.00038456504
304.99,1376,282624,138,205,161.23213013999998,40.570743560791016,0.0002158272,100.79357576370239,-0.7835652843117714,0.2,1370,-0.0006814523367211223,0.868323028087616,0.00078125,0.0010030479
305.27,1378,284672,139,206,160.45079109999998,87.57221221923828,0.00021521279999999997,219.64146308898927,-0.806873981654644,0.2,1380,-0.002823272976092994,0.779949426651001,0.0119140625,0.0030882866
303.21,1379,286720,140,207,160.92375606,136.28273010253906,0.00021459839999999998,383.7702697753906,-0.7440932974219322,0.2,1390,-0.0013537337188608944,0.6557528376579285,0.00048828125,0.0009954844
303.7,1380,288768,141,209,160.57264055,34.05569839477539,0.000213984,85.63675556182861,-0.7366463452577591,0.2,1400,-0.0021065004635602235,0.859478235244751,0.00771484375,0.0046019605
308.84,1381,290816,142,210,155.92234453999998,98.68840026855469,0.00021336959999999997,159.08502922058105,-0.7919836461544036,0.2,1410,-0.0020814616116695108,0.735556423664093,0.001220703125,0.0014403635
317.66,1382,292864,143,211,157.19611226,79.84675598144531,0.0002127552,173.56444129943847,-0.8489572972059249,0.2,1420,-0.004731048876419663,0.7796820402145386,0.023828125,0.006118173
318.69,1383,294912,144,213,161.99188356000002,87.5078125,0.0002121408,196.35723533630372,-0.8023141905665397,0.2,1430,-0.0026350756001193077,0.7553468346595764,0.00732421875,0.003382562
318.81,1384,296960,145,214,160.08391474,19.894412994384766,0.00021152639999999997,68.60458421707153,-0.767452223598957,0.2,1440,-0.0026101063238456847,0.8995917439460754,0.032568359375,0.0069714165
321.04,1385,299008,146,215,165.27769708,100.13947296142578,0.00021091199999999998,251.7003257751465,-0.7318955048918724,0.2,1450,-0.0012107328744605183,0.7337534427642822,0.000146484375,0.0021047601
326.8,1385,301056,147,217,167.18138806,82.45655059814453,0.0002102976,144.72519721984864,-0.7946913555264473,0.2,1460,-0.002610669867135584,0.7695654034614563,0.0041015625,0.0022143621
330.11,1386,303104,148,218,166.68065685999997,39.83555221557617,0.0002096832,133.07282466888427,-0.6724337875843048,0.2,1470,-0.0037963945535011588,0.828532874584198,0.0296875,0.0060014473
330.13,1388,305152,149,219,171.30265103999997,61.41279983520508,0.00020906879999999997,167.0354928970337,-0.8063966155052185,0.2,1480,-0.0028807761904317887,0.7910750508308411,0.00234375,0.0013478406
333.98,1389,307200,150,221,174.11908496,43.789302825927734,0.00020845439999999998,119.04096202850342,-0.8495546907186509,0.2,1490,-0.002199030469637364,0.8837447166442871,0.0310546875,0.0072535765
336.16,1389,309248,151,222,174.36266991,73.3099365234375,0.00020784000000000002,219.26397323608398,-0.7603484049439431,0.2,1500,-0.0008033511810936033,0.7642856240272522,0.0,0.00056851096
333.45,1390,311296,152,223,171.17613096999997,77.84300994873047,0.0002072256,197.6917528152466,-0.6901437416672707,0.2,1510,-0.000888984918128699,0.6773813962936401,0.000390625,0.0012130216
337.31,1390,313344,153,225,165.0895925,84.87307739257812,0.00020661119999999998,193.38303356170655,-0.7392867878079414,0.2,1520,-0.002439175470499322,0.7953570485115051,0.014404296875,0.004839712
344.31,1391,315392,154,226,161.30949936,88.71046447753906,0.00020599679999999996,195.5872314453125,-0.759251156449318,0.2,1530,-0.0049011654453352095,0.7782039046287537,0.059228515625,0.0061108856
344.64,1391,317440,155,228,163.54487189999998,100.80658721923828,0.0002053824,238.49023208618163,-0.7802645966410637,0.2,1540,-0.0017286722897551954,0.7207993268966675,0.001123046875,0.0016539859
341.39,1392,319488,156,229,167.68918918,126.26004028320312,0.000204768,261.5646354675293,-0.7347050473093987,0.2,1550,-0.004398051323369146,0.7011781334877014,0.030029296875,0.0034005009
348.1,1393,321536,157,230,161.08119043,68.79242706298828,0.00020415359999999998,188.55963745117188,-0.734164348244667,0.2,1560,-0.0004089598311111331,0.8191993832588196,0.0,0.00038386707
339.66,1394,323584,158,231,165.89945071000002,96.53854370117188,0.00020353919999999996,207.8997428894043,-0.7396392151713371,0.2,1570,-0.0024348712409846484,0.7521247267723083,0.006640625,0.0028827873
331.74,1395,325632,159,233,174.64196346000006,66.71839141845703,0.0002029248,180.88099346160888,-0.7701260268688201,0.2,1580,-0.0013985323021188378,0.7596660852432251,0.001318359375,0.0020106183
326.95,1396,327680,160,234,169.6812266,56.53178787231445,0.0002023104,160.94927597045898,-0.8231350183486938,0.2,1590,-0.0012025238014757634,0.8150266408920288,0.000634765625,0.0019981787
320.13,1397,329728,161,236,173.37412783,104.14043426513672,0.000201696,198.51380004882813,-0.7749785423278809,0.2,1600,-0.0014851264306344092,0.7786318063735962,0.001513671875,0.0011916558
317.34,1397,331776,162,237,172.09061036000003,85.57681274414062,0.00020108159999999997,178.03466911315917,-0.6473134204745292,0.2,1610,-0.00019092541770078243,0.726654052734375,0.0,0.00012235815
312.19,1398,333824,163,238,169.27364910000003,81.598876953125,0.00020046719999999995,214.22553215026855,-0.6994902223348618,0.2,1620,-0.002116649562958628,0.7500452399253845,0.001171875,0.0023226617
313.67,1399,335872,164,239,172.22412324,129.97836303710938,0.00019985279999999998,288.47045135498047,-0.8120482861995697,0.2,1630,-0.0020295848371461034,0.7809116840362549,0.003515625,0.0013207018
312.24,1399,337920,165,241,172.78260682000004,45.50773620605469,0.0001992384,120.06935691833496,-0.6887909874320031,0.2,1640,-0.00045769379939883945,0.7937554121017456,0.0,0.0015243104
316.56,1399,339968,166,242,177.85786314,72.26264190673828,0.00019862399999999997,120.76580429077148,-0.6289178654551506,0.2,1650,-0.0024250226095318796,0.8237491846084595,0.00390625,0.0043782364
328.45,1400,342016,167,244,177.71467969999995,30.138431549072266,0.00019800959999999995,64.40581045150756,-0.6076006457209587,0.2,1660,-0.0034890842740423977,0.8402674198150635,0.09560546875,0.012655271
330.15,1400,344064,168,245,178.57753083000003,23.748414993286133,0.0001973952,69.48410081863403,-0.7852649852633476,0.2,1670,-0.002995636680861935,0.8469762802124023,0.0271484375,0.005889087
332.55,1401,346112,169,246,176.08229426999998,70.72614288330078,0.0001967808,155.16059837341308,-0.8093660727143288,0.2,1680,-0.0016307075973600149,0.8353767395019531,0.0041015625,0.0022078855
324.62,1402,348160,170,248,177.32989984,118.75035858154297,0.00019616639999999998,214.41711807250977,-0.8191625475883484,0.2,1690,-0.0022677244036458434,0.7234536409378052,0.00625,0.0028863722
329.92,1402,350208,171,249,175.39414778999995,54.493709564208984,0.000195552,124.133953666687,-0.6880078196525574,0.2,1700,-0.0028922927333042024,0.8261377215385437,0.00869140625,0.003715209
331.29,1403,352256,172,251,175.46740751000002,80.07498168945312,0.00019493759999999997,145.05755996704102,-0.7431808978319168,0.2,1710,-0.0006460821372456848,0.8364116549491882,0.000634765625,0.0014948613
331.3,1404,354304,173,252,177.56864895,158.79977416992188,0.00019432319999999998,281.99478378295896,-0.7323970779776573,0.2,1720,-0.0016732935910113156,0.7386059165000916,0.007958984375,0.0039669527
326.57,1404,356352,174,253,178.67175086999995,48.79194641113281,0.00019370879999999998,126.47471828460694,-0.7115432158112526,0.2,1730,-0.004027165193110705,0.8416129946708679,0.03916015625,0.0088969655
339.11,1404,358400,175,255,173.47625002999996,90.9198989868164,0.0001930944,187.66344089508056,-0.6621815234422683,0.2,1740,-0.0006696061929687858,0.7338361740112305,4.8828125e-05,0.00203857
341.21,1405,360448,176,256,175.21510705999998,105.5006332397461,0.00019247999999999997,175.50924816131592,-0.8275771364569664,0.2,1750,-0.0006460661767050624,0.770391047000885,0.00185546875,0.0007636106
348.3,1406,362496,177,257,182.18794977999997,26.744462966918945,0.00019186559999999998,80.54049930572509,-0.687395153939724,0.2,1760,-0.0006031541968695819,0.8495243191719055,0.000244140625,0.0006602593
349.97,1406,364544,178,259,182.11557750000003,34.47040557861328,0.00019125120000000002,77.55214958190918,-0.712512981891632,0.2,1770,-0.0023976182681508364,0.8456377387046814,0.016259765625,0.004290846
352.59,1406,366592,179,260,189.04229734,17.110929489135742,0.0001906368,65.8738881111145,-0.7211958572268486,0.2,1780,-0.0047267761547118425,0.7542014718055725,0.0689453125,0.012265449
362.8,1406,368640,180,262,185.65893015999998,26.283382415771484,0.00019002239999999998,58.18109474182129,-0.7154667645692825,0.2,1790,-0.001764290570281446,0.8222446441650391,0.051904296875,0.008125678
361.85,1406,370688,181,263,188.93084534,59.950531005859375,0.00018940799999999996,154.01266899108887,-0.6450364723801613,0.2,1800,-0.0034670762019231916,0.7585794925689697,0.032177734375,0.0055144737
356.4,1407,372736,182,264,181.80892307,52.16718292236328,0.00018879359999999997,116.4555419921875,-0.6242091715335846,0.2,1810,-0.001223001122707501,0.8147895336151123,0.0091796875,0.0036733816
355.75,1407,374784,183,266,179.12397573,107.27527618408203,0.0001881792,274.67116050720216,-0.6808284610509873,0.2,1820,-0.0003311607870273292,0.7057696580886841,0.0,0.00042692485
347.28,1406,376832,184,267,178.29967359999998,37.01030349731445,0.00018756479999999998,116.5981092453003,-0.6236011639237404,0.2,1830,-0.0009768083225935697,0.8569995164871216,0.035205078125,0.008688161
354.16,1406,378880,185,269,174.33163201,69.75457000732422,0.00018695039999999996,114.9812198638916,-0.651407615840435,0.2,1840,-0.0019563165842555463,0.8410133123397827,0.079638671875,0.008127392
356.88,1406,380928,186,270,178.14856039999998,84.18212127685547,0.00018633599999999997,156.55632476806642,-0.6953225910663605,0.2,1850,-0.0011154575273394584,0.8333563804626465,0.018798828125,0.0062283706
353.8,1407,382976,187,272,178.65378432999998,151.01568603515625,0.0001857216,284.4476905822754,-0.6474141046404839,0.2,1860,-0.001351021375739947,0.7870139479637146,0.004736328125,0.0027366157
345.98,1408,385024,188,273,174.82261513,77.6022720336914,0.0001851072,209.02311630249022,-0.6536593466997147,0.2,1870,-0.0006840538117103279,0.8762379288673401,0.00263671875,0.0019078706
336.63,1409,387072,189,274,170.47785960999997,195.62847900390625,0.00018449279999999997,374.9902656555176,-0.6685703292489051,0.2,1880,-0.0011075278394855558,0.7579605579376221,9.765625e-05,0.001258179
323.06,1409,389120,190,275,163.90886798999998,70.4942398071289,0.00018387839999999995,181.69596920013427,-0.6415571138262749,0.2,1890,-0.0026656609028577805,0.8719807863235474,0.001904296875,0.003212532
321.27,1410,391168,191,277,169.21740208,115.68450164794922,0.00018326399999999999,304.2611545562744,-0.6604530230164528,0.2,1900,-0.0006208215607330203,0.8164354562759399,9.765625e-05,0.0005020872
315.83,1411,393216,192,278,166.56329901,88.002197265625,0.0001826496,197.4423854827881,-0.6345059141516686,0.2,1910,-0.0016771136550232768,0.8251619935035706,0.016162109375,0.0050881873
305.7,1411,395264,193,280,151.37655009,90.174072265625,0.00018203519999999997,193.2304883956909,-0.7017106041312218,0.2,1920,-0.0010138784185983241,0.7899594306945801,0.000732421875,0.00087321346
309.3,1411,397312,194,281,140.32605378,150.71412658691406,0.00018142079999999996,351.54294776916504,-0.679322361946106,0.2,1930,-0.0015760111273266375,0.7530063986778259,0.001904296875,0.0015921844
301.38,1412,399360,195,282,139.87842174000002,89.28190612792969,0.0001808064,242.01627655029296,-0.7604713648557663,0.2,1940,-0.0023959552636370063,0.8548983931541443,0.00205078125,0.002436276
302.34,1412,401408,196,284,144.29384951,76.0567398071289,0.000180192,227.74974327087403,-0.6677928239107132,0.2,1950,-0.00141670445445925,0.8487762808799744,0.000927734375,0.0014207589
294.58,1412,403456,197,285,141.68809097,60.58458709716797,0.00017957759999999998,119.24090175628662,-0.6708595067262649,0.2,1960,-0.0031526718172244727,0.9221464991569519,0.027880859375,0.004051814
284.34,1413,405504,198,286,144.36259952999998,60.86914825439453,0.00017896319999999996,167.92068824768066,-0.7248147264122963,0.2,1970,-0.0016260964097455145,0.8735766410827637,0.001416015625,0.0018974711
277.95,1413,407552,199,288,147.85058484,47.09504699707031,0.0001783488,89.71983890533447,-0.6403285264968872,0.2,1980,-0.0015512815327383578,0.8790639638900757,0.011474609375,0.002990581
271.28,1414,409600,200,289,146.89390894,137.37705993652344,0.00017773439999999998,332.8612808227539,-0.6595339715480805,0.2,1990,-0.0006801679264754057,0.8146271705627441,0.0,0.00049031945
276.39,1415,411648,201,290,151.7223779,75.45478820800781,0.00017711999999999998,156.5989423751831,-0.7359930068254471,0.2,2000,-0.0024630230385810138,0.8435302972793579,0.01318359375,0.0037068236
274.87,1415,413696,202,292,156.5101611,90.59599304199219,0.0001765056,220.64010925292968,-0.6358701288700104,0.2,2010,-0.0007221024134196341,0.7883710265159607,0.001953125,0.0012806221
288.62,1416,415744,203,293,154.01817212,122.80120849609375,0.00017589119999999997,186.3641695022583,-0.6540706738829613,0.2,2020,-0.0015150564489886166,0.7633999586105347,0.002587890625,0.0026950934
294.66,1417,417792,204,294,153.76267032,58.55523681640625,0.00017527679999999998,155.23834953308105,-0.6413354560732841,0.2,2030,-0.001428998477058485,0.8501883149147034,0.001025390625,0.0017418121
296.22,1417,419840,205,296,156.11219949999997,117.87110900878906,0.0001746624,248.13726959228515,-0.7647459417581558,0.2,2040,-0.001327763358131051,0.7909224033355713,0.00341796875,0.0022228975
294.95,1418,421888,206,297,148.74233989,61.15199661254883,0.000174048,145.09076290130616,-0.6931151017546654,0.2,2050,-0.001445453881751746,0.8950399160385132,0.002197265625,0.002195299
304.5,1419,423936,207,298,148.05463838000003,101.3122329711914,0.00017343359999999998,236.25287628173828,-0.6875552102923393,0.2,2060,-0.0019103116472251713,0.840545117855072,0.012939453125,0.0034665773
316.89,1420,425984,208,299,150.83085789,78.8718490600586,0.0001728192,155.64292755126954,-0.7115583270788193,0.2,2070,-0.0028236943937372415,0.9117031693458557,0.050048828125,0.005335805
306.35,1420,428032,209,301,160.04029212,95.41632843017578,0.00017220480000000002,236.6114559173584,-0.7031900122761726,0.2,2080,-0.0023430228233337403,0.8324942588806152,0.01142578125,0.0034273455
306.19,1421,430080,210,302,164.66915271000002,107.88359069824219,0.0001715904,288.23535232543946,-0.6819164857268334,0.2,2090,-0.0015330812020692974,0.8004786372184753,0.0052734375,0.0025716152
307.13,1422,432128,211,303,163.27241511,73.74433135986328,0.00017097599999999998,181.5673484802246,-0.6793181121349334,0.2,2100,-0.0018072621780447662,0.8503175973892212,0.009423828125,0.0031624932
311.46,1423,434176,212,305,171.39546212000002,50.163475036621094,0.00017036159999999996,151.22478523254395,-0.7106115162372589,0.2,2110,-0.001083140552509576,0.8986572623252869,0.00546875,0.0030124797
308.83,1423,436224,213,306,161.22368145,47.904876708984375,0.00016974719999999997,104.97718086242676,-0.620114178955555,0.2,2120,-0.0032090502441860735,0.8899025917053223,0.0236328125,0.0053696833
297.52,1423,438272,214,307,160.12535996,115.30979919433594,0.0001691328,242.82092933654786,-0.6300825282931328,0.2,2130,-0.0005611324100755155,0.822242259979248,4.8828125e-05,0.0018472055
304.1,1423,440320,215,309,161.80490780000002,139.9979248046875,0.0001685184,340.6960910797119,-0.5969347134232521,0.2,2140,-0.0015607254696078598,0.7243393659591675,0.00703125,0.0036641564
300.14,1423,442368,216,310,143.02919009000001,31.94338035583496,0.00016790399999999997,100.23013954162597,-0.5800069198012352,0.2,2150,-0.001058758154977113,0.8928108811378479,0.00263671875,0.0015529032
297.06,1423,444416,217,312,144.56768814,149.0244903564453,0.00016728959999999998,435.29676055908203,-0.5558873429894448,0.2,2160,-0.0021374930976890026,0.8251850605010986,0.00810546875,0.0020683575
285.68,1424,446464,218,313,138.50873113999998,209.35801696777344,0.0001666752,405.1428558349609,-0.5201265998184681,0.2,2170,-0.0015720676281489431,0.7848578095436096,0.00517578125,0.0017393077
277.68,1424,448512,219,314,142.50797843,169.03085327148438,0.0001660608,311.781644821167,-0.6800764948129654,0.2,2180,-0.004616675758734345,0.8271347284317017,0.038037109375,0.007317516
264.17,1424,450560,220,316,143.78724183,68.50586700439453,0.00016544639999999998,193.24912128448486,-0.6216895505785942,0.2,2190,-0.0011540985316969455,0.8568301200866699,9.765625e-05,0.0013038665
249.8,1425,452608,221,317,141.15188565999998,67.27652740478516,0.00016483199999999996,170.29355659484864,-0.6069509238004684,0.2,2200,-0.0018349499732721597,0.8336879014968872,0.00654296875,0.0027686357
242.49,1425,454656,222,318,134.86203895999998,121.938720703125,0.0001642176,286.36475410461424,-0.6391446307301522,0.2,2210,-0.0010071768192574382,0.8489232063293457,0.002392578125,0.0015595807
241.25,1426,456704,223,320,123.42864512,147.60594177246094,0.0001636032,326.9349620819092,-0.671381501853466,0.2,2220,-0.001542815286666155,0.8415409922599792,0.0015625,0.0018422772
238.86,1426,458752,224,321,120.36422591,170.1244354248047,0.00016298879999999998,320.7453365325928,-0.6409187763929367,0.2,2230,-0.0017299622180871666,0.8346537947654724,0.002783203125,0.002287427
241.3,1426,460800,225,323,127.30109384,53.1785888671875,0.00016237439999999996,134.34848861694337,-0.7187566086649895,0.2,2240,-0.003037785494234413,0.8930171132087708,0.025146484375,0.005607077
254.83,1426,462848,226,324,126.15483494,60.30039596557617,0.00016176,211.8173038482666,-0.6396324411034584,0.2,2250,-0.0009987400611862541,0.8475329279899597,0.0052734375,0.001839105
259.94,1427,464896,227,325,128.17089093,78.40382385253906,0.0001611456,194.47515354156494,-0.5508471712470054,0.2,2260,-0.0009332576766610146,0.8374987840652466,0.0013671875,0.0012438361
259.94,1427,466944,228,327,139.01842337000005,83.38111877441406,0.00016053119999999999,208.99038543701172,-0.7698721155524254,0.2,2270,-0.0032580560073256493,0.8755411505699158,0.0283203125,0.005406129
244.42,1428,468992,229,328,136.16979512999998,86.47026824951172,0.00015991679999999997,227.32962760925292,-0.7303935706615448,0.2,2280,-0.002199825958814472,0.8251311779022217,0.016943359375,0.0040688254
249.62,1428,471040,230,329,139.80497597,101.18685913085938,0.00015930239999999997,243.86102371215821,-0.6573986575007439,0.2,2290,-0.0007434271741658449,0.8908159732818604,0.002734375,0.0017472995
255.83,1428,473088,231,331,144.70218157000002,103.6150131225586,0.00015868799999999998,243.01675033569336,-0.7244177058339119,0.2,2300,-0.0026098203437868507,0.853880763053894,0.005224609375,0.002781017
265.3,1428,475136,232,332,145.31028706,70.65364837646484,0.0001580736,163.2862756729126,-0.6729711413383483,0.2,2310,-0.0019022600259631871,0.8599703311920166,0.02685546875,0.0040125744
267.68,1428,477184,233,334,142.72973862,52.85624694824219,0.0001574592,143.87901134490966,-0.725893834233284,0.2,2320,-0.0037165283458307384,0.8731709718704224,0.015087890625,0.0030135596
270.08,1428,479232,234,335,143.44116851,59.123680114746094,0.00015684479999999998,176.61780986785888,-0.5880654275417327,0.2,2330,-0.00169126593391411,0.8812168836593628,0.002099609375,0.0026997984
283.92,1428,481280,235,336,144.07398453,50.166748046875,0.0001562304,129.0821039199829,-0.6666628599166871,0.2,2340,-0.003368142852559686,0.9315268397331238,0.010791015625,0.0020769138
288.46,1428,483328,236,338,143.70693812,39.615997314453125,0.000155616,89.54635868072509,-0.7202050760388374,0.2,2350,-0.003242258063983172,0.9522590637207031,0.013525390625,0.0024717636
290.8,1428,485376,237,339,145.39284552,92.59434509277344,0.0001550016,251.4275680541992,-0.6688460767269134,0.2,2360,-0.0016293464810587465,0.8766732811927795,0.001953125,0.0011795968
296.02,1428,487424,238,341,145.90621265,75.104248046875,0.00015438719999999998,165.241353225708,-0.6498444184660912,0.2,2370,-0.004816458537243306,0.8627540469169617,0.02509765625,0.0044858456
292.53,1428,489472,239,342,144.51390447,101.10405731201172,0.00015377279999999997,197.99412956237794,-0.5976693809032441,0.2,2380,-0.0017673741036560386,0.8401350975036621,0.003076171875,0.0013425541
294.32,1428,491520,240,344,139.34920545,86.47156524658203,0.00015315839999999997,160.756032371521,-0.6727205812931061,0.2,2390,-0.003716751583851874,0.8900557160377502,0.02744140625,0.006872178
309.86,1428,493568,241,345,135.64779221999999,100.47074127197266,0.000152544,179.3894395828247,-0.6732224613428116,0.2,2400,-0.0007048543018754571,0.8246054649353027,4.8828125e-05,0.0016324657
303.73,1429,495616,242,346,136.61937362999998,59.50428009033203,0.0001519296,198.9876153945923,-0.6285939157009125,0.2,2410,-0.0031108105555176734,0.8951259255409241,0.01474609375,0.0032601524
297.67,1429,497664,243,348,136.0335049,179.71652221679688,0.00015131519999999997,348.7670673370361,-0.6731218516826629,0.2,2420,-0.003196137398481369,0.844662070274353,0.033056640625,0.0047261543
303.62,1430,499712,244,349,139.52658732999998,100.75936889648438,0.00015070079999999998,255.41722450256347,-0.5324725270271301,0.2,2430,-0.0015480271656997501,0.7874584794044495,0.003076171875,0.0020740149
307.84,1430,501760,245,350,142.34679464,128.8733673095703,0.00015008640000000001,258.19389152526855,-0.6755399078130722,0.2,2440,-0.0030918642994947733,0.8493313193321228,0.016357421875,0.004458263
309.17,1430,503808,246,352,146.86179811000002,59.77764892578125,0.000149472,117.28970947265626,-0.7350269570946694,0.2,2450,-0.003947755403351039,0.9243733882904053,0.017724609375,0.0031118088
295.85,1431,505856,247,353,140.2159118,54.61848068237305,0.00014885759999999998,114.8049856185913,-0.797884127497673,0.2,2460,-0.0032469228142872454,0.9123423099517822,0.030908203125,0.0047206124
297.17,1431,507904,248,354,145.87297195,158.09622192382812,0.00014824319999999998,247.01680488586425,-0.6531778827309609,0.2,2470,-0.003175676765386015,0.8827348351478577,0.0228515625,0.005038526
301.79,1432,509952,249,356,141.23471485,32.76619338989258,0.0001476288,77.1687331199646,-0.7594614014029503,0.2,2480,-0.0018582812859676777,0.9649698138237,0.020947265625,0.004377377
301.11,1431,512000,250,357,147.28674872,59.89693832397461,0.0001470144,131.23294734954834,-0.7637857660651207,0.2,2490,-0.0005243374966084957,0.9197625517845154,0.005419921875,0.004656151
317.93,1431,514048,251,359,143.10271790000002,23.744077682495117,0.00014639999999999998,66.4450966835022,-0.7827231168746949,0.2,2500,-0.002458968316204846,0.9746266007423401,0.03466796875,0.006249277
322.96,1431,516096,252,360,140.01571683,49.0257453918457,0.00014578560000000002,117.64819774627685,-0.7875702932476998,0.2,2510,-0.0021329754497855903,0.9572931528091431,0.024951171875,0.00412658
321.66,1431,518144,253,362,144.74723505,78.166748046875,0.0001451712,215.8171657562256,-0.6910544872283936,0.2,2520,-0.002791314310161397,0.8972578048706055,0.0314453125,0.004623788
328.39,1431,520192,254,363,143.1054204,70.10879516601562,0.00014455679999999998,107.48927640914917,-0.6482526287436485,0.2,2530,-0.0008795451780315488,0.9354037046432495,0.0189453125,0.0046032974
340.32,1431,522240,255,364,144.40075829,39.46192169189453,0.00014394239999999999,134.17412948608398,-0.7087632521986962,0.2,2540,-0.0006005559291224927,0.9086199998855591,0.000244140625,0.0019957242
329.1,1431,524288,256,366,149.79127873,133.0811004638672,0.00014332799999999997,355.74701766967775,-0.6642258539795876,0.2,2550,-0.002400401548948139,0.7698656320571899,0.002734375,0.002966701
321.82,1431,526336,257,367,149.38233228999997,91.22272491455078,0.0001427136,192.64917507171631,-0.6884410709142685,0.2,2560,-0.0024156966246664524,0.8480963706970215,0.021923828125,0.0058628777
324.66,1431,528384,258,369,154.20861329999997,52.86116027832031,0.00014209919999999998,105.27439880371094,-0.8062774032354355,0.2,2570,-0.0008429521694779396,0.9205207228660583,0.000537109375,0.0010895663
328.02,1431,530432,259,370,156.03982054999997,35.57095718383789,0.0001414848,72.78682518005371,-0.7678025290369987,0.2,2580,-0.001842897164169699,0.9446832537651062,0.029443359375,0.006721015
351.17,1431,532480,260,371,147.32560687999998,79.7500991821289,0.00014087039999999997,183.21268730163575,-0.7812887743115425,0.2,2590,-0.0015447194688022136,0.8558081388473511,0.02236328125,0.0019352436
361.64,1431,534528,261,373,144.30658873000002,62.294090270996094,0.000140256,133.30083904266357,-0.726082767546177,0.2,2600,-0.0033800136880017817,0.9122545123100281,0.01484375,0.004072324
369.52,1431,536576,262,374,145.63838926,54.58627700805664,0.0001396416,119.20525588989258,-0.6938486948609353,0.2,2610,-0.002915526693686843,0.9074317216873169,0.01865234375,0.0032492443
375.69,1431,538624,263,376,152.7280135,36.797733306884766,0.00013902719999999997,78.71157131195068,-0.6672982335090637,0.2,2620,-0.002723869145847857,0.9355255961418152,0.02939453125,0.0039006844
385.6,1431,540672,264,377,146.72520067000002,9.29923152923584,0.00013841279999999998,27.37952947616577,-0.6583243191242218,0.2,2630,-0.003549306746572256,0.9808378219604492,0.0423828125,0.004957418
391.73,1431,542720,265,379,142.75833466,79.13259887695312,0.00013779839999999998,195.59308013916015,-0.7519492357969284,0.2,2640,-0.0035046849807258695,0.8804882168769836,0.060595703125,0.021612678
398.54,1432,544768,266,380,142.08997427999998,52.5992317199707,0.000137184,206.58968544006348,-0.726487173140049,0.2,2650,-0.0002048910711891949,0.8629515767097473,0.0,0.00031554713
398.17,1432,546816,267,381,145.06315980000002,93.88966369628906,0.00013656959999999997,191.05134620666504,-0.6746448665857315,0.2,2660,-0.0023696933640167117,0.9220899343490601,0.01162109375,0.0040706135
404.14,1432,548864,268,383,141.99524520999998,10.747686386108398,0.0001359552,30.966390228271486,-0.8324924990534782,0.2,2670,-0.005318662337958813,0.9815875291824341,0.06201171875,0.0068925032
404.05,1432,550912,269,384,140.83352413999998,43.120933532714844,0.0001353408,85.77802658081055,-0.883027808368206,0.2,2680,-0.0007215198420453817,0.944351315498352,0.000732421875,0.0015960583
404.77,1430,552960,270,386,134.66244837000005,25.849454879760742,0.0001347264,78.00669775009155,-0.8862213984131813,0.2,2690,-0.0010656679427484051,0.9603008031845093,0.0181640625,0.0031410004
398.77,1430,555008,271,388,137.84425076000002,91.08490753173828,0.00013411199999999998,206.06809883117677,-0.7079904615879059,0.2,2700,-0.0008841276750899852,0.8636988997459412,0.000634765625,0.0022087449
398.71,1430,557056,272,389,137.68972030999998,99.3743896484375,0.00013349760000000001,188.03215732574463,-0.7132108211517334,0.2,2710,-0.0006366438348777593,0.8879285454750061,0.00048828125,0.00032178263
414.41,1429,559104,273,391,138.64080544,96.79940795898438,0.0001328832,199.873685836792,-0.6992927968502045,0.2,2720,-0.0019897252030204983,0.8748106956481934,0.001806640625,0.0026692767
408.44,1429,561152,274,392,142.44474212,64.26573181152344,0.00013226879999999998,109.48773460388183,-0.6945626437664032,0.2,2730,-0.0020197817822918294,0.9248406887054443,0.01064453125,0.00416548
406.21,1429,563200,275,393,141.93022835000002,82.19379425048828,0.00013165439999999998,117.00364084243775,-0.7982575222849846,0.2,2740,-0.003921891353093088,0.9364513158798218,0.017333984375,0.0037125405
411.76,1429,565248,276,395,136.00627186,119.67533111572266,0.00013103999999999997,282.9042453765869,-0.7282671362161637,0.2,2750,-0.0028308933251537383,0.8613426685333252,0.021044921875,0.005356129
405.53,1429,567296,277,396,141.25681256000001,90.76243591308594,0.0001304256,220.01364135742188,-0.6480385318398476,0.2,2760,-0.0007539630634710193,0.873237669467926,0.0,0.001585025
394.0,1428,569344,278,398,136.9010572,98.16153717041016,0.00012981119999999998,183.29908714294433,-0.6736732557415962,0.2,2770,-0.0008098295540548861,0.8790491819381714,0.00048828125,0.0011506696
378.13,1429,571392,279,399,142.94419862,187.9805908203125,0.0001291968,362.0284088134766,-0.5367315642535686,0.2,2780,-0.002914790605427697,0.794894278049469,0.006396484375,0.003354451
378.98,1429,573440,280,401,144.61871709,27.90132713317871,0.0001285824,73.15350227355957,-0.7580974936485291,0.2,2790,-0.0012429483816958965,0.9410874843597412,0.00810546875,0.0033716955
369.2,1429,575488,281,402,149.2548443,72.52351379394531,0.000127968,162.1226610183716,-0.6654003664851189,0.2,2800,-0.0008571516431402415,0.8957149386405945,0.001025390625,0.0013739172
359.29,1429,577536,282,404,147.76967272,74.00751495361328,0.00012735359999999999,179.95385074615479,-0.6732478126883507,0.2,2810,-0.00045720889465883374,0.8633520603179932,0.003759765625,0.0011789213
352.55,1429,579584,283,405,149.69591843,85.48592376708984,0.00012673919999999997,186.8901397705078,-0.6970140099525451,0.2,2820,-0.0013931048219092191,0.8621823787689209,0.000439453125,0.0020791558
359.97,1429,581632,284,406,152.29690319999997,46.024513244628906,0.0001261248,81.57841329574585,-0.6929616644978523,0.2,2830,-0.001355753152165562,0.9131543636322021,0.002978515625,0.003990766
372.19,1429,583680,285,408,149.42009233000002,49.725955963134766,0.00012551039999999998,122.18198070526122,-0.73537477850914,0.2,2840,-0.001971288595814258,0.9138387441635132,0.0103515625,0.0042014723
379.52,1429,585728,286,409,147.52880144,35.64043426513672,0.000124896,78.31856260299682,-0.7544870719313621,0.2,2850,-0.0030658906092867256,0.927154541015625,0.0828125,0.006953189
378.22,1428,587776,287,411,152.26494543999996,13.93001651763916,0.00012428159999999997,31.833938598632812,-0.8120099887251854,0.2,2860,-0.0019036737852729858,0.9668583273887634,0.0203125,0.0029403567
378.57,1428,589824,288,412,155.92139364999997,39.56829833984375,0.0001236672,89.5059681892395,-0.8321170687675477,0.2,2870,-0.002049975178670138,0.9348734021186829,0.025244140625,0.006129247
378.15,1427,591872,289,414,156.09892452000003,30.81451988220215,0.0001230528,94.54178590774536,-0.8435662180185318,0.2,2880,-0.002115922688972205,0.9210276007652283,0.005810546875,0.002743049
379.22,1425,593920,290,416,160.20515059000002,83.30802154541016,0.0001224384,167.62859592437744,-0.777708750963211,0.2,2890,-0.0002623493201099336,0.8919475078582764,0.000341796875,0.0011188595
378.3,1424,595968,291,418,156.28812259999998,73.81620788574219,0.00012182399999999999,117.50753412246704,-0.7652283102273941,0.2,2900,-0.0013165469572413713,0.9214516878128052,0.00986328125,0.0045232894
379.08,1423,598016,292,420,158.37528440999998,96.44664764404297,0.00012120959999999997,202.7313503265381,-0.7377787843346596,0.2,2910,-0.0006145306280814112,0.9151285886764526,0.001708984375,0.0010750216
376.15,1422,600064,293,421,156.68813657,33.295162200927734,0.0001205952,88.59462757110596,-0.745631818473339,0.2,2920,-0.0016413821140304208,0.944521427154541,0.0103515625,0.0042803567
377.3,1421,602112,294,423,164.44533800000002,33.870391845703125,0.00011998079999999997,121.0978380203247,-0.80482919216156,0.2,2930,-0.0017587892361916602,0.943056046962738,0.03720703125,0.005979197
373.05,1419,604160,295,425,166.78729123000005,64.63409423828125,0.0001193664,140.7524694442749,-0.7246864452958107,0.2,2940,-0.001142321468796581,0.9226850867271423,0.001904296875,0.0019542591
381.43,1418,606208,296,427,169.23317121000002,100.28335571289062,0.00011875199999999998,162.36062355041503,-0.6775794848799706,0.2,2950,-0.001390318089397624,0.8904879093170166,0.011474609375,0.0033522425
372.26,1417,608256,297,429,170.19359890999996,123.45862579345703,0.0001181376,258.0000202178955,-0.5783005088567734,0.2,2960,-0.00036016971571370957,0.7445178031921387,0.0,0.00048496443
368.57,1416,610304,298,430,166.19937232,55.27440643310547,0.00011752319999999998,125.08322963714599,-0.6419429689645767,0.2,2970,-0.0011658788891509176,0.878866970539093,0.003173828125,0.001930126
368.51,1415,612352,299,432,165.67312545000001,112.76811218261719,0.0001169088,258.73537521362306,-0.582381720840931,0.2,2980,-0.00038924477412365376,0.8029167652130127,0.0,0.00037134968
380.57,1414,614400,300,434,162.78108618,56.77774429321289,0.00011629439999999998,114.49565963745117,-0.6263321787118912,0.2,2990,-0.0017537237610667944,0.8962792754173279,0.025341796875,0.0064784284
396.5,1413,616448,301,436,168.60756355999993,21.22157859802246,0.00011568,65.45424041748046,-0.6067501157522202,0.2,3000,-0.001397819019621238,0.9568966627120972,0.019482421875,0.007496314
377.28,1412,618496,302,437,172.68616029999993,51.43224334716797,0.00011506559999999998,126.76901454925537,-0.6243160933256149,0.2,3010,-0.0038946409593336286,0.8833286762237549,0.023583984375,0.00537783
337.94,1412,620544,303,439,172.0108623,41.866249084472656,0.00011445119999999998,121.44310836791992,-0.65833300948143,0.2,3020,-0.0018555820570327342,0.8810417652130127,0.001708984375,0.0010787036
321.17,1411,622592,304,441,180.79600146,156.74749755859375,0.0001138368,413.1610527038574,-0.6304281651973724,0.2,3030,-0.0011286857479717582,0.8106662034988403,0.00029296875,0.0011028374
303.82,1411,624640,305,442,182.30432906000001,92.3162841796875,0.00011322239999999998,190.5455478668213,-0.5826148524880409,0.2,3040,-0.0018216317635960876,0.8510756492614746,0.006103515625,0.002490399
303.95,1410,626688,306,444,178.16334593,109.38790893554688,0.000112608,179.99470462799073,-0.6983563229441643,0.2,3050,-0.002214248722884804,0.8781598210334778,0.012841796875,0.004036314
289.24,1410,628736,307,445,182.04476789999998,101.19342803955078,0.00011199359999999998,261.81348686218263,-0.6188746571540833,0.2,3060,-0.0015314851538278163,0.83863365650177,0.000244140625,0.001534221
285.68,1409,630784,308,447,181.74725718,105.05573272705078,0.0001113792,195.8943172454834,-0.6238243952393532,0.2,3070,-0.002599060127977282,0.8956841230392456,0.017724609375,0.004015445
287.67,1408,632832,309,449,183.89352664999996,51.42267608642578,0.00011076479999999999,147.54647159576416,-0.7115981593728066,0.2,3080,-0.0007482004701159894,0.9099785685539246,0.000390625,0.0019353733
294.34,1408,634880,310,450,183.48513222999998,72.9171371459961,0.00011015040000000001,143.53819789886475,-0.6436186552047729,0.2,3090,-0.0005117321386933326,0.780880331993103,0.0,0.0024559458
304.09,1408,636928,311,452,183.2592626,60.17243576049805,0.00010953599999999999,111.60795936584472,-0.54934161901474,0.2,3100,-0.0008911529090255499,0.8999003767967224,0.000146484375,0.00153661
310.93,1407,638976,312,453,182.94473186000002,51.241668701171875,0.00010892159999999997,120.72117824554444,-0.6493348240852356,0.2,3110,-0.0015535710786934941,0.9154394865036011,0.010302734375,0.0039778715
307.05,1407,641024,313,455,182.05200789,59.971527099609375,0.00010830719999999999,145.3440896987915,-0.6571332186460495,0.2,3120,-0.0018594139022752643,0.9050060510635376,0.00341796875,0.0024997683
306.83,1406,643072,314,457,184.95611923,145.42727661132812,0.00010769279999999997,317.38503952026366,-0.615042345225811,0.2,3130,-0.0012899508932605387,0.8577977418899536,0.009912109375,0.0021929415
297.59,1406,645120,315,458,187.39238673999998,64.52311706542969,0.0001070784,106.21227788925171,-0.630311481654644,0.2,3140,-0.0014676709659397602,0.8562875986099243,0.028125,0.0053830836
292.92,1405,647168,316,460,181.17277638,39.39140319824219,0.00010646399999999999,93.3877161026001,-0.5850169360637665,0.2,3150,-0.0034828959498554466,0.8965352773666382,0.118017578125,0.009669793
310.44,1405,649216,317,461,177.99711761000003,43.77085494995117,0.0001058496,102.00955753326416,-0.6332055360078812,0.2,3160,-0.0012376200291328132,0.9329062700271606,0.0080078125,0.002235917
309.76,1405,651264,318,463,183.11198587,63.33353805541992,0.00010523519999999999,129.8620162963867,-0.6162590757012367,0.2,3170,-0.0006817789748311043,0.893829345703125,0.0,0.0008289454
312.76,1405,653312,319,464,186.94644309000003,61.11289596557617,0.0001046208,131.08803272247314,-0.66195118278265,0.2,3180,-0.0035627146949991583,0.9045189619064331,0.011474609375,0.0029376089
314.41,1405,655360,320,466,188.58818663999998,24.506732940673828,0.0001040064,72.6882607460022,-0.7344773054122925,0.2,3190,-0.001432083430700004,0.9562969207763672,0.010546875,0.0038834303
324.27,1404,657408,321,467,186.35281092000005,22.48108673095703,0.00010339199999999998,52.24494228363037,-0.6928314119577408,0.2,3200,-0.0017593853641301393,0.9610363841056824,0.010888671875,0.0038359542
328.79,1404,659456,322,469,187.94771688999998,48.54866409301758,0.0001027776,129.68131561279296,-0.5709635630249977,0.2,3210,-0.001309783279430121,0.9083811044692993,0.003759765625,0.0023585293
332.54,1404,661504,323,470,183.98345186999998,104.32836151123047,0.00010216319999999998,247.76990966796876,-0.671645064651966,0.2,3220,-0.0005232876748777926,0.8716180324554443,0.0,0.00045344958
334.88,1404,663552,324,472,178.85221273,91.913330078125,0.0001015488,198.70379066467285,-0.6055564001202584,0.2,3230,-0.0005674931453540921,0.8895185589790344,0.0,0.0006968972
339.44,1403,665600,325,474,181.95467607999996,66.52302551269531,0.00010093439999999998,142.66560916900636,-0.7021907329559326,0.2,3240,-0.0015069952351041138,0.9354244470596313,0.0029296875,0.002669469
335.21,1402,667648,326,475,184.71245804999998,36.390106201171875,0.00010032,85.8209433555603,-0.6183754146099091,0.2,3250,-0.004136607167311013,0.9528549909591675,0.04423828125,0.0067655863
339.02,1402,669696,327,477,182.99196156000002,60.24825668334961,9.970559999999998e-05,125.85516967773438,-0.6073542013764381,0.2,3260,-0.0008222855976782739,0.9075593948364258,0.0013671875,0.0016098184
338.05,1401,671744,328,479,180.58286498,15.198512077331543,9.90912e-05,41.14749622344971,-0.6388447880744934,0.2,3270,-0.002687425946351141,0.9479725360870361,0.0509765625,0.010963052
343.08,1400,673792,329,481,180.61177173,50.21046829223633,9.847679999999999e-05,111.92509326934814,-0.664305853843689,0.2,3280,-0.003026944992598146,0.940662682056427,0.05537109375,0.009500964
352.95,1399,675840,330,482,182.29604319999999,59.22240447998047,9.786240000000001e-05,155.5420331954956,-0.6068869143724441,0.2,3290,-0.0006064794084522873,0.8270044326782227,0.0,0.0013531183
357.78,1399,677888,331,484,181.04346378999998,50.92447280883789,9.724799999999999e-05,113.12522621154785,-0.7724631279706955,0.2,3300,-0.000858177850022912,0.9271376132965088,0.00107421875,0.002228218
361.25,1398,679936,332,486,175.96348834999998,97.44762420654297,9.663359999999998e-05,200.58674545288085,-0.7674615651369094,0.2,3310,-0.0005033711204305291,0.877018928527832,0.0,0.00029567513
352.92,1398,681984,333,487,180.40919167,106.30501556396484,9.601919999999999e-05,241.74207458496093,-0.6803532153367996,0.2,3320,-0.001203925645677373,0.8332319855690002,0.003125,0.0015052371
352.16,1397,684032,334,489,174.35573977,68.15599060058594,9.540479999999998e-05,147.23737831115722,-0.6715159431099892,0.2,3330,-0.0008267207304015756,0.8707284927368164,0.000146484375,0.0014269926
346.0,1397,686080,335,490,176.16524665,71.00318145751953,9.47904e-05,131.26835231781007,-0.7164514094591141,0.2,3340,-0.00412197127006948,0.9035324454307556,0.08935546875,0.0141709065
359.88,1397,688128,336,492,169.40870929000005,60.06227493286133,9.417599999999999e-05,87.20294904708862,-0.7495680242776871,0.2,3350,-0.0009787611779756844,0.9403716325759888,0.0048828125,0.004447496
370.1,1397,690176,337,493,170.14422362000002,70.3028564453125,9.356160000000001e-05,173.73171195983886,-0.6534559577703476,0.2,3360,-0.00016687173047102988,0.8773595690727234,0.0,0.00016159026
383.06,1396,692224,338,495,161.81857224,36.01018142700195,9.294719999999999e-05,89.45902795791626,-0.7705058217048645,0.2,3370,-0.00046591381542384627,0.9149479866027832,4.8828125e-05,0.0011430441
386.59,1396,694272,339,497,152.92547036999997,86.53333282470703,9.233280000000001e-05,170.0721279144287,-0.7692517668008805,0.2,3380,-0.0004940841696225107,0.8794246912002563,4.8828125e-05,0.0012023691
385.18,1395,696320,340,498,153.53540389000003,178.55792236328125,9.171839999999999e-05,260.23922004699705,-0.7552001774311066,0.2,3390,-0.0006728086445946246,0.861790657043457,0.0,0.0010077753
383.39,1395,698368,341,500,157.51536667,84.49950408935547,9.110399999999997e-05,135.17641315460205,-0.5783677220344543,0.2,3400,-0.0005875322036445141,0.8905877470970154,4.8828125e-05,0.00051026477
396.49,1394,700416,342,502,161.82555147000002,41.68288040161133,9.04896e-05,77.855885887146,-0.6916826799511909,0.2,3410,-0.0020566188264638185,0.942661464214325,0.010888671875,0.003787046
398.53,1393,702464,343,504,165.61459780999996,59.12070083618164,8.987519999999998e-05,105.99841594696045,-0.5793105632066726,0.2,3420,-0.0032059957622550426,0.9303077459335327,0.0224609375,0.004389679
399.57,1393,704512,344,505,161.91180408999998,87.41192626953125,8.92608e-05,222.45049514770508,-0.6922724023461342,0.2,3430,-0.0003702461952343583,0.8601808547973633,0.0,0.00024024214
395.64,1393,706560,345,506,156.74116467,89.27466583251953,8.864639999999998e-05,136.57424373626708,-0.745217365026474,0.2,3440,-0.0010957400605548172,0.8855291604995728,0.005517578125,0.0035910227
380.18,1394,708608,346,508,160.80806808,75.37593078613281,8.8032e-05,167.61198463439942,-0.6594054341316223,0.2,3450,-0.001285569171886891,0.8805529475212097,0.000732421875,0.00036741354
376.08,1394,710656,347,509,163.93009403,78.37570190429688,8.741759999999998e-05,194.3466999053955,-0.6308448776602745,0.2,3460,-0.0010960007668472827,0.8572327494621277,0.000341796875,0.0030299816
366.0,1394,712704,348,510,168.8623645,79.2286376953125,8.68032e-05,172.93313884735107,-0.6502921566367149,0.2,3470,-0.0011511966935358942,0.8512248992919922,0.000341796875,0.0022801342
355.1,1395,714752,349,512,173.60688726000004,111.196044921875,8.61888e-05,210.23146934509276,-0.7167187839746475,0.2,3480,-0.0005450294935144484,0.8581277132034302,0.0,0.0004333513
356.36,1395,716800,350,513,173.44393348000003,41.466346740722656,8.557439999999998e-05,112.98185749053955,-0.6699368014931679,0.2,3490,-0.000649990199599415,0.9123913049697876,0.0,0.00097861
356.81,1396,718848,351,514,179.31636569,57.18427276611328,8.496e-05,150.96517066955568,-0.7122663542628288,0.2,3500,-0.0009075046866200865,0.8730719089508057,0.0,0.0006096484
353.05,1396,720896,352,516,183.2909901,22.794260025024414,8.434559999999998e-05,46.22018632888794,-0.6627835392951965,0.2,3510,-0.0019749188679270445,0.9451826810836792,0.00830078125,0.0023672772
348.97,1396,722944,353,517,185.6932542,33.50334930419922,8.37312e-05,82.68179244995117,-0.6332177892327309,0.2,3520,-0.0016419243183918297,0.8909849524497986,0.0033203125,0.0030794288
340.34,1397,724992,354,518,191.08248676000002,60.36176300048828,8.311679999999998e-05,143.4574348449707,-0.6579472899436951,0.2,3530,-0.0009722101618535817,0.8848955631256104,0.000244140625,0.00031883997
324.72,1397,727040,355,520,197.57322546,40.719139099121094,8.25024e-05,103.52286586761474,-0.6623088210821152,0.2,3540,-0.0005972187849693,0.943527340888977,0.0,0.00079037086
330.96,1398,729088,356,521,199.79207648,161.3618621826172,8.188799999999999e-05,249.44286460876464,-0.6497426107525826,0.2,3550,-0.0005575175862759351,0.8314134478569031,0.0,0.00066007965
330.07,1398,731136,357,522,201.71482373999999,54.141300201416016,8.127360000000001e-05,116.86289901733399,-0.646543025970459,0.2,3560,-0.0006567510892637074,0.8893365263938904,0.0,0.0010421833
329.0,1399,733184,358,523,195.04117015999998,39.4026985168457,8.065919999999999e-05,88.14291744232177,-0.5966209724545479,0.2,3570,-0.0015111775253899395,0.9383766651153564,0.002587890625,0.0010254956
320.1,1399,735232,359,525,195.70917973,112.76531982421875,8.004480000000001e-05,237.80641899108886,-0.6765530437231064,0.2,3580,-0.0002227844262961298,0.8107634782791138,0.0,0.00064115535
313.75,1399,737280,360,526,200.04825969,108.0589370727539,7.943039999999999e-05,221.11419525146485,-0.6383741870522499,0.2,3590,-0.000753786345012486,0.8691350221633911,0.000439453125,0.00049026136
313.72,1400,739328,361,528,198.44143765999996,100.15686798095703,7.881599999999999e-05,219.92096786499025,-0.6956908807158471,0.2,3600,-0.0005329601699486375,0.8317374587059021,0.0,0.00033763077
311.09,1400,741376,362,529,198.54816054000003,77.76847076416016,7.82016e-05,174.2454179763794,-0.6386385753750801,0.2,3610,-0.0014955832157284021,0.8747572302818298,0.00546875,0.003770534
314.9,1400,743424,363,530,197.59484359,15.894644737243652,7.758719999999999e-05,45.41027965545654,-0.639826837182045,0.2,3620,-0.002236970968078822,0.9533650279045105,0.04296875,0.007734995
324.2,1401,745472,364,531,199.02442055000003,56.68143844604492,7.69728e-05,153.72757568359376,-0.6558487728238106,0.2,3630,-0.0021908745460677893,0.9012507796287537,0.00244140625,0.0017484089
322.41,1401,747520,365,533,191.64707824,66.49222564697266,7.635839999999999e-05,162.66743049621581,-0.6708199694752693,0.2,3640,-0.0005694801337085664,0.867888331413269,0.0017578125,0.0011383335
320.36,1402,749568,366,534,191.94764272,172.98532104492188,7.5744e-05,329.7794246673584,-0.6319877058267593,0.2,3650,-0.00033191974798683075,0.8160346746444702,0.0,0.00035605347
323.85,1402,751616,367,535,190.64142501999999,104.4000015258789,7.512959999999999e-05,281.71319618225095,-0.6756264492869377,0.2,3660,-0.0002549208817072213,0.7348746061325073,0.0,0.00017943204
301.13,1403,753664,368,537,186.49879671999994,64.03650665283203,7.451520000000001e-05,147.98054885864258,-0.5963607996702194,0.2,3670,-0.0022470127674750983,0.8717878460884094,0.004150390625,0.0022326931
311.36,1403,755712,369,538,175.42498740000002,78.85979461669922,7.39008e-05,237.88643836975098,-0.6247104033827782,0.2,3680,-0.0007364625111222267,0.835115909576416,0.0,0.000719588
306.72,1404,757760,370,539,177.72226731999996,150.79409790039062,7.328639999999998e-05,305.59315338134763,-0.6657828524708748,0.2,3690,-0.0005501557432580739,0.858754575252533,0.0,0.00045261177
308.36,1404,759808,371,540,175.43938913000002,115.02809143066406,7.2672e-05,203.2764045715332,-0.620760440826416,0.2,3700,-0.0007016052928520367,0.8796893954277039,0.0,0.00050106767
309.19,1405,761856,372,542,170.89054095,53.29231643676758,7.205759999999998e-05,122.22621936798096,-0.6662450358271599,0.2,3710,-0.0027120533282868563,0.9295191764831543,0.01708984375,0.0030822188
298.05,1405,763904,373,543,179.54000352000003,148.604736328125,7.14432e-05,318.40380439758303,-0.6238752558827401,0.2,3720,-0.0005942389252595603,0.8410751819610596,0.0,0.00045375212
295.67,1406,765952,374,544,176.32969309000003,37.018497467041016,7.082879999999998e-05,81.74155330657959,-0.6191141366958618,0.2,3730,-0.0006965443841181696,0.9306990504264832,0.000146484375,0.00045893347
296.97,1406,768000,375,545,172.52940929,143.81471252441406,7.02144e-05,310.69809379577634,-0.713100665807724,0.2,3740,-9.51801659539342e-05,0.8282566666603088,0.0,0.00010111279
304.23,1407,770048,376,547,175.25548303,130.11021423339844,6.959999999999998e-05,290.39049377441404,-0.5459382966160774,0.2,3750,-0.0009657298563979566,0.8018934726715088,0.0,0.0005772328
283.12,1407,772096,377,548,170.34559072,75.09211730957031,6.89856e-05,154.78107471466063,-0.689202930033207,0.2,3760,-0.0009228845767211169,0.892422616481781,0.000146484375,0.0006603957
283.7,1407,774144,378,549,169.48676246,110.4336166381836,6.837119999999999e-05,263.01595306396484,-0.6852456599473953,0.2,3770,-0.00042851781472563744,0.846340537071228,0.0,0.00031643605
281.81,1408,776192,379,551,169.21236246,64.39690399169922,6.775679999999998e-05,166.79908237457275,-0.6304081797599792,0.2,3780,-0.0008591450634412468,0.8586755990982056,0.000146484375,0.0019235852
300.43,1408,778240,380,552,172.58244053999996,37.079280853271484,6.71424e-05,108.96499118804931,-0.6286619484424592,0.2,3790,-0.00144945508800447,0.9181352257728577,0.04365234375,0.010112399
302.91,1408,780288,381,554,168.69224567,39.49230194091797,6.652799999999998e-05,82.79253044128419,-0.6003156900405884,0.2,3800,-0.0020734216028358786,0.9459256529808044,0.006982421875,0.0020471874
305.89,1408,782336,382,555,163.55005133999998,54.168128967285156,6.59136e-05,157.84784240722655,-0.5715555682778358,0.2,3810,-0.00046735376818105576,0.9139255285263062,0.0,0.0002975117
309.59,1409,784384,383,556,165.53650628000003,76.74224853515625,6.529919999999999e-05,192.79140911102294,-0.752276499569416,0.2,3820,-0.004075901745818555,0.9020342230796814,0.009423828125,0.004616085
319.76,1409,786432,384,557,170.88240211000002,42.35780715942383,6.468480000000001e-05,82.3760220527649,-0.6154698565602302,0.2,3830,-0.0012820098374504596,0.9421859383583069,0.002783203125,0.0026719526
318.86,1409,788480,385,559,177.22926608,61.60356521606445,6.407039999999999e-05,139.6468137741089,-0.5984663546085358,0.2,3840,-0.003117179521359503,0.8836429715156555,0.01533203125,0.0039260862
314.85,1410,790528,386,560,183.23309861,24.59779167175293,6.345600000000001e-05,66.88050441741943,-0.6672053039073944,0.2,3850,-0.0003133618272840977,0.9433729648590088,0.0,0.00031281656
321.11,1410,792576,387,561,185.78906319,50.701988220214844,6.284159999999999e-05,137.39823951721192,-0.6124232098460197,0.2,3860,-0.0005174522520974278,0.8755213022232056,0.0,0.0002818071
314.06,1410,794624,388,563,186.66894804000003,61.563411712646484,6.222720000000001e-05,129.15264472961425,-0.6417160987854004,0.2,3870,-0.0011260341707384214,0.9048314094543457,0.006298828125,0.0014259033
322.5,1411,796672,389,564,182.9184014,40.03014373779297,6.16128e-05,115.38898401260376,-0.6793851107358932,0.2,3880,-0.0015564633067697287,0.924919605255127,0.0060546875,0.0024778834
326.29,1411,798720,390,565,184.71468441999997,64.81366729736328,6.099839999999998e-05,127.6561471939087,-0.6557350724935531,0.2,3890,-0.000837670755572617,0.9034329652786255,0.001806640625,0.0018871542
335.37,1411,800768,391,567,185.89047809,179.20785522460938,6.0383999999999996e-05,324.45446624755857,-0.7268281400203704,0.2,3900,-0.000149742909707129,0.8131507635116577,0.0,0.00012647227
328.6,1412,802816,392,568,183.35090228,56.73385238647461,5.9769599999999984e-05,148.09578800201416,-0.7562144830822944,0.2,3910,-0.001459306594915688,0.9043104648590088,0.005517578125,0.0036068372
330.9,1412,804864,393,569,183.50140170999998,66.15721130371094,5.9155200000000006e-05,143.9971113204956,-0.5949690446257592,0.2,3920,-0.0003344078199006617,0.8748102784156799,0.0,0.00042390986
334.48,1412,806912,394,571,182.16960325999997,37.29520797729492,5.854079999999999e-05,118.80898189544678,-0.5955342218279839,0.2,3930,-0.0012590900529175996,0.9107561707496643,0.00078125,0.0015691991
340.96,1412,808960,395,572,179.50579596,105.12733459472656,5.792640000000001e-05,203.82108955383302,-0.5883346155285836,0.2,3940,-0.0023985335370525717,0.8805826902389526,0.061376953125,0.009195788
334.13,1413,811008,396,573,174.97204334999998,95.4286117553711,5.731199999999999e-05,216.0840534210205,-0.6640229165554047,0.2,3950,-0.0003309373278170824,0.8571255803108215,0.0,0.00024319583
316.63,1413,813056,397,575,178.00539408,157.63108825683594,5.669760000000001e-05,325.91328659057615,-0.7037226602435112,0.2,3960,-0.001466841751243919,0.8643608093261719,0.0,0.00083834695
318.44,1413,815104,398,576,182.91516384,189.69598388671875,5.608319999999999e-05,348.9767292022705,-0.5656211405992508,0.2,3970,-0.0007261361228302121,0.8149064183235168,0.0,0.00045199468
308.61,1414,817152,399,577,178.82877679,101.93525695800781,5.546879999999998e-05,212.49187393188475,-0.6342577770352363,0.2,3980,-0.0006695229210890829,0.8765738010406494,0.0,0.0006036246
299.98,1414,819200,400,579,176.88912918999998,162.30421447753906,5.48544e-05,404.7770721435547,-0.5290842778980732,0.2,3990,-0.0005805438733659685,0.7529288530349731,0.0,0.00028725772
301.63,1415,821248,401,580,176.06360155,115.65257263183594,5.423999999999998e-05,230.1639259338379,-0.6209082260727883,0.2,4000,-0.00017993919318541883,0.8518134951591492,0.0,0.00015660038
295.06,1415,823296,402,581,170.80248107000003,59.72930908203125,5.3625600000000004e-05,132.64613018035888,-0.6089436501264572,0.2,4010,-0.0013477539410814642,0.9093550443649292,0.00263671875,0.0023123324
293.0,1416,825344,403,582,168.28050451,104.74272155761719,5.3011199999999985e-05,228.47947959899903,-0.5658208712935447,0.2,4020,-0.0003578823758289218,0.8447974920272827,0.0,0.0003616251
302.38,1416,827392,404,584,166.88633128999993,98.7744140625,5.2396800000000006e-05,163.70613555908204,-0.610244582593441,0.2,4030,-0.00033010042971000076,0.8963264226913452,0.0,0.00025252908
293.1,1416,829440,405,585,164.85498628000002,111.23779296875,5.178239999999999e-05,268.48922271728514,-0.5719659641385079,0.2,4040,-0.0006032407167367637,0.8561815619468689,0.0,0.0002679749
283.78,1416,831488,406,586,168.17667073,143.0038299560547,5.116800000000001e-05,321.03129386901855,-0.5565024837851524,0.2,4050,-0.00015597307356074452,0.7949602603912354,0.0,3.897687e-05
294.33,1416,833536,407,588,163.56194639,84.1182861328125,5.0553599999999997e-05,166.10477714538575,-0.5637102261185646,0.2,4060,-0.0001081839669495821,0.8405702710151672,0.0,2.7741335e-05
305.01,1417,835584,408,589,163.02202566,87.68962097167969,4.993919999999998e-05,220.96230812072753,-0.6194905996322632,0.2,4070,-0.0011904194252565503,0.8796252608299255,0.0,0.0011088734
287.82,1417,837632,409,590,169.83277655,80.24018859863281,4.93248e-05,123.58724613189698,-0.5844178974628449,0.2,4080,-0.0010168524051550776,0.9214379191398621,0.0,0.0006846601
285.06,1417,839680,410,592,170.93545918000004,102.36257934570312,4.871039999999998e-05,224.39646949768067,-0.6461592257022858,0.2,4090,-0.00034979849588125946,0.8446158170700073,0.0,0.00027230888
293.88,1418,841728,411,593,173.94690547,70.36522674560547,4.8096e-05,142.96782569885255,-0.631266325712204,0.2,4100,-0.0005891410168260336,0.8825753927230835,0.0,0.00024081118
309.21,1418,843776,412,594,175.10252926,45.038509368896484,4.748159999999999e-05,99.17799005508422,-0.6743243396282196,0.2,4110,-0.0009802402462810278,0.8612290024757385,0.0,0.00057705946
314.72,1418,845824,413,596,177.65901349,53.86176300048828,4.6867200000000004e-05,83.41449089050293,-0.6593874573707581,0.2,4120,-0.000510245084296912,0.910234808921814,0.0,0.0011038319
311.06,1419,847872,414,597,181.36305180999997,40.51066970825195,4.625279999999999e-05,75.98980121612549,-0.6051715329289437,0.2,4130,-0.0012573254993185402,0.912481427192688,0.00439453125,0.0019639302
320.11,1419,849920,415,598,184.96506154000002,63.619571685791016,4.563840000000001e-05,105.96479587554931,-0.6397670611739159,0.2,4140,-0.0011612496804445983,0.9332754015922546,9.765625e-05,0.0009900592
325.3,1419,851968,416,600,181.7989132,69.8929214477539,4.5023999999999994e-05,122.98623065948486,-0.6717252716422081,0.2,4150,-0.0008020529872737825,0.9174724817276001,0.0,0.0006591727
324.32,1419,854016,417,601,175.22173967999996,43.63059997558594,4.440960000000001e-05,89.0086350440979,-0.7235049873590469,0.2,4160,-0.0004923928761854767,0.9095702171325684,4.8828125e-05,0.0004453812
326.33,1419,856064,418,602,182.71751121,167.0269775390625,4.37952e-05,300.52067909240725,-0.6359532341361046,0.2,4170,-0.00012975792633369566,0.8567725419998169,0.0,3.272979e-05
332.16,1420,858112,419,604,187.12851229999995,34.692779541015625,4.3180799999999985e-05,90.43110904693603,-0.6653723314404487,0.2,4180,-0.0010107605019584298,0.9387809038162231,0.0,0.0006885935
325.33,1420,860160,420,605,195.83139661000004,78.32764434814453,4.25664e-05,177.17992401123047,-0.6333817407488823,0.2,4190,-0.0008099914295598865,0.8828591704368591,0.000146484375,0.0006665729
309.89,1420,862208,421,606,203.76635133999997,102.28636169433594,4.195199999999999e-05,184.55769805908204,-0.6472541138529777,0.2,4200,-0.0007795511686708778,0.8722654581069946,0.000244140625,0.00048148338
316.34,1421,864256,422,608,210.70182488999998,23.780519485473633,4.13376e-05,60.23913726806641,-0.6426233500242233,0.2,4210,-0.00035501501406542957,0.9538251757621765,0.0,0.0003705673
312.22,1421,866304,423,609,213.81683470000004,35.770999908447266,4.072319999999999e-05,94.38729619979858,-0.6513123974204064,0.2,4220,-0.0010685470246244223,0.9228741526603699,0.0005859375,0.0010264922
306.55,1421,868352,424,610,214.01979912,42.11406707763672,4.0108800000000005e-05,88.64468593597412,-0.6106586933135987,0.2,4230,-0.0005210092756897211,0.9119842052459717,0.0,0.0005217539
320.88,1421,870400,425,612,219.55733472999998,42.280479431152344,3.949439999999999e-05,90.3422752380371,-0.5626405417919159,0.2,4240,-0.0004547327815089375,0.8747878074645996,0.0,0.00040171776
302.69,1422,872448,426,613,217.302057,48.05507278442383,3.8880000000000014e-05,88.9566635131836,-0.4802311614155769,0.2,4250,-0.00023378285113722085,0.9182708263397217,0.0,7.991065e-05
295.19,1422,874496,427,614,215.41721783000006,138.53529357910156,3.8265599999999995e-05,266.52702140808105,-0.5982542306184768,0.2,4260,-0.0009912465990055352,0.8328741788864136,0.0,0.00033587852
295.91,1422,876544,428,616,212.86595504000002,62.44611358642578,3.765119999999998e-05,122.14475498199462,-0.6994369000196456,0.2,4270,-0.0010491492575965822,0.9124829173088074,0.0,0.0005980534
297.75,1422,878592,429,617,208.08701763000002,122.79802703857422,3.70368e-05,184.41045570373535,-0.6779174759984017,0.2,4280,-0.00013148279394954444,0.8588996529579163,0.0,0.00023269787
297.08,1423,880640,430,618,209.09694976999998,93.54167938232422,3.6422399999999985e-05,153.58480911254884,-0.7172784760594368,0.2,4290,-0.0003822375787422061,0.8763929605484009,0.0,0.00029592874
300.42,1423,882688,431,620,210.63847435,61.92216873168945,3.5808e-05,114.85557918548584,-0.678060831129551,0.2,4300,-0.0007569904497358948,0.9048353433609009,0.0,0.00031698425
304.1,1423,884736,432,621,206.93715376000003,16.189292907714844,3.519359999999999e-05,32.9626485824585,-0.661926107108593,0.2,4310,-0.0007688500452786684,0.9723507761955261,0.0091796875,0.004061015
322.89,1423,886784,433,622,215.06115041000004,27.285364151000977,3.457920000000001e-05,69.66079473495483,-0.6312516123056412,0.2,4320,-0.0011320878809783607,0.9374324679374695,0.0,0.0014952107
323.98,1424,888832,434,624,215.07011401,32.83092498779297,3.396479999999999e-05,53.53055591583252,-0.6319431319832802,0.2,4330,-0.0013855596305802464,0.954345166683197,0.00048828125,0.0017272019
322.98,1424,890880,435,625,210.87331848999997,94.03551483154297,3.335040000000001e-05,179.60343399047852,-0.5910373643040657,0.2,4340,-0.0006970668211579323,0.8827640414237976,0.0,0.00053698244
324.27,1424,892928,436,626,209.86942055,102.53878021240234,3.273599999999999e-05,157.5648042678833,-0.7135298043489456,0.2,4350,-0.00021589022944681346,0.9036555886268616,0.0,0.00015034218
326.93,1425,894976,437,627,204.67498425999997,56.63398742675781,3.212159999999998e-05,181.41283321380615,-0.7190510898828506,0.2,4360,-0.0007780271931551397,0.8951069116592407,0.0,0.00061514706
331.86,1425,897024,438,629,198.75030643000002,82.54329681396484,3.15072e-05,205.18100547790527,-0.5881749108433724,0.2,4370,-0.00125605296343565,0.8823323249816895,0.0,0.0007343283
323.55,1425,899072,439,630,194.87290504000003,125.6026840209961,3.089279999999998e-05,246.55013580322264,-0.6775463044643402,0.2,4380,-0.000180658046156168,0.8450294733047485,0.0,7.051558e-05
323.71,1425,901120,440,631,193.02703706999998,99.07071685791016,3.02784e-05,192.04540481567383,-0.562937481701374,0.2,4390,-0.0008990421192720532,0.9087916016578674,0.0,0.0005871954
330.99,1426,903168,441,633,191.78118796,62.696834564208984,2.966399999999999e-05,113.56798133850097,-0.6499814882874488,0.2,4400,-0.00021806516451761127,0.9230978488922119,0.0,0.00016785119
333.01,1426,905216,442,634,191.55949141999997,23.976181030273438,2.9049600000000007e-05,46.136375999450685,-0.6409718543291092,0.2,4410,-0.0005297787138260901,0.949808657169342,0.0,0.00034562094
329.51,1426,907264,443,635,194.98178414999995,31.059066772460938,2.843519999999999e-05,83.59729070663452,-0.6407912209630012,0.2,4420,-0.0003931664046831429,0.9280627965927124,0.0,0.0006119227
348.89,1427,909312,444,637,200.72266611999999,23.222915649414062,2.782080000000001e-05,48.98645286560058,-0.6122886225581169,0.2,4430,-0.0018436696031130851,0.9377226829528809,0.019873046875,0.006321017
350.33,1427,911360,445,638,197.53657041,26.572866439819336,2.7206399999999994e-05,56.38369817733765,-0.5629322677850723,0.2,4440,-0.00036745344987139107,0.9510968327522278,0.0,0.00016693861
346.44,1427,913408,446,639,202.33839508999998,83.1685791015625,2.6592000000000012e-05,205.11979789733886,-0.6622590139508248,0.2,4450,-5.898373201489449e-05,0.8989266753196716,0.0,4.283688e-05
335.56,1428,915456,447,640,204.8502008,27.328699111938477,2.59776e-05,56.700296306610106,-0.6209511801600456,0.2,4460,-0.0008352950506377965,0.9591748118400574,0.0,0.0007818475
331.89,1428,917504,448,642,199.70159993999994,52.452903747558594,2.5363199999999984e-05,98.93882961273194,-0.674128720164299,0.2,4470,-0.0006370069459080696,0.9258725047111511,0.0,0.0007221226
312.25,1428,919552,449,643,202.06618050999998,115.45259857177734,2.4748800000000003e-05,265.66033058166505,-0.6187597543001175,0.2,4480,-9.781653061509132e-05,0.886821448802948,0.0,7.958306e-05
315.93,1428,921600,450,644,200.62974914999998,57.84020233154297,2.4134399999999987e-05,113.6001389503479,-0.5787001371383667,0.2,4490,-0.00033635765430517495,0.910151481628418,0.0,0.00014469418
315.4,1429,923648,451,646,202.89405135,44.90380096435547,2.3520000000000005e-05,121.40016651153564,-0.6960283234715462,0.2,4500,-0.0005692237755283713,0.9112262725830078,0.0,0.00021492832
322.0,1429,925696,452,647,206.34490506999998,63.81346130371094,2.290559999999999e-05,167.48018169403076,-0.6876149997115135,0.2,4510,-0.0003198757185600698,0.8309270143508911,0.0,0.00026600194
328.33,1429,927744,453,648,205.5986334,30.118785858154297,2.2291200000000008e-05,53.75332469940186,-0.6271177336573601,0.2,4520,-0.0007140447734855116,0.9305729269981384,4.8828125e-05,0.0020357268
335.79,1430,929792,454,650,203.71641455999998,48.8326301574707,2.1676799999999995e-05,141.79094486236573,-0.637341134250164,0.2,4530,0.00012534332927316427,0.8214240670204163,0.0,0.0001670563
345.11,1430,931840,455,651,203.16663922,29.883527755737305,2.1062400000000014e-05,45.66754698753357,-0.6290887668728828,0.2,4540,-8.845542324706913e-05,0.9331130981445312,0.0,1.9319385e-05
355.97,1430,933888,456,652,203.58531655,38.76896667480469,2.0447999999999998e-05,113.05518341064453,-0.6604874759912491,0.2,4550,-0.00018106765346601606,0.8657463788986206,0.0,3.7181948e-05
362.19,1430,935936,457,654,204.87268227000004,59.23545455932617,1.9833599999999982e-05,121.10155239105225,-0.6788454994559288,0.2,4560,-0.00039523480809293686,0.9158891439437866,0.0,0.00038554915
342.35,1430,937984,458,655,202.50389085000003,107.92742919921875,1.92192e-05,213.51465797424316,-0.6175025805830956,0.2,4570,-0.00040292313788086175,0.8651750087738037,0.0,0.0001533408
334.14,1430,940032,459,656,203.75578525,139.1543731689453,1.8604799999999985e-05,255.96283645629882,-0.6217879459261895,0.2,4580,-1.0238518007099628e-05,0.8720248937606812,0.0,2.378889e-06
323.45,1431,942080,460,658,201.23777717999997,43.59431838989258,1.7990400000000003e-05,105.57435970306396,-0.6643705502152443,0.2,4590,-0.00017070759786292912,0.9244619011878967,0.0,3.720267e-05
318.27,1431,944128,461,659,197.48223227,63.34273910522461,1.737599999999999e-05,100.10676040649415,-0.6703132942318917,0.2,4600,-0.0004118107259273529,0.9250547289848328,0.0,0.00022911056
327.31,1431,946176,462,661,198.78832286,53.69139862060547,1.676160000000001e-05,139.43144207000734,-0.6691931501030922,0.2,4610,-0.0002690587949473411,0.894418478012085,0.0,7.468389e-05
342.27,1431,948224,463,662,193.42025306,50.98711395263672,1.6147199999999993e-05,120.46477756500244,-0.6370156317949295,0.2,4620,-0.0002213159343227744,0.8919905424118042,0.0,0.000113535876
336.21,1431,950272,464,663,196.73916316999996,77.31952667236328,1.553280000000001e-05,182.57382926940917,-0.6662872731685638,0.2,4630,-0.00010739915305748581,0.8849127888679504,0.0,5.2695978e-06
339.57,1432,952320,465,664,193.71081448999996,54.0720329284668,1.4918399999999998e-05,96.36497039794922,-0.659193167090416,0.2,4640,-0.0001826606981921941,0.9157270193099976,0.0,9.4660005e-05
348.41,1432,954368,466,666,190.48819646999996,105.51541137695312,1.4303999999999982e-05,229.54714088439943,-0.6640091717243195,0.2,4650,-0.00022377021377906203,0.8852602243423462,0.0,3.8918224e-05
341.49,1432,956416,467,667,191.65917394999997,79.3780746459961,1.36896e-05,202.77506408691406,-0.676858001947403,0.2,4660,-0.00027416958182584493,0.8579689860343933,0.0,4.5800494e-05
343.39,1432,958464,468,668,188.93250824999998,65.7638168334961,1.3075199999999986e-05,112.5435073852539,-0.6339510723948478,0.2,4670,-0.00019929271657019853,0.9156889319419861,0.0,5.104902e-05
344.93,1433,960512,469,670,181.93438096999998,73.87409973144531,1.2460800000000004e-05,145.87272243499757,-0.6294162705540657,0.2,4680,-6.332943448796868e-05,0.8996197581291199,0.0,1.5360885e-05
344.05,1433,962560,470,671,180.84924098,57.61227798461914,1.1846399999999989e-05,139.90803642272948,-0.643590635061264,0.2,4690,-6.438556592911482e-05,0.8966297507286072,0.0,7.3325355e-06
344.17,1433,964608,471,673,180.48660682999997,53.89042663574219,1.1232000000000007e-05,111.66658840179443,-0.5624759241938591,0.2,4700,-0.00021623650682158768,0.89926677942276,0.0,2.3545814e-05
335.28,1433,966656,472,674,184.47856713000004,95.88749694824219,1.0617599999999993e-05,159.117098236084,-0.5969628691673279,0.2,4710,-0.00040982479695230725,0.8815714120864868,0.0,5.5576267e-05
326.15,1433,968704,473,675,185.68708585000002,41.74016571044922,1.0003200000000011e-05,78.36082277297973,-0.6773660331964493,0.2,4720,-0.0003185362205840647,0.9339651465415955,0.0,7.343665e-05
336.62,1433,970752,474,677,184.71708155,65.61994934082031,9.388799999999996e-06,124.07468185424804,-0.6361017286777496,0.2,4730,-0.00011115745874121786,0.9107258915901184,0.0,1.4788762e-05
342.28,1433,972800,475,678,185.22932351,63.44014358520508,8.774400000000015e-06,151.62347259521485,-0.6516889154911041,0.2,4740,-6.96940696798265e-05,0.9189820289611816,0.0,1.215245e-05
339.46,1433,974848,476,680,185.63664141000004,92.16276550292969,8.16e-06,180.3524139404297,-0.6711981624364853,0.2,4750,-3.438331186771393e-05,0.9075796604156494,0.0,1.4289399e-06
338.12,1433,976896,477,681,187.25398046000007,71.50173950195312,7.545599999999985e-06,148.37109241485595,-0.6913242533802986,0.2,4760,-3.220010548830032e-05,0.9038780927658081,0.0,1.9468134e-06
322.3,1433,978944,478,682,189.53953248000002,77.29551696777344,6.931200000000003e-06,136.40606651306152,-0.5625236600637435,0.2,4770,-0.0005431004916317761,0.8954153060913086,0.0,3.9910054e-05
322.45,1433,980992,479,684,190.26354303999994,75.4630126953125,6.316799999999988e-06,181.56252403259276,-0.5744256690144539,0.2,4780,-0.00022331851650960743,0.8585905432701111,0.0,2.4441135e-05
322.72,1434,983040,480,685,186.69593532,110.93705749511719,5.702400000000007e-06,176.8706859588623,-0.6661462008953094,0.2,4790,-3.202180378139019e-05,0.8988798260688782,0.0,2.6412017e-06
320.21,1434,985088,481,686,193.40134267999997,101.622802734375,5.087999999999992e-06,265.0661533355713,-0.6756375089287758,0.2,4800,-0.00010344072943553328,0.8240219950675964,0.0,5.737762e-06
325.01,1434,987136,482,688,195.65960613999997,31.4226131439209,4.473600000000011e-06,60.11873083114624,-0.7551896050572395,0.2,4810,-3.7287885788828135e-05,0.9583828449249268,0.0,2.306624e-06
323.79,1434,989184,483,689,196.31734673,77.41828918457031,3.859199999999996e-06,128.0960720062256,-0.7424472063779831,0.2,4820,-8.45861155539751e-05,0.909181535243988,0.0,6.509683e-06
324.53,1433,991232,484,691,201.62896732,69.5367431640625,3.2448000000000142e-06,110.12807159423828,-0.5949937164783478,0.2,4830,-0.00026138484245166185,0.9109163880348206,0.0,6.6374225e-05
323.44,1433,993280,485,692,207.76622340000003,34.42677307128906,2.630399999999999e-06,69.30988245010376,-0.6567265227437019,0.2,4840,-8.516999660059809e-05,0.9532497525215149,0.0,2.1405343e-05
313.65,1433,995328,486,694,211.35999907,37.9508056640625,2.015999999999984e-06,62.570208835601804,-0.7044402688741684,0.2,4850,-4.2662944179028275e-05,0.95714271068573,0.0,3.3671386e-06
325.31,1433,997376,487,695,211.80106193999995,25.942026138305664,1.4016000000000028e-06,45.516879653930665,-0.6591660216450691,0.2,4860,-2.743388176895678e-05,0.9589341878890991,0.0,7.9514575e-07
326.37,1433,999424,488,696,205.18407151000002,47.09517288208008,7.871999999999879e-07,106.53202171325684,-0.5591614603996277,0.2,4870,-7.630314212292432e-06,0.9052605032920837,0.0,9.8138116e-08
326.44,1434,1001472,489,698,210.13797927,142.0784149169922,1.7280000000000626e-07,313.380192565918,-0.6091542273759842,0.2,4880,-2.445117570459843e-06,0.8374426364898682,0.0,3.2305252e-09
