episode,reward,time,steps
1,-105.6239,0.0006,74
2,-50.9949,0.0007,78
3,1.7777,0.0007,86
4,-254.6371,0.0008,95
5,-103.8720,0.0008,111
6,-173.0247,0.0008,118
7,-31.7707,0.0009,88
8,-119.2607,0.0009,94
9,-61.0146,0.0009,62
10,-299.4428,0.0010,118
11,-108.9691,0.0010,87
12,-76.9732,0.0010,77
13,-103.0576,0.0011,94
14,-145.6992,0.0011,95
15,-98.8492,0.0012,96
16,-119.6305,0.0012,118
17,-55.2007,0.0012,61
18,-62.1993,0.0012,63
19,-55.0105,0.0013,118
20,-138.0654,0.0013,107
21,-102.3600,0.0014,139
22,-122.4023,0.0014,80
23,-63.5576,0.0014,76
24,-47.3878,0.0015,142
25,-159.0853,0.0015,75
26,-134.2350,0.0016,135
27,-140.5933,0.0016,152
28,-90.1477,0.0016,86
29,-99.7858,0.0017,130
30,-124.7536,0.0017,97
31,-27.2847,0.0018,122
32,-115.1057,0.0018,134
33,-51.4558,0.0018,65
34,-111.3662,0.0019,90
35,-80.9640,0.0019,116
36,-141.5060,0.0020,107
37,-61.8397,0.0020,111
38,-51.8553,0.0020,118
39,-61.8184,0.0021,105
40,-23.6816,0.0021,91
41,-47.6020,0.0022,124
42,-46.0254,0.0022,126
43,-124.4098,0.0023,270
44,-7.1299,0.0024,107
45,-53.4964,0.0024,112
46,-538.1218,0.0025,140
47,-322.1699,0.0025,106
48,-42.2239,0.0025,107
49,-71.0337,0.0026,74
50,-159.5917,0.0027,188
51,-89.2780,0.0028,239
52,-35.2665,0.0028,110
53,-49.6172,0.0029,140
54,-39.4583,0.0029,182
55,-72.5050,0.0030,134
56,-39.7351,0.0030,122
57,-3.3900,0.0031,151
58,-41.3258,0.0031,97
59,3.5363,0.0031,99
60,-32.2050,0.0032,119
61,9.2322,0.0033,171
62,-46.2460,0.0035,434
63,22.8756,0.0044,1000
64,-42.4606,0.0044,127
65,-72.8537,0.0045,144
66,-74.1539,0.0046,294
67,-224.5789,0.0047,169
68,-113.9546,0.0048,169
69,-222.1648,0.0049,312
70,-33.2644,0.0050,248
71,-121.4583,0.0054,453
72,99.7906,0.0065,1000
73,-219.3074,0.0065,105
74,-293.1362,0.0066,181
75,-241.6803,0.0066,163
76,-305.2579,0.0068,264
77,189.1530,0.0075,807
78,-295.4564,0.0079,432
79,-91.4913,0.0081,404
80,-192.6189,0.0084,406
81,-179.2866,0.0087,495
82,-242.1429,0.0088,268
83,-294.2801,0.0090,300
84,-179.2034,0.0092,427
85,-252.5573,0.0093,191
86,-332.6328,0.0095,304
87,-328.1474,0.0097,402
88,185.1782,0.0100,458
89,-9.0647,0.0115,1000
90,-91.3622,0.0117,395
91,134.8415,0.0120,444
92,11.4570,0.0130,1000
93,21.4086,0.0144,1000
94,-110.1863,0.0152,734
95,-139.2261,0.0164,1000
96,75.1041,0.0175,832
97,-122.8201,0.0191,1000
98,-81.2307,0.0204,1000
99,-29.8550,0.0215,1000
100,117.8436,0.0219,553
101,13.1221,0.0229,1000
102,-48.5307,0.0241,1000
103,-143.3486,0.0241,109
104,-85.4607,0.0243,316
105,-99.7928,0.0246,403
106,140.5846,0.0249,514
107,-139.2731,0.0250,186
108,-194.1102,0.0254,482
109,-107.4516,0.0255,272
110,12.6830,0.0266,1000
111,-61.9131,0.0281,1000
112,-119.9541,0.0294,1000
113,-164.8832,0.0308,998
114,-138.8382,0.0309,204
115,196.1646,0.0316,665
116,85.8104,0.0326,1000
117,134.8397,0.0336,789
118,-47.1106,0.0338,247
119,47.3831,0.0356,1000
120,143.0639,0.0360,558
121,120.5675,0.0366,626
122,134.8974,0.0369,462
123,107.8511,0.0380,877
124,-44.1899,0.0381,267
125,-44.8001,0.0382,183
126,70.7904,0.0393,1000
127,61.4695,0.0407,1000
128,65.2563,0.0416,1000
129,-205.7138,0.0417,144
130,-268.6435,0.0421,633
131,143.5682,0.0430,716
132,-189.6521,0.0430,140
133,170.9402,0.0432,325
134,-59.8691,0.0452,1000
135,-324.3789,0.0457,645
136,195.8512,0.0459,357
137,172.1137,0.0466,831
138,-66.5190,0.0479,1000
139,-231.6897,0.0492,1000
140,-81.3130,0.0493,268
141,-244.3638,0.0494,223
142,-212.6161,0.0495,134
143,-118.0651,0.0499,482
144,-321.0859,0.0508,983
145,138.1005,0.0512,561
146,-224.6960,0.0515,463
147,-93.8124,0.0532,1000
148,-91.3225,0.0534,232
149,160.8951,0.0539,541
150,111.6724,0.0547,743
151,-50.1717,0.0547,170
152,0.7352,0.0557,1000
153,-93.7174,0.0560,440
154,115.9733,0.0563,363
155,-52.2086,0.0563,161
156,-71.4103,0.0564,177
157,-51.3998,0.0565,157
158,-60.8451,0.0570,632
159,-189.3751,0.0571,193
160,-159.3359,0.0572,251
161,-53.1406,0.0573,122
162,-85.7200,0.0573,164
163,-157.2578,0.0575,389
164,174.1160,0.0582,791
165,-160.8435,0.0584,328
166,-75.6155,0.0585,193
167,-2.4955,0.0588,476
168,-62.3352,0.0589,173
169,-192.3990,0.0589,134
170,-54.9693,0.0590,97
171,-84.6676,0.0591,261
172,-145.9344,0.0593,319
173,-46.9752,0.0595,346
174,144.7355,0.0598,423
175,-93.9798,0.0598,154
176,-89.0244,0.0600,349
177,51.3895,0.0607,1000
178,107.0995,0.0612,652
179,-120.2979,0.0613,226
180,-169.9532,0.0614,263
181,-64.8434,0.0617,402
182,-146.3831,0.0617,145
183,173.8989,0.0620,388
184,-81.5925,0.0620,161
185,63.1921,0.0631,1000
186,-31.0090,0.0633,378
187,52.6731,0.0645,1000
188,-33.8090,0.0647,343
189,-74.0429,0.0648,261
190,95.7540,0.0652,556
191,182.4565,0.0657,565
192,-155.2936,0.0657,137
193,-68.0807,0.0660,533
194,168.6627,0.0664,557
195,-81.3654,0.0665,250
196,-69.7989,0.0666,195
197,-47.9603,0.0668,285
198,164.8700,0.0673,586
199,-63.7125,0.0673,156
200,153.8953,0.0680,741
201,93.5371,0.0693,1000
202,204.1836,0.0698,595
203,-141.4646,0.0699,183
204,-50.2683,0.0703,552
205,-87.0433,0.0703,185
206,-226.1704,0.0705,261
207,149.7680,0.0713,807
208,-246.0462,0.0717,603
209,-124.3934,0.0719,413
210,-69.5425,0.0721,328
211,-81.9772,0.0722,266
212,69.3477,0.0733,1000
213,171.1591,0.0737,483
214,-140.0705,0.0738,279
215,-124.7387,0.0744,672
216,-75.4652,0.0745,217
217,26.7071,0.0755,1000
218,-250.9672,0.0756,247
219,154.2781,0.0759,489
220,171.0547,0.0764,735
221,-89.2131,0.0768,531
222,161.2315,0.0774,645
223,-140.0488,0.0774,183
224,166.5979,0.0778,482
225,131.6511,0.0783,677
226,202.1629,0.0788,564
227,-140.7432,0.0790,319
228,121.3899,0.0796,674
229,-174.3844,0.0799,487
230,-155.2486,0.0800,189
231,-133.1072,0.0801,221
232,113.7562,0.0805,461
233,-104.1776,0.0807,357
234,-65.2401,0.0807,175
235,124.6362,0.0811,489
236,-161.8210,0.0812,192
237,138.3420,0.0817,665
238,-158.9787,0.0818,188
239,-71.5161,0.0819,276
240,-90.9211,0.0824,628
241,137.2714,0.0829,593
242,-45.0185,0.0830,251
243,35.2680,0.0837,909
244,-118.3063,0.0839,320
245,-112.9836,0.0842,495
246,117.3127,0.0848,775
247,25.1027,0.0862,1000
248,-92.6586,0.0864,339
249,-87.9548,0.0865,313
250,-55.6525,0.0866,220
251,167.3956,0.0871,563
252,222.1090,0.0878,752
253,-87.8011,0.0880,330
254,-73.3185,0.0881,183
255,200.6033,0.0888,734
256,116.7554,0.0892,589
257,204.4476,0.0899,631
258,206.9114,0.0905,720
259,184.2431,0.0910,568
260,-75.6903,0.0912,333
261,-63.5039,0.0912,149
262,173.9714,0.0918,631
263,41.1713,0.0927,1000
264,185.5460,0.0933,750
265,83.8817,0.0948,985
266,136.0363,0.0952,519
267,154.6805,0.0957,472
268,-231.6432,0.0959,371
269,-72.4673,0.0960,204
270,-98.2795,0.0964,624
271,193.5502,0.0968,505
272,146.7544,0.0978,998
273,149.0043,0.0984,750
274,-122.6474,0.0989,592
275,144.9538,0.0995,600
276,82.6274,0.1004,1000
277,144.0851,0.1007,455
278,110.1878,0.1020,1000
279,85.8426,0.1037,1000
280,48.7161,0.1051,1000
281,-59.0145,0.1062,1000
282,125.9638,0.1071,1000
283,178.6146,0.1077,619
284,-27.4915,0.1080,447
285,-64.6249,0.1081,186
286,122.2319,0.1085,580
287,-79.9598,0.1087,267
288,240.1149,0.1090,477
289,138.0452,0.1097,816
290,-58.8093,0.1100,410
291,224.2646,0.1102,418
292,66.0557,0.1112,1000
293,194.8443,0.1115,378
294,154.9669,0.1119,521
295,179.4748,0.1123,440
296,-94.9058,0.1125,401
297,209.4073,0.1127,303
298,193.1272,0.1139,938
299,-85.3371,0.1140,328
300,-107.7355,0.1142,341
301,168.2411,0.1146,458
302,-88.3145,0.1147,300
303,193.3808,0.1150,408
304,47.5967,0.1158,1000
305,-104.5472,0.1161,531
306,-108.2387,0.1163,438
307,-168.7142,0.1165,374
308,-51.6675,0.1168,373
309,-249.4802,0.1170,349
310,216.3350,0.1172,387
311,-38.5348,0.1173,126
312,208.9901,0.1176,408
313,242.5121,0.1178,357
314,220.7546,0.1181,372
315,-270.9677,0.1182,285
316,228.0861,0.1185,485
317,79.5018,0.1193,1000
318,-116.6067,0.1194,232
319,-55.5815,0.1195,234
320,-63.0038,0.1196,164
321,-54.1458,0.1197,194
322,100.4943,0.1205,1000
323,203.7372,0.1208,434
324,211.8197,0.1210,276
325,156.6640,0.1215,573
326,-42.9338,0.1216,215
327,32.1940,0.1226,1000
328,-63.3272,0.1226,111
329,-26.4995,0.1227,128
330,-3.5872,0.1227,164
331,232.9334,0.1231,431
332,161.4959,0.1235,524
333,-45.8224,0.1236,225
334,215.1463,0.1239,407
335,-34.7365,0.1244,839
336,148.9185,0.1250,556
337,171.9099,0.1252,433
338,-48.0284,0.1253,177
339,144.1916,0.1255,352
340,193.3799,0.1259,574
341,-96.2643,0.1262,440
342,-9.9512,0.1263,179
343,-66.9352,0.1265,397
344,-68.6182,0.1267,356
345,187.6664,0.1278,978
346,197.2787,0.1282,494
347,-41.4398,0.1282,140
348,184.9748,0.1285,434
349,196.2010,0.1292,885
350,223.4742,0.1295,402
351,177.9656,0.1297,366
352,243.0620,0.1301,451
353,-66.3825,0.1302,257
354,-52.3021,0.1304,325
355,-9.0131,0.1305,292
356,189.8623,0.1308,448
357,-48.4237,0.1311,409
358,-60.3468,0.1313,425
359,16.2422,0.1314,204
360,150.0126,0.1316,416
361,205.7368,0.1319,363
362,190.9808,0.1321,420
363,195.9685,0.1322,245
364,200.8948,0.1325,431
365,188.1145,0.1328,385
366,-77.7191,0.1328,216
367,145.3571,0.1334,671
368,197.0863,0.1337,452
369,180.7433,0.1339,315
370,181.0165,0.1345,611
371,165.4286,0.1349,515
372,160.5192,0.1351,375
373,-66.9974,0.1354,439
374,111.5730,0.1358,571
375,-48.7099,0.1359,230
376,186.9526,0.1361,388
377,-68.4544,0.1362,236
378,-61.7377,0.1363,263
379,184.7751,0.1365,269
380,210.4847,0.1367,384
381,-18.2096,0.1368,136
382,153.0127,0.1370,431
383,-67.5413,0.1371,234
384,233.0880,0.1376,588
385,165.1358,0.1378,394
386,-48.3415,0.1379,167
387,152.0142,0.1381,400
388,162.6600,0.1387,581
389,143.8340,0.1389,334
390,169.1033,0.1391,399
391,-98.2222,0.1392,264
392,-26.4783,0.1394,354
393,220.7305,0.1396,344
394,224.7743,0.1399,368
395,152.1600,0.1400,304
396,-82.5683,0.1403,395
397,168.3982,0.1405,320
398,-44.5091,0.1405,150
399,-68.9557,0.1406,152
400,127.8904,0.1416,1000
401,-75.2309,0.1418,338
402,126.8620,0.1426,1000
403,223.5500,0.1428,315
404,-52.2032,0.1429,145
405,209.8159,0.1432,468
406,-178.0070,0.1436,573
407,102.6230,0.1445,1000
408,-47.6789,0.1446,135
409,-8.3469,0.1447,239
410,-63.3967,0.1447,96
411,-60.6164,0.1448,225
412,-55.4437,0.1449,107
413,-73.5054,0.1450,225
414,4.8456,0.1451,293
415,136.0958,0.1455,531
416,-4.0310,0.1455,121
417,219.5802,0.1456,227
418,-76.3661,0.1458,280
419,215.6414,0.1459,239
420,-71.3621,0.1460,157
421,-44.4471,0.1460,125
422,-51.8638,0.1461,144
423,113.0406,0.1469,1000
424,-52.2716,0.1469,176
425,-40.5385,0.1470,183
426,30.2083,0.1471,185
427,213.4654,0.1473,404
428,133.4087,0.1476,372
429,82.6816,0.1486,1000
430,-47.2783,0.1487,112
431,-96.2998,0.1490,548
432,-114.0154,0.1491,154
433,-71.6132,0.1492,255
434,-82.2065,0.1493,243
435,175.0125,0.1496,400
436,-102.8824,0.1498,458
437,-125.0492,0.1500,273
438,-82.2633,0.1500,197
439,-79.4371,0.1502,247
440,-79.6506,0.1503,201
441,167.6887,0.1505,484
442,-3.6069,0.1516,1000
443,-81.9806,0.1516,205
444,-75.2974,0.1519,388
445,57.8542,0.1529,1000
446,173.0124,0.1538,766
447,-68.1335,0.1539,317
448,-64.4881,0.1541,285
449,-76.2721,0.1542,182
450,-92.7520,0.1543,222
451,-84.6657,0.1544,258
452,-37.4990,0.1545,376
453,-68.3362,0.1547,252
454,-78.0700,0.1547,225
455,130.0957,0.1551,463
456,169.9693,0.1553,409
457,-63.8136,0.1554,176
458,-73.1778,0.1554,151
459,-111.5663,0.1557,486
460,196.1368,0.1561,521
461,-76.9853,0.1562,180
462,-109.2554,0.1563,247
463,-55.7544,0.1564,160
464,-74.0582,0.1565,161
465,-75.8664,0.1567,429
466,-76.8509,0.1568,258
467,219.8740,0.1576,852
468,-72.1358,0.1577,346
469,-92.6040,0.1578,223
470,-95.9054,0.1580,300
471,-62.9473,0.1582,395
472,-108.8507,0.1582,168
473,-104.3664,0.1586,593
474,209.7699,0.1590,473
475,-107.6732,0.1591,283
476,-21.9208,0.1594,374
477,-79.2019,0.1597,420
478,-51.3288,0.1598,286
479,-108.0549,0.1599,204
480,-91.8442,0.1601,282
481,-85.7145,0.1602,227
482,-60.3831,0.1603,286
483,-75.5923,0.1604,204
484,-83.1223,0.1604,158
485,73.9679,0.1617,1000
486,213.7930,0.1621,495
487,-68.6487,0.1622,284
488,-93.8811,0.1624,373
489,178.0238,0.1627,439
490,-31.3685,0.1629,311
491,-118.3335,0.1631,415
492,-27.8753,0.1632,194
493,-98.0649,0.1633,224
494,99.4806,0.1636,441
495,202.7021,0.1640,480
496,161.3329,0.1642,425
497,-106.4671,0.1643,183
498,-80.0721,0.1644,227
499,69.1586,0.1651,1000
500,-88.4837,0.1652,144
501,72.5846,0.1661,1000
502,-105.1026,0.1664,479
503,-88.2192,0.1665,175
504,146.9164,0.1667,400
505,158.7397,0.1675,875
506,-96.4232,0.1676,227
507,-85.5008,0.1676,198
508,-72.9650,0.1677,169
509,53.9293,0.1686,1000
510,133.2011,0.1691,637
511,104.3167,0.1698,705
512,-67.5374,0.1698,173
513,89.5227,0.1705,1000
514,-46.3503,0.1706,176
515,-101.3815,0.1707,243
516,-82.0439,0.1708,258
517,-190.8009,0.1712,625
518,-108.8824,0.1714,399
519,-30.4732,0.1716,263
520,-95.0553,0.1717,339
521,96.6075,0.1728,1000
522,208.6774,0.1732,581
523,-65.8003,0.1733,145
524,163.8943,0.1740,815
525,50.8997,0.1750,1000
526,45.7507,0.1759,1000
527,171.2949,0.1765,604
528,176.2513,0.1772,742
529,-100.5119,0.1774,304
530,45.1939,0.1784,1000
531,38.3837,0.1797,949
532,-77.9400,0.1798,142
533,-56.7157,0.1799,199
534,-80.6038,0.1800,222
535,-76.6792,0.1800,179
536,26.7452,0.1811,1000
537,-27.5800,0.1812,321
538,-159.6290,0.1814,336
539,-89.0878,0.1815,189
540,-166.2074,0.1820,613
541,-47.9871,0.1822,281
542,-151.6923,0.1826,576
543,-92.1043,0.1829,489
544,-54.0083,0.1830,151
545,105.2688,0.1839,959
546,-106.6937,0.1841,331
547,-58.2134,0.1843,336
548,-120.0229,0.1847,600
549,202.7970,0.1855,989
550,-176.2206,0.1860,604
551,-31.7666,0.1861,256
552,-94.8113,0.1862,274
553,76.8526,0.1869,1000
554,-146.7036,0.1873,463
555,180.8824,0.1875,400
556,-97.6723,0.1878,389
557,212.0248,0.1882,526
558,-73.3203,0.1883,258
559,-67.2968,0.1885,317
560,-62.4872,0.1886,254
561,117.8939,0.1896,1000
562,-65.6312,0.1897,156
563,-67.1812,0.1900,405
564,216.8213,0.1903,477
565,-54.9250,0.1904,250
566,-92.5676,0.1906,274
567,-128.9487,0.1909,534
568,-83.5608,0.1911,359
569,-50.0208,0.1912,272
570,-38.2257,0.1915,442
571,-50.7011,0.1917,405
572,-123.3169,0.1920,483
573,-63.7898,0.1920,178
574,-50.8444,0.1922,254
575,-99.5412,0.1923,251
576,-24.3010,0.1924,320
577,204.8899,0.1928,428
578,-91.6108,0.1930,442
579,79.3648,0.1940,1000
580,229.3190,0.1943,403
581,-24.8449,0.1944,243
582,119.1414,0.1953,1000
583,-50.4895,0.1954,254
584,133.3733,0.1956,425
585,-39.3486,0.1958,292
586,225.7912,0.1959,335
587,112.7333,0.1964,725
588,250.5499,0.1967,361
589,-33.3022,0.1968,239
590,-19.7724,0.1969,310
591,-106.4671,0.1970,285
592,-140.7577,0.1972,270
593,-46.8778,0.1973,234
594,-48.5560,0.1974,246
595,108.8799,0.1982,1000
596,205.9399,0.1987,670
597,44.3097,0.1988,228
598,-48.8464,0.1989,276
599,-22.7781,0.1990,262
600,248.5810,0.1991,273
601,-62.3150,0.1992,177
602,249.6000,0.1994,318
603,-49.0728,0.1995,216
604,-99.9896,0.1996,319
605,193.2972,0.1998,352
606,182.2033,0.2000,358
607,178.6953,0.2008,734
608,-61.0256,0.2009,214
609,-52.0895,0.2011,283
610,104.5196,0.2019,1000
611,-31.2765,0.2021,270
612,-25.3905,0.2021,225
613,5.7946,0.2022,215
614,-21.7718,0.2023,260
615,0.2608,0.2024,201
616,-66.9739,0.2025,192
617,-36.1438,0.2026,161
618,-44.5758,0.2026,134
619,257.0227,0.2028,357
620,-3.6449,0.2029,211
621,6.4725,0.2029,167
622,5.1693,0.2030,203
623,228.0722,0.2034,601
624,210.4025,0.2036,346
625,-39.6081,0.2036,203
626,104.4871,0.2044,1000
627,-11.9113,0.2045,224
628,-4.2319,0.2045,145
629,-74.2939,0.2046,204
630,228.4772,0.2049,398
631,-71.7564,0.2050,202
632,67.0797,0.2050,92
633,180.5433,0.2052,364
634,222.1135,0.2060,877
635,-56.1476,0.2060,175
636,158.8142,0.2069,1000
637,225.8911,0.2070,280
638,269.3842,0.2072,358
639,178.1292,0.2080,937
640,-94.3176,0.2081,279
641,184.3105,0.2082,296
642,-21.3423,0.2083,200
643,112.9315,0.2091,1000
644,-37.1588,0.2092,223
645,-64.1847,0.2094,291
646,-31.8291,0.2095,220
647,-63.8527,0.2096,240
648,126.2922,0.2104,1000
649,-22.6905,0.2106,299
650,201.3665,0.2109,508
651,109.3941,0.2119,1000
652,143.0720,0.2121,486
653,-11.2774,0.2123,274
654,-13.3404,0.2124,242
655,240.4287,0.2129,680
656,190.8633,0.2131,342
657,242.4692,0.2133,354
658,-34.1195,0.2134,282
659,162.3340,0.2137,463
660,-136.2554,0.2140,489
661,204.6463,0.2143,525
662,-63.1626,0.2146,404
663,219.5641,0.2148,383
664,104.7936,0.2159,1000
665,225.2188,0.2162,471
666,-78.3161,0.2165,354
667,186.3619,0.2174,961
668,220.0361,0.2182,892
669,-40.8169,0.2185,342
670,169.5104,0.2187,470
671,-35.0134,0.2189,363
672,-38.0579,0.2190,217
673,-24.8773,0.2191,245
674,-53.7264,0.2192,219
675,-59.0311,0.2194,344
676,244.0413,0.2196,362
677,227.9394,0.2198,385
678,-64.1156,0.2199,168
679,241.4582,0.2201,378
680,179.2173,0.2204,397
681,240.8843,0.2206,383
682,240.0425,0.2208,365
683,-71.2503,0.2209,191
684,81.5754,0.2219,1000
685,-84.5022,0.2222,411
686,-48.9648,0.2224,353
687,178.7541,0.2226,418
688,226.4660,0.2229,410
689,-52.1449,0.2231,348
690,201.8492,0.2235,510
691,207.2880,0.2237,357
692,201.0801,0.2248,922
693,-118.3578,0.2251,437
694,-13.6011,0.2252,240
695,-117.7247,0.2253,252
696,195.3303,0.2256,451
697,-60.9160,0.2258,340
698,225.4037,0.2261,387
699,190.1113,0.2263,397
700,231.9250,0.2265,367
701,-69.2476,0.2266,294
702,106.1914,0.2275,1000
703,236.4003,0.2278,394
704,191.1672,0.2284,717
705,-129.0346,0.2284,121
706,194.7278,0.2289,536
707,240.7636,0.2291,370
708,240.0663,0.2294,411
709,227.4017,0.2296,354
710,1.8283,0.2298,402
711,184.7336,0.2302,468
712,217.7700,0.2305,402
713,193.3900,0.2308,486
714,-96.6291,0.2311,506
715,-7.9259,0.2313,294
716,216.2130,0.2318,526
717,177.4360,0.2322,582
718,-76.9216,0.2324,365
719,231.0785,0.2326,413
720,-44.3964,0.2328,370
721,205.3516,0.2331,427
722,233.9334,0.2335,490
723,216.6293,0.2338,456
724,175.1407,0.2341,478
725,202.5320,0.2343,444
726,-3.9865,0.2345,340
727,208.0991,0.2348,420
728,220.0034,0.2353,682
729,193.3880,0.2357,487
730,252.9330,0.2359,397
731,216.5841,0.2364,590
732,220.2489,0.2367,424
733,-49.7417,0.2368,306
734,226.0489,0.2371,413
735,224.3891,0.2373,368
736,161.1912,0.2375,458
737,229.1976,0.2378,366
738,-22.5778,0.2379,317
739,222.0491,0.2382,437
740,-73.6708,0.2384,297
741,189.3190,0.2386,436
742,-44.0088,0.2387,220
743,210.7246,0.2389,382
744,-33.6674,0.2391,275
745,197.9406,0.2394,537
746,192.4935,0.2397,413
747,171.7145,0.2402,758
748,188.9433,0.2407,557
749,240.0399,0.2410,463
750,-139.7178,0.2414,665
751,-35.1899,0.2416,376
752,181.7017,0.2425,863
753,-16.3683,0.2427,333
754,-28.6515,0.2429,393
755,-13.5447,0.2431,312
756,223.6219,0.2436,654
757,182.9954,0.2439,422
758,215.8770,0.2445,773
759,243.5847,0.2447,371
760,211.1825,0.2449,412
761,-5.8677,0.2450,265
762,244.5933,0.2453,394
763,-9.8511,0.2454,257
764,235.2492,0.2456,389
765,237.2176,0.2459,376
766,26.9489,0.2459,185
767,246.6670,0.2461,301
768,-10.7277,0.2461,167
769,97.5141,0.2468,1000
770,-22.3431,0.2469,215
771,245.3738,0.2471,405
772,246.9447,0.2479,813
773,-2.3747,0.2480,335
774,-138.3431,0.2484,787
775,218.7804,0.2493,1000
776,-25.8901,0.2495,367
777,113.9228,0.2503,1000
778,226.7782,0.2506,414
779,-15.8897,0.2508,360
780,-7.2672,0.2509,302
781,-63.5795,0.2511,282
782,8.8254,0.2512,188
783,-44.7308,0.2513,280
784,299.7770,0.2515,352
785,227.0085,0.2518,409
786,222.4476,0.2520,374
787,236.5846,0.2527,880
788,-3.1767,0.2528,298
789,205.1496,0.2533,656
790,-14.5119,0.2534,296
791,112.0985,0.2542,1000
792,217.9454,0.2544,344
793,213.0126,0.2546,337
794,164.4177,0.2553,1000
795,34.0616,0.2554,332
796,225.6024,0.2556,320
797,244.6083,0.2558,346
798,226.7662,0.2560,358
799,223.9895,0.2562,416
800,202.8712,0.2565,414
801,210.0048,0.2567,380
802,255.9813,0.2569,353
803,-26.5771,0.2571,307
804,7.4966,0.2572,327
805,202.2809,0.2574,362
806,166.8342,0.2577,426
807,203.1514,0.2579,329
808,221.6003,0.2582,410
809,183.9191,0.2584,333
810,-66.9702,0.2585,290
811,236.8465,0.2588,395
812,2.4524,0.2589,279
813,252.0018,0.2591,422
814,-34.3172,0.2593,288
815,201.0211,0.2595,400
816,212.0168,0.2598,391
817,235.6734,0.2600,344
818,220.6257,0.2603,450
819,-12.0612,0.2605,354
820,249.9541,0.2607,321
821,238.8024,0.2609,423
822,254.0930,0.2612,389
823,-47.7347,0.2614,379
824,221.4140,0.2618,545
825,-409.1983,0.2621,431
826,246.8026,0.2623,388
827,230.1997,0.2626,387
828,222.5036,0.2630,461
829,238.7261,0.2632,353
830,223.2786,0.2634,372
831,-55.6830,0.2637,402
832,232.9592,0.2639,376
833,274.4511,0.2641,357
834,204.8868,0.2644,443
835,191.9380,0.2646,433
836,225.1466,0.2649,429
837,207.8532,0.2651,368
838,246.1967,0.2654,379
839,-59.7063,0.2655,274
840,211.2586,0.2657,380
841,-30.8105,0.2658,267
842,264.3939,0.2660,369
843,231.5017,0.2663,524
844,267.9100,0.2666,429
845,253.3443,0.2668,385
846,255.1500,0.2670,353
847,-185.2946,0.2679,999
848,158.3497,0.2686,773
849,184.9707,0.2688,358
850,-28.6427,0.2689,226
851,217.4150,0.2692,365
852,-15.4654,0.2693,237
853,219.6347,0.2695,342
854,182.6285,0.2697,365
855,225.5196,0.2699,393
856,112.9560,0.2708,1000
857,176.4359,0.2715,860
858,230.1331,0.2719,486
859,160.0021,0.2724,679
860,223.4260,0.2730,612
861,-19.7023,0.2731,247
862,203.0850,0.2733,331
863,-13.6082,0.2735,285
864,100.3090,0.2745,1000
865,131.6317,0.2748,532
866,-83.7106,0.2750,267
867,241.4143,0.2753,482
868,216.5256,0.2756,458
869,-27.0100,0.2756,175
870,-52.9049,0.2758,323
871,-16.5208,0.2760,322
872,121.4558,0.2770,1000
873,136.3898,0.2775,609
874,-45.0999,0.2776,293
875,-44.6446,0.2778,286
876,217.5464,0.2780,360
877,178.4691,0.2782,311
878,93.4276,0.2792,1000
879,210.6205,0.2802,931
880,242.8603,0.2804,309
881,206.9798,0.2806,432
882,257.7662,0.2808,320
883,137.3807,0.2819,1000
884,18.1732,0.2821,278
885,261.4895,0.2823,348
886,132.9860,0.2832,1000
887,205.6984,0.2836,497
888,242.0996,0.2838,402
889,95.8698,0.2848,1000
890,173.0229,0.2852,541
891,269.9742,0.2853,316
892,228.8624,0.2856,390
893,209.4149,0.2857,305
894,246.5286,0.2861,443
895,212.1277,0.2862,320
896,110.3900,0.2873,1000
897,110.5474,0.2882,1000
898,252.8775,0.2885,452
899,209.0182,0.2887,322
900,283.1361,0.2888,304
901,264.2394,0.2890,312
902,132.9525,0.2902,1000
903,-43.1895,0.2903,270
904,-15.7543,0.2905,288
905,-44.5091,0.2918,1000
906,233.8937,0.2922,560
907,210.4264,0.2924,346
908,-10.2217,0.2925,171
909,-1.2619,0.2927,326
910,189.6087,0.2930,450
911,250.7213,0.2933,411
912,261.1802,0.2934,336
913,-8.6530,0.2935,182
914,183.6647,0.2941,538
915,156.4378,0.2943,367
916,185.3162,0.2945,374
917,282.4837,0.2948,371
918,250.2759,0.2950,338
919,226.0202,0.2953,413
920,230.0996,0.2954,226
921,245.1415,0.2957,380
922,262.1845,0.2959,343
923,260.6942,0.2961,318
924,256.4056,0.2964,378
925,233.4348,0.2965,251
926,236.5287,0.2967,333
927,-12.7776,0.2968,270
928,225.2577,0.2970,369
929,248.8437,0.2972,338
930,-8.8659,0.2974,310
931,250.2318,0.2976,334
932,236.1169,0.2978,317
933,243.5252,0.2979,265
934,29.2360,0.2980,243
935,208.7223,0.2982,306
936,-18.3621,0.2983,167
937,24.3993,0.2984,246
938,-8.7817,0.2985,275
939,-3.2155,0.2986,175
940,229.0725,0.2993,773
941,219.4566,0.2995,293
942,-61.7495,0.2996,188
943,234.3446,0.2997,277
944,267.1375,0.3001,539
945,-25.8048,0.3003,260
946,264.3779,0.3005,400
947,-25.3216,0.3006,265
948,262.9057,0.3008,326
949,-35.5610,0.3009,163
950,49.0423,0.3010,241
951,-30.4212,0.3011,237
952,225.2419,0.3012,241
953,192.0646,0.3014,391
954,102.9289,0.3023,1000
955,9.7181,0.3025,272
956,-23.7236,0.3025,181
957,210.5032,0.3032,797
958,27.1350,0.3033,272
959,23.2947,0.3034,262
960,-6.1464,0.3036,279
961,215.8119,0.3037,309
962,211.2921,0.3039,290
963,-32.3663,0.3040,266
964,256.2059,0.3041,307
965,244.9723,0.3043,309
966,267.0359,0.3045,288
967,280.4487,0.3046,281
968,-10.4049,0.3047,214
969,275.4651,0.3048,257
970,-33.4069,0.3049,207
971,-80.6506,0.3050,214
972,232.8310,0.3051,231
973,18.3828,0.3051,125
974,266.0836,0.3053,257
975,-31.0666,0.3053,184
976,226.7460,0.3054,241
977,-1.5875,0.3055,156
978,6.9798,0.3056,203
979,144.6818,0.3065,1000
980,-28.2470,0.3066,150
981,251.4420,0.3067,258
982,39.5813,0.3068,195
983,-12.7209,0.3069,197
984,263.8180,0.3070,267
985,233.2730,0.3072,300
986,6.6268,0.3073,159
987,263.0262,0.3074,281
988,250.1956,0.3076,291
989,210.4091,0.3077,257
990,222.6630,0.3081,616
991,-27.4065,0.3082,185
992,-4.2839,0.3083,220
993,43.0634,0.3084,208
994,222.4867,0.3085,290
995,259.1522,0.3086,282
996,-22.8621,0.3087,184
997,259.0703,0.3089,304
998,198.9959,0.3090,300
999,178.7786,0.3092,330
1000,19.7714,0.3093,209
1001,258.9927,0.3094,245
1002,-0.4608,0.3095,198
1003,204.0028,0.3096,282
1004,2.1262,0.3097,220
1005,129.1571,0.3107,1000
1006,110.1628,0.3115,1000
1007,150.3706,0.3123,1000
1008,269.8668,0.3124,305
1009,16.0187,0.3125,230
1010,24.2340,0.3126,208
1011,230.2100,0.3128,296
1012,1.6427,0.3129,206
1013,249.0117,0.3130,282
1014,221.8821,0.3133,379
1015,231.9517,0.3135,338
1016,220.5658,0.3137,334
1017,175.8474,0.3139,363
1018,196.8496,0.3141,318
1019,234.0437,0.3143,306
1020,219.4832,0.3145,315
1021,95.4010,0.3155,1000
1022,251.0429,0.3158,318
1023,-50.7975,0.3159,241
1024,193.3431,0.3161,264
1025,294.3686,0.3162,258
1026,261.4183,0.3164,303
1027,254.1198,0.3166,275
1028,254.2049,0.3168,315
1029,200.1840,0.3170,279
1030,244.6589,0.3176,806
1031,-53.3699,0.3177,218
1032,213.8786,0.3180,328
1033,-3.8560,0.3181,231
1034,199.8100,0.3183,339
1035,108.5087,0.3193,1000
1036,227.7540,0.3194,294
1037,-27.0826,0.3195,240
1038,13.3602,0.3196,165
1039,232.3232,0.3197,243
1040,194.1370,0.3199,343
1041,292.5952,0.3201,302
1042,-0.6778,0.3202,231
1043,210.9809,0.3204,351
1044,264.8189,0.3206,322
1045,93.7090,0.3218,1000
1046,2.7617,0.3219,216
1047,-38.7348,0.3220,238
1048,193.4658,0.3222,385
1049,264.3788,0.3224,322
1050,-53.7975,0.3224,150
1051,113.3813,0.3232,1000
1052,-18.8418,0.3233,244
1053,232.2133,0.3235,331
1054,-15.2902,0.3237,243
1055,231.4465,0.3239,402
1056,8.7729,0.3240,220
1057,251.3349,0.3242,329
1058,234.5520,0.3247,666
1059,236.9076,0.3249,323
1060,251.2327,0.3251,307
1061,220.3752,0.3252,259
1062,237.4054,0.3254,362
1063,271.8063,0.3257,377
1064,211.1050,0.3259,379
1065,236.5738,0.3260,259
1066,-53.9704,0.3261,245
1067,209.0038,0.3265,472
1068,202.5711,0.3266,353
1069,-26.3108,0.3269,363
1070,-12.6602,0.3270,190
1071,4.2861,0.3271,315
1072,45.3117,0.3272,114
1073,-49.2371,0.3274,318
1074,206.5637,0.3275,299
1075,119.9774,0.3283,1000
1076,230.6638,0.3285,318
1077,161.5333,0.3292,892
1078,240.9242,0.3294,300
1079,189.0287,0.3298,591
1080,-20.9358,0.3299,235
1081,218.2155,0.3301,275
1082,204.9725,0.3305,466
1083,203.2493,0.3311,646
1084,234.7062,0.3313,312
1085,136.1089,0.3321,1000
1086,275.4568,0.3323,459
1087,213.9565,0.3324,270
1088,228.1442,0.3327,370
1089,219.5811,0.3335,923
1090,16.4576,0.3336,168
1091,-49.4151,0.3336,211
1092,226.2716,0.3338,266
1093,257.3148,0.3340,356
1094,-22.8816,0.3342,345
1095,223.5268,0.3343,304
1096,261.4723,0.3345,336
1097,245.6837,0.3348,375
1098,-34.4355,0.3350,358
1099,229.5153,0.3351,297
1100,226.8825,0.3354,410
1101,248.4195,0.3355,251
1102,231.4264,0.3357,377
1103,126.3345,0.3363,1000
1104,214.5637,0.3365,405
1105,240.4135,0.3366,231
1106,6.1364,0.3368,296
1107,-5.6249,0.3369,143
1108,259.8930,0.3370,290
1109,236.9115,0.3373,406
1110,229.0800,0.3375,350
1111,225.6636,0.3377,393
1112,-47.7270,0.3378,252
1113,250.6759,0.3381,370
1114,249.6316,0.3384,427
1115,66.5257,0.3393,1000
1116,2.9321,0.3393,137
1117,236.4829,0.3395,337
1118,233.5589,0.3397,332
1119,223.6042,0.3399,356
1120,89.0409,0.3407,1000
1121,129.1336,0.3414,1000
1122,217.6066,0.3416,319
1123,190.8578,0.3418,376
1124,111.9971,0.3427,1000
1125,-21.0857,0.3429,334
1126,231.2183,0.3430,325
1127,211.8483,0.3433,387
1128,-14.9451,0.3435,383
1129,231.5889,0.3437,336
1130,9.8222,0.3438,132
1131,-222.0293,0.3439,344
1132,231.7973,0.3442,413
1133,203.4462,0.3445,415
1134,-55.7616,0.3447,344
1135,192.7869,0.3452,642
1136,231.7162,0.3455,478
1137,219.1037,0.3457,440
1138,165.5009,0.3461,620
1139,-2.3934,0.3463,237
1140,-67.3062,0.3466,533
1141,-28.8090,0.3466,164
1142,214.6322,0.3470,463
1143,203.5410,0.3472,331
1144,202.5526,0.3473,307
1145,151.3163,0.3475,339
1146,81.4621,0.3485,1000
1147,145.9602,0.3495,1000
1148,169.6561,0.3500,606
1149,202.7196,0.3502,280
1150,202.6598,0.3506,560
1151,231.2352,0.3508,315
1152,232.1530,0.3509,284
1153,219.0089,0.3513,458
1154,240.4514,0.3515,350
1155,-31.7321,0.3517,371
1156,221.8837,0.3520,413
1157,-10.6763,0.3522,246
1158,75.6930,0.3529,1000
1159,244.2961,0.3532,403
1160,-11.1066,0.3533,170
1161,-253.9686,0.3537,594
1162,190.5736,0.3540,428
1163,96.7172,0.3549,1000
1164,-65.9522,0.3551,401
1165,-36.6326,0.3553,291
1166,-96.6407,0.3558,625
1167,253.4915,0.3561,382
1168,136.6839,0.3569,1000
1169,238.6735,0.3572,360
1170,214.7542,0.3573,318
1171,-39.1953,0.3575,259
1172,-59.6545,0.3576,242
1173,-59.6345,0.3577,206
1174,238.3240,0.3579,275
1175,216.4835,0.3580,261
1176,242.3814,0.3581,252
1177,203.6154,0.3584,337
1178,139.6803,0.3591,1000
1179,15.0739,0.3592,194
1180,228.7703,0.3594,319
1181,-16.7749,0.3595,337
1182,252.2940,0.3597,272
1183,217.4854,0.3598,258
1184,259.9754,0.3599,280
1185,198.8962,0.3601,285
1186,121.3231,0.3609,1000
1187,166.9367,0.3613,503
1188,92.0630,0.3621,1000
1189,-51.3962,0.3622,169
1190,221.5450,0.3623,280
1191,194.6106,0.3625,322
1192,174.2715,0.3627,369
1193,253.2598,0.3628,250
1194,-31.6454,0.3629,210
1195,234.4724,0.3631,279
1196,166.2408,0.3633,303
1197,-18.3395,0.3634,236
1198,-53.8685,0.3635,225
1199,97.6642,0.3643,1000
1200,237.3966,0.3644,238
1201,215.8772,0.3646,260
1202,1.7226,0.3647,196
1203,-11.8487,0.3647,148
1204,-20.6982,0.3648,180
1205,197.5498,0.3651,469
1206,274.3808,0.3653,287
1207,219.4343,0.3657,472
1208,264.0867,0.3658,248
1209,232.9160,0.3660,274
1210,159.3028,0.3662,382
1211,195.1334,0.3667,666
1212,261.2005,0.3668,238
1213,-10.5811,0.3669,192
1214,234.5330,0.3671,244
1215,-61.5900,0.3672,235
1216,-8.8208,0.3672,184
1217,201.4792,0.3674,303
1218,175.7489,0.3676,329
1219,-2.7048,0.3677,189
1220,227.6565,0.3678,262
1221,207.9869,0.3680,274
1222,264.6081,0.3681,282
1223,-12.8399,0.3682,163
1224,-16.9722,0.3683,169
1225,215.8611,0.3684,264
1226,-68.8623,0.3686,246
1227,-24.7761,0.3686,193
1228,117.3584,0.3695,1000
1229,243.9380,0.3696,259
1230,105.3270,0.3706,1000
1231,231.4028,0.3708,275
1232,-19.3869,0.3709,169
1233,-20.4922,0.3709,173
1234,-24.9872,0.3710,137
1235,195.3950,0.3711,239
1236,-81.3133,0.3713,320
1237,33.0480,0.3714,149
1238,275.0758,0.3715,229
1239,-42.8949,0.3715,201
1240,148.5254,0.3724,1000
1241,-48.5247,0.3725,176
1242,251.8487,0.3726,255
1243,222.6808,0.3728,264
1244,-26.7092,0.3728,155
1245,240.9969,0.3732,632
1246,134.8839,0.3740,1000
1247,236.0931,0.3747,951
1248,235.0579,0.3748,254
1249,238.2027,0.3751,428
1250,239.9587,0.3752,192
1251,240.6045,0.3753,278
1252,213.8862,0.3756,482
1253,229.0112,0.3758,285
1254,191.3832,0.3760,435
1255,179.9586,0.3763,520
1256,179.6392,0.3766,448
1257,-32.8789,0.3767,225
1258,218.7608,0.3770,376
1259,118.0782,0.3781,1000
1260,176.0885,0.3783,343
1261,224.4072,0.3784,229
1262,238.5600,0.3785,300
1263,197.0254,0.3788,367
1264,225.0249,0.3790,350
1265,162.9945,0.3793,524
1266,-33.2879,0.3794,170
1267,96.1843,0.3800,1000
1268,8.1654,0.3802,420
1269,234.2620,0.3804,286
1270,121.1322,0.3811,1000
1271,268.1326,0.3812,264
1272,6.5327,0.3813,203
1273,228.1379,0.3818,578
1274,227.0412,0.3819,310
1275,-45.0840,0.3820,151
1276,-15.3855,0.3821,183
1277,262.1152,0.3822,272
1278,102.8941,0.3831,1000
1279,-6.8315,0.3832,216
1280,123.6860,0.3839,1000
1281,249.9280,0.3840,244
1282,3.2864,0.3841,183
1283,254.7774,0.3842,277
1284,111.6712,0.3848,1000
1285,-18.9518,0.3849,154
1286,114.5756,0.3857,1000
1287,263.5983,0.3859,285
1288,244.7779,0.3860,246
1289,220.8066,0.3866,781
1290,208.8259,0.3868,389
1291,-23.1478,0.3869,148
1292,-16.0708,0.3870,248
1293,105.4058,0.3877,1000
1294,-11.6569,0.3878,202
1295,232.7834,0.3880,299
1296,227.4696,0.3882,304
1297,2.4694,0.3883,219
1298,-6.2918,0.3884,206
1299,15.3428,0.3884,190
1300,221.3103,0.3886,282
1301,-13.6096,0.3887,204
1302,179.9121,0.3889,381
1303,262.4406,0.3890,266
1304,246.4734,0.3892,283
1305,187.2414,0.3895,453
1306,-35.4484,0.3896,223
1307,221.2567,0.3900,622
1308,3.1607,0.3901,200
1309,235.8733,0.3902,272
1310,243.2548,0.3905,364
1311,232.0039,0.3906,269
1312,-8.6303,0.3908,397
1313,197.0845,0.3910,325
1314,223.4120,0.3912,282
1315,57.8893,0.3921,1000
1316,235.1279,0.3923,244
1317,-108.3927,0.3927,540
1318,-43.7631,0.3928,269
1319,255.5772,0.3930,275
1320,116.6537,0.3939,1000
1321,251.5687,0.3940,250
1322,49.9781,0.3951,1000
1323,-35.1842,0.3953,294
1324,275.2160,0.3954,254
1325,248.9759,0.3955,269
1326,254.4581,0.3957,304
1327,-31.4066,0.3958,274
1328,-83.8726,0.3969,1000
1329,-11.6756,0.3970,286
1330,233.5010,0.3971,273
1331,233.4364,0.3972,267
1332,271.8311,0.3975,411
1333,167.7263,0.3979,568
1334,-30.0877,0.3980,190
1335,-10.8355,0.3981,179
1336,256.0942,0.3982,241
1337,251.8740,0.3983,265
1338,5.4775,0.3984,140
1339,3.3068,0.3985,169
1340,111.0745,0.3994,1000
1341,226.3015,0.3998,603
1342,245.4214,0.3999,292
1343,21.9814,0.4000,151
1344,9.1741,0.4001,145
1345,259.9578,0.4002,262
1346,263.1736,0.4003,237
1347,246.4011,0.4004,255
1348,226.6633,0.4007,406
1349,-0.7131,0.4008,220
1350,110.1183,0.4014,1000
1351,283.4329,0.4015,265
1352,226.1466,0.4018,360
1353,260.9923,0.4020,329
1354,259.4163,0.4021,271
1355,9.5882,0.4022,156
1356,277.3591,0.4023,235
1357,237.4046,0.4024,242
1358,244.5354,0.4025,223
1359,-10.2538,0.4026,177
1360,247.4080,0.4027,222
1361,7.2251,0.4028,246
1362,234.4853,0.4029,263
1363,231.2673,0.4031,298
1364,263.0347,0.4033,299
1365,252.1258,0.4034,245
1366,228.7110,0.4035,235
1367,272.5236,0.4036,261
1368,-39.7512,0.4037,247
1369,238.0117,0.4039,369
1370,251.1100,0.4040,267
1371,245.1295,0.4042,268
1372,3.6279,0.4042,207
1373,229.9521,0.4044,287
1374,236.0502,0.4045,248
1375,245.2646,0.4047,340
1376,248.0319,0.4048,281
1377,247.8310,0.4052,422
1378,236.2022,0.4054,456
1379,11.2927,0.4055,214
1380,248.9042,0.4057,302
1381,269.4640,0.4058,269
1382,-10.8358,0.4059,218
1383,-89.9518,0.4065,725
1384,-38.4237,0.4066,225
1385,238.2370,0.4070,533
1386,209.7433,0.4073,464
1387,193.2526,0.4076,506
1388,-25.3965,0.4077,208
1389,207.3879,0.4079,431
1390,245.6360,0.4081,269
1391,6.2511,0.4082,212
1392,249.2850,0.4083,266
1393,223.4995,0.4085,363
1394,-59.0942,0.4086,200
1395,-1.1223,0.4087,227
1396,242.6891,0.4089,302
1397,136.5579,0.4094,717
1398,204.1915,0.4096,315
1399,260.1925,0.4097,220
1400,234.1689,0.4099,278
1401,245.8628,0.4100,223
1402,241.0139,0.4102,407
1403,209.5484,0.4104,304
1404,216.2350,0.4105,278
1405,-18.7393,0.4106,100
1406,252.6559,0.4107,210
1407,257.8496,0.4109,481
1408,-27.5848,0.4110,173
1409,223.0162,0.4112,396
1410,197.9412,0.4117,630
1411,251.6195,0.4122,787
1412,-1.0524,0.4123,119
1413,274.5265,0.4124,282
1414,217.0741,0.4125,248
1415,98.5435,0.4130,564
1416,266.3871,0.4131,251
1417,246.5491,0.4132,228
1418,224.7501,0.4133,202
1419,259.7587,0.4134,246
1420,191.8856,0.4136,279
1421,244.7517,0.4137,286
1422,204.1099,0.4138,294
1423,195.8062,0.4140,274
1424,-41.8721,0.4140,120
1425,282.0319,0.4141,214
1426,254.5521,0.4142,204
1427,276.8641,0.4143,213
1428,-6.4154,0.4144,105
1429,234.0064,0.4145,239
1430,256.3948,0.4146,221
1431,244.7017,0.4147,334
1432,240.3864,0.4148,180
1433,-49.0645,0.4149,158
1434,211.2022,0.4150,277
1435,194.4440,0.4151,274
1436,241.2392,0.4156,595
1437,244.8616,0.4157,196
1438,282.2347,0.4158,172
1439,194.9137,0.4159,337
1440,256.3615,0.4161,314
1441,245.1433,0.4162,213
1442,267.6845,0.4163,221
1443,238.4979,0.4164,231
1444,-15.6036,0.4165,204
1445,260.9878,0.4166,208
1446,237.4220,0.4167,228
1447,-3.6941,0.4167,140
1448,237.4684,0.4169,260
1449,227.7261,0.4170,181
1450,175.6642,0.4172,449
1451,266.6165,0.4173,203
1452,235.9554,0.4174,275
1453,240.1365,0.4175,256
1454,-37.4823,0.4176,231
1455,219.6149,0.4178,264
1456,6.9925,0.4180,350
1457,284.8484,0.4182,443
1458,270.1184,0.4183,239
1459,-46.7918,0.4184,140
1460,17.5965,0.4184,134
1461,1.0441,0.4185,73
1462,100.7701,0.4192,1000
1463,32.6468,0.4193,159
1464,13.4288,0.4194,165
1465,25.3285,0.4194,87
1466,-15.1373,0.4194,99
1467,1.4493,0.4195,178
1468,42.5006,0.4196,172
1469,283.4551,0.4197,225
1470,270.0200,0.4199,344
1471,224.9003,0.4200,247
1472,231.2236,0.4201,237
1473,247.8727,0.4206,725
1474,180.7796,0.4209,441
1475,246.3718,0.4210,232
1476,-11.8671,0.4210,110
1477,-55.0785,0.4211,151
1478,274.0114,0.4212,199
1479,212.1275,0.4213,238
1480,283.8614,0.4214,201
1481,271.4178,0.4215,259
1482,23.8392,0.4216,120
1483,221.6737,0.4216,204
1484,11.0901,0.4217,162
1485,101.8831,0.4224,897
1486,245.1112,0.4225,238
1487,269.2639,0.4227,276
1488,212.0738,0.4228,214
1489,-4.1683,0.4228,102
1490,246.4775,0.4229,209
1491,-14.4198,0.4229,76
1492,258.9355,0.4230,186
1493,61.4508,0.4231,120
1494,269.5994,0.4232,201
1495,224.4921,0.4234,377
1496,-0.4500,0.4234,103
1497,-89.5425,0.4237,490
1498,253.4254,0.4237,192
1499,217.2623,0.4239,365
1500,23.5437,0.4240,93
1501,5.5519,0.4240,112
1502,-15.5451,0.4241,209
1503,-19.3376,0.4241,117
1504,38.4221,0.4242,95
1505,-26.4380,0.4242,81
1506,14.2660,0.4242,98
1507,265.6876,0.4244,331
1508,245.8071,0.4245,234
1509,-17.9261,0.4245,146
1510,18.3466,0.4246,102
1511,61.7942,0.4246,133
1512,10.5718,0.4247,122
1513,275.7561,0.4248,186
1514,181.3353,0.4249,362
1515,-5.4222,0.4250,204
1516,242.0421,0.4251,232
1517,242.0570,0.4253,278
1518,252.5663,0.4254,244
1519,244.9852,0.4255,198
1520,216.2642,0.4257,437
1521,251.4547,0.4259,313
1522,170.2963,0.4262,508
1523,275.7169,0.4263,204
1524,242.5725,0.4264,272
1525,235.3317,0.4266,292
1526,228.3899,0.4269,437
1527,212.8991,0.4271,281
1528,254.9700,0.4272,311
1529,171.2845,0.4278,789
1530,250.1817,0.4280,279
1531,222.4615,0.4282,312
1532,63.7974,0.4290,1000
1533,220.3953,0.4293,391
1534,171.6218,0.4302,854
1535,-45.1746,0.4303,239
1536,-67.4781,0.4304,266
1537,-7.1543,0.4305,198
1538,-3.7741,0.4305,241
1539,189.9109,0.4308,400
1540,210.5656,0.4309,313
1541,219.4248,0.4311,294
1542,-30.1335,0.4311,159
1543,265.3917,0.4314,457
1544,259.9994,0.4315,240
1545,221.6158,0.4316,262
1546,196.0526,0.4318,435
1547,241.6518,0.4320,266
1548,15.7338,0.4321,236
1549,-39.4064,0.4322,240
1550,248.5873,0.4324,341
1551,247.0705,0.4326,355
1552,228.2062,0.4327,272
1553,262.0299,0.4328,239
1554,-9.6859,0.4329,282
1555,238.1571,0.4331,362
1556,271.1726,0.4333,446
1557,251.5202,0.4335,248
1558,230.7242,0.4336,251
1559,229.1097,0.4337,263
1560,-26.4486,0.4339,271
1561,250.4443,0.4340,332
1562,251.8261,0.4341,222
1563,235.0619,0.4344,343
1564,143.3089,0.4351,1000
1565,14.1353,0.4352,258
1566,242.6372,0.4354,305
1567,239.0041,0.4355,245
1568,264.8864,0.4356,231
1569,256.0052,0.4357,284
1570,-9.8576,0.4358,226
1571,-55.6520,0.4359,230
1572,213.9933,0.4361,396
1573,230.5946,0.4363,275
1574,-49.5784,0.4363,178
1575,242.6581,0.4364,252
1576,1.0598,0.4365,216
1577,233.1678,0.4367,439
1578,2.5025,0.4368,170
1579,21.2481,0.4369,155
1580,220.8338,0.4370,280
1581,235.0107,0.4371,240
1582,266.7140,0.4373,381
1583,239.8175,0.4375,338
1584,234.4831,0.4376,282
1585,221.7697,0.4378,265
1586,-31.2762,0.4378,177
1587,217.1296,0.4380,320
1588,108.8520,0.4387,1000
1589,199.8069,0.4391,424
1590,217.1163,0.4392,268
1591,245.5415,0.4394,347
1592,213.2660,0.4395,242
1593,-15.0500,0.4396,187
1594,298.9786,0.4398,313
1595,95.3788,0.4406,1000
1596,183.7158,0.4411,704
1597,254.1880,0.4412,273
1598,197.7035,0.4415,409
1599,229.0659,0.4416,349
1600,219.4321,0.4418,281
1601,252.7819,0.4419,234
1602,235.6051,0.4420,292
1603,17.2917,0.4421,193
1604,273.8594,0.4423,343
1605,110.8218,0.4431,1000
1606,10.5144,0.4431,163
1607,202.7801,0.4434,406
1608,267.9942,0.4436,343
1609,266.8566,0.4437,324
1610,237.7447,0.4439,327
1611,-35.4044,0.4440,195
1612,243.0583,0.4442,300
1613,14.4686,0.4442,104
1614,268.0084,0.4444,352
1615,155.5320,0.4446,492
1616,2.2110,0.4447,136
1617,268.2622,0.4449,355
1618,251.3113,0.4450,283
1619,-58.9554,0.4451,266
1620,264.4426,0.4453,350
1621,221.4624,0.4454,259
1622,274.8847,0.4456,279
1623,181.7796,0.4462,879
1624,242.9479,0.4464,277
1625,264.3252,0.4465,226
1626,261.7943,0.4468,485
1627,212.3056,0.4469,224
1628,244.2001,0.4470,262
1629,11.4673,0.4471,272
1630,235.4751,0.4478,854
1631,-104.1243,0.4480,416
1632,28.8598,0.4481,175
1633,240.9990,0.4482,269
1634,228.2871,0.4484,343
1635,186.0483,0.4487,416
1636,245.7630,0.4488,283
1637,210.7423,0.4491,467
1638,3.8807,0.4492,171
1639,224.3515,0.4499,935
1640,-24.2766,0.4500,146
1641,252.6309,0.4502,322
1642,227.3418,0.4503,237
1643,-33.9586,0.4505,283
1644,229.4376,0.4506,234
1645,257.9751,0.4507,238
1646,248.5140,0.4509,253
1647,241.5892,0.4510,258
1648,-14.0793,0.4511,210
1649,215.0973,0.4513,351
1650,231.2711,0.4514,221
1651,241.3389,0.4515,247
1652,23.5347,0.4515,138
1653,231.4252,0.4517,232
1654,228.1132,0.4524,817
1655,194.8110,0.4526,489
1656,234.4724,0.4527,219
1657,249.6466,0.4528,279
1658,-42.9235,0.4529,188
1659,-6.9618,0.4530,168
1660,266.2978,0.4531,236
1661,228.4102,0.4531,220
1662,250.7454,0.4533,264
1663,255.6556,0.4533,219
1664,-30.7398,0.4534,135
1665,210.9094,0.4536,284
1666,265.6200,0.4537,266
1667,20.4024,0.4538,132
1668,231.4960,0.4539,227
1669,-2.5674,0.4539,142
1670,238.8106,0.4540,237
1671,5.7708,0.4541,175
1672,-6.0510,0.4542,170
1673,-7.7827,0.4542,193
1674,250.2692,0.4544,266
1675,33.6428,0.4544,190
1676,-42.0537,0.4545,206
1677,281.6164,0.4546,193
1678,249.8427,0.4547,203
1679,5.9530,0.4548,199
1680,260.1265,0.4550,282
1681,19.0178,0.4550,177
1682,191.0329,0.4552,391
1683,242.1198,0.4553,218
1684,5.1296,0.4554,162
1685,240.1043,0.4555,221
1686,-7.9806,0.4555,141
1687,272.6338,0.4556,241
1688,233.9039,0.4557,216
1689,-1.8956,0.4558,122
1690,219.3855,0.4559,214
1691,-35.4785,0.4559,201
1692,-15.9803,0.4560,171
1693,-70.0972,0.4561,195
1694,197.4497,0.4563,358
1695,238.3377,0.4564,203
1696,220.7589,0.4567,490
1697,218.9803,0.4569,317
1698,246.1059,0.4570,207
1699,212.6645,0.4572,347
1700,249.3977,0.4572,220
1701,-42.3895,0.4573,190
1702,242.8346,0.4574,229
1703,261.1224,0.4576,272
1704,200.7667,0.4577,317
1705,-43.8499,0.4578,240
1706,-3.2110,0.4579,125
1707,228.1573,0.4580,261
1708,14.4456,0.4581,148
1709,5.1346,0.4582,199
1710,-1.3009,0.4583,195
1711,-8.6953,0.4584,248
1712,-55.4967,0.4585,259
1713,-23.7116,0.4586,201
1714,254.7647,0.4589,415
1715,-31.2761,0.4590,184
1716,230.6440,0.4596,631
1717,239.7423,0.4598,331
1718,223.7258,0.4599,261
1719,6.8094,0.4600,253
1720,238.4194,0.4602,328
1721,-71.0618,0.4604,363
1722,15.3394,0.4605,166
1723,-108.4358,0.4610,583
1724,12.0726,0.4611,181
1725,211.3088,0.4614,369
1726,195.2380,0.4615,228
1727,227.3955,0.4616,235
1728,235.7045,0.4622,800
1729,198.3751,0.4625,500
1730,220.8926,0.4631,653
1731,-23.2820,0.4632,256
1732,160.5559,0.4636,470
1733,6.2808,0.4637,218
1734,-117.5762,0.4642,612
1735,221.4656,0.4648,640
1736,187.3680,0.4650,338
1737,133.7523,0.4660,1000
1738,12.1856,0.4661,165
1739,131.1761,0.4670,1000
1740,119.2034,0.4676,719
1741,235.9457,0.4681,740
1742,-2.3807,0.4681,192
1743,252.0383,0.4683,285
1744,8.4125,0.4683,120
1745,240.9513,0.4684,216
1746,169.7343,0.4693,1000
1747,230.6367,0.4694,211
1748,125.5686,0.4701,1000
1749,271.2280,0.4703,290
1750,205.1910,0.4705,260
1751,150.4011,0.4706,329
1752,279.9311,0.4708,348
1753,180.1288,0.4715,900
1754,205.5299,0.4717,270
1755,259.7444,0.4718,222
1756,278.7918,0.4719,314
1757,241.9934,0.4721,318
1758,193.2446,0.4723,240
1759,209.1166,0.4726,516
1760,219.8137,0.4727,245
1761,49.9239,0.4728,202
1762,-16.0962,0.4729,129
1763,-1.4528,0.4729,140
1764,196.9439,0.4730,215
1765,219.9382,0.4732,342
1766,210.0754,0.4734,283
1767,-32.5990,0.4734,138
1768,-11.0259,0.4735,209
1769,-15.1601,0.4735,128
1770,1.5620,0.4736,195
1771,0.0997,0.4737,129
1772,251.8190,0.4738,209
1773,266.6274,0.4739,256
1774,-8.1239,0.4740,158
1775,235.6724,0.4745,843
1776,-18.8251,0.4746,137
1777,274.5107,0.4747,233
1778,26.1466,0.4748,160
1779,-67.2242,0.4749,286
1780,137.0222,0.4757,1000
1781,1.5099,0.4757,167
1782,-32.3717,0.4758,154
1783,139.8808,0.4765,1000
1784,-15.3763,0.4766,124
1785,-48.3566,0.4766,133
1786,258.9772,0.4767,235
1787,225.9780,0.4769,244
1788,228.6599,0.4771,413
1789,15.8843,0.4772,154
1790,214.8450,0.4773,278
1791,260.5661,0.4776,558
1792,267.4322,0.4778,257
1793,264.5616,0.4779,267
1794,-1.7954,0.4779,133
1795,271.8912,0.4781,254
1796,260.6462,0.4782,233
1797,249.4633,0.4785,595
1798,227.1530,0.4790,841
1799,242.7321,0.4791,229
1800,221.5765,0.4792,224
1801,238.5415,0.4793,217
1802,166.3880,0.4801,1000
1803,224.3229,0.4803,459
1804,2.2678,0.4804,154
1805,22.3158,0.4804,159
1806,189.9232,0.4805,246
1807,239.0766,0.4806,180
1808,-5.3309,0.4807,140
1809,20.5925,0.4807,107
1810,-11.1714,0.4808,125
1811,199.2645,0.4813,848
1812,272.4122,0.4814,249
1813,-16.0083,0.4815,123
1814,-44.6821,0.4823,1000
1815,259.4272,0.4825,280
1816,-14.9645,0.4826,247
1817,226.0251,0.4827,262
1818,282.2655,0.4829,248
1819,255.5316,0.4830,259
1820,13.0172,0.4831,206
1821,224.4301,0.4832,249
1822,139.5556,0.4841,1000
1823,239.9188,0.4842,232
1824,190.7376,0.4853,1000
1825,68.7094,0.4859,1000
1826,255.3602,0.4861,264
1827,-17.2746,0.4861,138
1828,227.1153,0.4862,253
1829,247.6228,0.4864,256
1830,240.0223,0.4865,313
1831,-78.9020,0.4868,461
1832,225.2581,0.4869,266
1833,28.3590,0.4870,209
1834,249.1070,0.4872,335
1835,123.8373,0.4882,1000
1836,136.4736,0.4892,1000
1837,1.3582,0.4893,192
1838,243.5694,0.4894,232
1839,241.8702,0.4898,520
1840,282.3754,0.4899,226
1841,265.0415,0.4900,275
1842,126.0016,0.4910,1000
1843,5.0360,0.4911,164
1844,262.8302,0.4912,263
1845,283.3159,0.4914,341
1846,251.9855,0.4915,242
1847,266.2520,0.4916,277
1848,251.3723,0.4919,359
1849,267.9134,0.4920,255
1850,-4.9209,0.4920,144
1851,263.0493,0.4922,257
1852,232.4116,0.4923,250
1853,254.2336,0.4924,223
1854,-1.3478,0.4925,148
1855,246.2423,0.4926,229
1856,223.1934,0.4927,234
1857,290.3112,0.4929,384
1858,87.0717,0.4937,1000
1859,242.8626,0.4938,279
1860,253.6904,0.4944,722
1861,95.0597,0.4951,1000
1862,248.8668,0.4952,242
1863,6.5078,0.4953,208
1864,214.1339,0.4954,276
1865,9.6118,0.4955,203
1866,222.4679,0.4958,520
1867,178.3587,0.4960,305
1868,279.2834,0.4961,245
1869,258.6035,0.4962,215
1870,239.9898,0.4965,432
1871,240.0410,0.4966,215
1872,147.0273,0.4974,1000
1873,-61.8356,0.4975,267
1874,-4.5232,0.4976,191
1875,247.5082,0.4977,205
1876,240.3239,0.4978,237
1877,233.9472,0.4979,219
1878,265.6006,0.4980,215
1879,279.1256,0.4981,220
1880,260.4078,0.4982,208
1881,272.4641,0.4983,226
1882,261.8202,0.4984,227
1883,273.1324,0.4985,204
1884,19.2912,0.4985,108
1885,262.5609,0.4987,334
1886,-23.5019,0.4988,173
1887,236.1749,0.4989,219
1888,272.3660,0.4990,266
1889,276.9270,0.4991,226
1890,263.7085,0.4992,220
1891,271.4931,0.4993,260
1892,0.8444,0.4994,154
1893,220.0439,0.4995,257
1894,289.0846,0.4996,212
1895,13.2528,0.4997,165
1896,51.1062,0.5004,1000
1897,225.2771,0.5005,222
1898,278.7348,0.5006,195
1899,270.0178,0.5007,192
1900,262.4444,0.5008,207
1901,272.4883,0.5008,195
1902,-27.9186,0.5009,151
1903,268.6918,0.5010,224
1904,-3.2782,0.5010,153
1905,9.6208,0.5011,122
1906,-6.6589,0.5011,93
1907,280.4123,0.5012,251
1908,252.9253,0.5013,206
1909,115.6327,0.5022,1000
1910,196.6832,0.5024,232
1911,262.5675,0.5024,215
1912,-24.1149,0.5025,101
1913,257.3821,0.5026,277
1914,267.9905,0.5027,210
1915,260.3639,0.5028,221
1916,277.0489,0.5029,196
1917,276.8872,0.5030,189
1918,-46.5226,0.5030,160
1919,188.6164,0.5033,514
1920,-1.9224,0.5034,151
1921,32.9095,0.5034,159
1922,-10.5732,0.5035,122
1923,146.7660,0.5042,649
1924,272.8102,0.5043,252
1925,-55.5641,0.5044,117
1926,263.4514,0.5045,206
1927,266.3007,0.5051,777
1928,28.5253,0.5052,202
1929,234.0874,0.5054,304
1930,287.2344,0.5055,232
1931,-48.8164,0.5056,246
1932,262.8919,0.5057,231
1933,206.4715,0.5058,217
1934,-22.3504,0.5059,124
1935,-31.6243,0.5059,127
1936,226.8372,0.5060,230
1937,205.8275,0.5062,297
1938,233.6810,0.5063,294
1939,-41.3182,0.5065,268
1940,233.8048,0.5066,237
1941,237.8048,0.5067,274
1942,199.7803,0.5069,267
1943,262.7182,0.5070,226
1944,242.5513,0.5076,765
1945,268.5083,0.5077,227
1946,255.5811,0.5078,238
1947,-23.8802,0.5079,128
1948,240.5605,0.5080,247
1949,9.9487,0.5081,200
1950,262.2156,0.5082,237
1951,213.2073,0.5083,333
1952,21.2618,0.5084,188
1953,151.7901,0.5090,1000
1954,225.8624,0.5094,442
1955,-25.1638,0.5094,99
1956,263.8501,0.5095,244
1957,-19.9405,0.5096,168
1958,-80.0543,0.5098,397
1959,240.1698,0.5099,210
1960,-0.2539,0.5100,191
1961,280.9581,0.5101,231
1962,225.7524,0.5105,603
1963,235.4709,0.5108,452
1964,256.3770,0.5109,217
1965,-20.1209,0.5109,143
1966,-35.1249,0.5110,174
1967,197.7909,0.5111,243
1968,126.9699,0.5119,1000
1969,261.2940,0.5120,225
1970,-1.5182,0.5121,178
1971,247.1230,0.5122,287
1972,-5.7300,0.5122,136
1973,267.1336,0.5123,196
1974,274.6203,0.5124,232
1975,224.1359,0.5126,267
1976,264.4279,0.5127,210
1977,259.3596,0.5128,214
1978,240.6240,0.5129,264
1979,248.0199,0.5130,211
1980,177.4018,0.5138,766
1981,271.1944,0.5139,224
1982,212.7767,0.5140,246
1983,-33.7474,0.5142,315
1984,243.4043,0.5143,274
1985,275.8192,0.5144,207
1986,-11.7308,0.5145,132
1987,255.8019,0.5146,198
1988,-16.1808,0.5146,135
1989,262.3380,0.5147,252
1990,269.2453,0.5149,374
1991,-29.1428,0.5150,245
1992,274.9046,0.5152,403
1993,-1.1683,0.5153,106
1994,260.1713,0.5154,207
1995,257.9185,0.5154,202
1996,57.3313,0.5155,139
1997,276.2272,0.5156,193
1998,14.8012,0.5157,143
1999,110.4818,0.5166,1000
2000,4.6867,0.5166,90
2001,1.8615,0.5167,167
2002,207.5745,0.5169,339
2003,230.1528,0.5174,676
2004,246.0644,0.5175,195
2005,258.7482,0.5176,229
2006,-25.1079,0.5177,193
2007,126.2913,0.5184,1000
2008,231.2209,0.5186,313
2009,7.4719,0.5186,127
2010,10.3923,0.5187,141
2011,247.5878,0.5188,286
2012,-20.9306,0.5189,175
2013,231.0605,0.5190,241
2014,249.9172,0.5193,432
2015,268.9316,0.5194,228
2016,111.0233,0.5201,1000
2017,259.8759,0.5202,239
2018,130.3001,0.5209,1000
2019,114.5808,0.5219,1000
2020,-34.9414,0.5220,235
2021,235.4257,0.5221,291
2022,24.8612,0.5222,173
2023,263.7581,0.5223,254
2024,225.6558,0.5224,244
2025,238.6138,0.5226,287
2026,99.0866,0.5235,1000
2027,232.1041,0.5237,369
2028,26.9657,0.5238,168
2029,203.2764,0.5239,239
2030,-30.0358,0.5240,270
2031,233.5883,0.5242,347
2032,31.0019,0.5243,211
2033,263.3512,0.5244,281
2034,-17.8036,0.5245,244
2035,246.2373,0.5247,249
2036,13.8905,0.5247,152
2037,205.6767,0.5249,292
2038,206.2342,0.5250,282
2039,17.3150,0.5251,182
2040,257.0729,0.5252,234
2041,216.1851,0.5254,324
2042,242.8245,0.5257,590
2043,-17.5299,0.5258,232
2044,234.9162,0.5260,370
2045,12.4367,0.5260,154
2046,105.8989,0.5268,1000
2047,257.3017,0.5269,243
2048,-53.7108,0.5270,249
2049,243.6689,0.5271,268
2050,187.4259,0.5273,396
2051,187.8820,0.5274,277
2052,-6.4452,0.5275,181
2053,198.9289,0.5283,857
2054,258.7004,0.5284,292
2055,196.3747,0.5285,273
2056,225.8219,0.5287,263
2057,255.7878,0.5288,274
2058,247.1508,0.5289,255
2059,192.8718,0.5293,528
2060,212.7748,0.5294,280
2061,-6.6652,0.5295,154
2062,4.1614,0.5296,280
2063,133.2564,0.5304,1000
2064,258.9829,0.5306,267
2065,211.8437,0.5308,340
2066,256.3341,0.5312,885
2067,244.0409,0.5315,372
2068,231.0873,0.5317,379
2069,-247.8100,0.5319,473
2070,-37.3201,0.5320,174
2071,-353.7700,0.5321,288
2072,158.1892,0.5327,617
2073,60.9627,0.5338,1000
2074,-215.2663,0.5347,953
2075,-279.7986,0.5349,431
2076,-73.9680,0.5357,1000
2077,-6.6268,0.5358,167
2078,38.5519,0.5369,1000
2079,24.7029,0.5379,1000
2080,173.4150,0.5385,792
2081,-19.2698,0.5398,1000
2082,248.3967,0.5400,361
2083,264.0821,0.5402,293
2084,233.0663,0.5405,498
2085,-6.8078,0.5415,1000
2086,253.3746,0.5416,323
2087,233.5019,0.5418,320
2088,-34.1544,0.5428,1000
2089,244.4181,0.5430,322
2090,-17.8987,0.5437,1000
2091,-45.0718,0.5446,1000
2092,229.0080,0.5448,306
2093,132.7842,0.5456,1000
2094,233.8666,0.5461,842
2095,-66.9005,0.5474,1000
2096,-48.6029,0.5475,206
2097,-2.9170,0.5475,99
2098,184.1036,0.5478,391
2099,188.0332,0.5487,984
2100,182.3425,0.5490,396
2101,186.8841,0.5493,571
2102,11.3987,0.5494,173
2103,-88.6771,0.5507,1000
2104,-36.1087,0.5508,251
2105,256.9905,0.5508,189
2106,-32.6940,0.5510,246
2107,246.2720,0.5510,224
2108,-31.4672,0.5511,177
2109,240.7460,0.5513,337
2110,-46.2915,0.5522,1000
2111,-38.2004,0.5535,1000
2112,-67.0985,0.5536,237
2113,244.8821,0.5537,285
2114,204.1737,0.5539,333
2115,-10.0877,0.5554,1000
2116,280.1788,0.5555,225
2117,198.1504,0.5560,780
2118,-204.7549,0.5570,957
2119,134.9437,0.5574,481
2120,245.8716,0.5575,340
2121,211.9695,0.5577,279
2122,-33.8374,0.5577,173
2123,-16.3371,0.5586,1000
2124,-83.0667,0.5593,1000
2125,193.7661,0.5595,291
2126,-25.6084,0.5596,187
2127,239.4118,0.5600,492
2128,221.3985,0.5602,316
2129,232.5084,0.5603,251
2130,238.0499,0.5605,306
2131,-102.3566,0.5609,559
2132,234.4510,0.5610,296
2133,270.5384,0.5611,250
2134,224.5405,0.5613,293
2135,239.8733,0.5615,281
2136,154.5838,0.5622,696
2137,239.6259,0.5624,271
2138,234.8764,0.5625,249
2139,4.6436,0.5625,182
2140,248.3621,0.5627,269
2141,196.0845,0.5628,300
2142,242.5242,0.5630,287
2143,209.7985,0.5632,319
2144,-2.3885,0.5646,1000
2145,222.2038,0.5648,297
2146,78.1617,0.5654,1000
2147,-60.6239,0.5664,1000
2148,234.8106,0.5666,275
2149,225.2721,0.5667,282
2150,27.3604,0.5668,170
2151,-15.4512,0.5669,256
2152,245.5293,0.5671,346
2153,233.7541,0.5673,325
2154,208.5253,0.5675,298
2155,-19.2238,0.5676,177
2156,203.1078,0.5678,337
2157,26.4858,0.5679,157
2158,223.9210,0.5680,288
2159,226.1287,0.5681,263
2160,-79.2917,0.5683,256
2161,200.0721,0.5686,468
2162,239.8730,0.5687,290
2163,-13.8089,0.5695,1000
2164,240.9030,0.5697,309
2165,171.7532,0.5704,784
2166,263.5977,0.5706,376
2167,244.4079,0.5708,307
2168,221.6098,0.5710,320
2169,223.1798,0.5711,298
2170,9.6764,0.5712,247
2171,-176.9462,0.5713,102
2172,216.2456,0.5717,492
2173,-142.7716,0.5720,557
2174,231.3211,0.5722,317
2175,-80.8858,0.5724,406
2176,-46.7436,0.5726,327
2177,-47.4938,0.5727,184
2178,236.0755,0.5728,289
2179,209.6713,0.5730,334
2180,218.6535,0.5732,330
2181,-43.1881,0.5735,451
2182,271.3416,0.5737,379
2183,245.3989,0.5739,282
2184,254.1467,0.5741,420
2185,250.6878,0.5743,328
2186,251.3042,0.5744,272
2187,10.3845,0.5745,232
2188,238.0068,0.5747,350
2189,215.7299,0.5750,386
2190,238.3488,0.5752,390
2191,-13.0573,0.5753,217
2192,205.5077,0.5757,494
2193,232.1117,0.5758,216
2194,255.2925,0.5759,262
2195,249.6180,0.5760,240
2196,200.3783,0.5766,699
2197,204.9784,0.5768,361
2198,216.2358,0.5769,314
2199,231.8724,0.5774,555
2200,109.8731,0.5782,1000
2201,244.1316,0.5785,436
2202,231.6822,0.5787,338
2203,186.6411,0.5794,773
2204,-30.0525,0.5795,223
2205,224.6909,0.5796,268
2206,225.4379,0.5799,354
2207,227.1378,0.5800,320
2208,224.8099,0.5802,296
2209,266.0711,0.5804,291
2210,239.9954,0.5805,318
2211,-100.6635,0.5807,370
2212,-22.3844,0.5808,218
2213,233.0991,0.5810,355
2214,256.1604,0.5811,273
2215,259.4681,0.5814,405
2216,120.6381,0.5818,608
2217,59.5256,0.5820,318
2218,212.6910,0.5822,409
2219,-8.8078,0.5823,313
2220,249.2224,0.5826,366
2221,157.8826,0.5828,413
2222,277.5091,0.5833,577
2223,210.7531,0.5835,354
2224,267.5407,0.5837,322
2225,-154.8883,0.5839,364
2226,212.6446,0.5845,879
2227,229.1870,0.5848,406
2228,-18.0732,0.5849,236
2229,-0.4054,0.5850,184
2230,225.1631,0.5851,256
2231,260.4320,0.5852,204
2232,-41.7395,0.5852,111
2233,-41.6334,0.5853,246
2234,243.4170,0.5860,944
2235,218.0912,0.5866,748
2236,262.1379,0.5867,221
2237,266.3885,0.5869,354
2238,1.3103,0.5869,165
2239,231.3604,0.5871,241
2240,221.9517,0.5872,303
2241,-67.0492,0.5873,288
2242,-4.3797,0.5874,177
2243,-10.3473,0.5875,275
2244,36.3391,0.5876,130
2245,227.6639,0.5878,396
2246,-11.0961,0.5879,173
2247,249.4351,0.5880,236
2248,254.2589,0.5881,208
2249,253.3676,0.5882,231
2250,239.5033,0.5883,236
2251,273.6877,0.5884,241
2252,245.4435,0.5885,244
2253,246.2888,0.5886,208
2254,-85.9882,0.5889,520
2255,248.7366,0.5890,262
2256,230.3601,0.5891,303
2257,106.0209,0.5900,1000
2258,-34.2825,0.5901,112
2259,262.3591,0.5902,289
2260,196.4393,0.5905,522
2261,185.0316,0.5907,390
2262,-9.5398,0.5907,164
2263,235.5485,0.5908,235
2264,4.3472,0.5909,174
2265,-9.7677,0.5909,114
2266,230.1078,0.5911,271
2267,269.3104,0.5911,208
2268,245.9450,0.5912,213
2269,12.9266,0.5913,130
2270,257.0555,0.5914,277
2271,197.6561,0.5916,408
2272,161.1198,0.5924,1000
2273,234.9083,0.5925,294
2274,-25.0242,0.5926,172
2275,226.9931,0.5927,235
2276,165.6360,0.5930,500
2277,8.1548,0.5931,123
2278,231.5405,0.5932,315
2279,238.5649,0.5933,251
2280,225.3018,0.5935,275
2281,215.7386,0.5936,270
2282,248.7470,0.5938,402
2283,-4.6897,0.5940,313
2284,258.6079,0.5942,300
2285,229.4808,0.5943,255
2286,-4.3151,0.5943,163
2287,233.8811,0.5946,419
2288,47.0939,0.5946,122
2289,-105.1646,0.5947,125
2290,-7.3828,0.5947,134
2291,283.8877,0.5948,203
2292,242.1703,0.5949,251
2293,239.4707,0.5950,215
2294,219.6733,0.5951,264
2295,201.7357,0.5954,394
2296,-40.9235,0.5955,296
2297,212.1131,0.5958,361
2298,-21.0181,0.5958,159
2299,274.3612,0.5960,292
2300,248.0697,0.5961,298
2301,257.4726,0.5963,311
2302,-4.8216,0.5973,1000
2303,132.6327,0.5979,736
2304,128.9605,0.5988,872
2305,264.6713,0.5989,161
2306,168.7739,0.5997,786
2307,5.3953,0.5997,107
2308,-43.3718,0.5997,100
2309,32.2907,0.5998,125
2310,-47.2514,0.5998,96
2311,-32.1364,0.5999,88
2312,16.2369,0.5999,102
2313,-73.9082,0.5999,93
2314,198.8297,0.6003,461
2315,3.4525,0.6003,112
2316,11.2569,0.6004,145
2317,-120.5463,0.6004,90
2318,28.2292,0.6005,96
2319,-8.3308,0.6005,94
2320,266.3240,0.6006,167
2321,22.5268,0.6006,92
2322,-13.8033,0.6006,102
2323,29.5382,0.6007,83
2324,276.0499,0.6008,381
2325,-48.1749,0.6009,110
2326,270.0102,0.6010,164
2327,-50.0864,0.6010,81
2328,-64.7263,0.6010,62
2329,-26.6809,0.6010,65
2330,-14.6936,0.6012,347
2331,258.2113,0.6017,589
2332,-23.1349,0.6019,238
2333,-49.0536,0.6019,97
2334,247.1579,0.6022,603
2335,198.9767,0.6025,405
2336,5.1728,0.6026,147
2337,15.5143,0.6026,82
2338,-58.3690,0.6026,98
2339,33.7602,0.6027,135
2340,245.1831,0.6029,442
2341,-11.0497,0.6030,101
2342,-4.9179,0.6030,110
2343,2.9230,0.6031,227
2344,-6.8163,0.6033,266
2345,235.4062,0.6035,434
2346,224.6208,0.6039,430
2347,-56.3138,0.6041,372
2348,194.0175,0.6043,360
2349,174.9447,0.6051,741
2350,191.6939,0.6056,716
2351,189.9740,0.6063,850
2352,194.8505,0.6067,456
2353,192.0198,0.6075,829
2354,131.0277,0.6086,935
2355,263.5314,0.6087,295
2356,63.1634,0.6100,1000
2357,230.4503,0.6101,246
2358,228.6812,0.6104,415
2359,247.5671,0.6106,318
2360,253.0812,0.6108,343
2361,14.4160,0.6109,243
2362,250.1000,0.6113,517
2363,235.9779,0.6115,384
2364,-14.9562,0.6117,356
2365,230.6554,0.6118,287
2366,254.4114,0.6120,399
2367,235.6793,0.6123,362
2368,219.1681,0.6128,590
2369,210.8571,0.6130,325
2370,239.7270,0.6132,349
2371,231.0598,0.6135,388
2372,229.6864,0.6139,474
2373,241.7310,0.6140,246
2374,-20.9922,0.6141,196
2375,235.6843,0.6142,239
2376,-8.5832,0.6143,149
2377,216.3982,0.6145,342
2378,-8.9637,0.6145,137
2379,228.6446,0.6147,266
2380,191.9609,0.6151,808
2381,229.6743,0.6153,304
2382,131.6880,0.6160,1000
2383,225.2805,0.6161,229
2384,167.6943,0.6164,438
2385,126.7941,0.6172,1000
2386,-3.2881,0.6173,219
2387,256.3344,0.6175,376
2388,201.9153,0.6186,883
2389,251.9296,0.6188,420
2390,236.8088,0.6190,304
2391,217.3970,0.6195,494
2392,224.2770,0.6196,270
2393,-32.6609,0.6197,250
2394,-3.3776,0.6198,226
2395,258.0027,0.6201,476
2396,17.4850,0.6203,288
2397,-131.4829,0.6204,326
2398,-3.3882,0.6205,160
2399,-0.0061,0.6205,193
2400,141.3271,0.6215,996
2401,122.4690,0.6219,671
2402,253.8071,0.6221,315
2403,13.7633,0.6222,170
2404,13.8691,0.6223,301
2405,213.9432,0.6226,396
2406,176.4484,0.6231,662
2407,225.5074,0.6233,326
2408,-106.6594,0.6239,773
2409,245.3406,0.6240,283
2410,162.6663,0.6247,602
2411,-13.0742,0.6247,154
2412,144.2386,0.6260,983
2413,198.8921,0.6262,391
2414,222.8832,0.6267,624
2415,-38.2243,0.6269,364
2416,262.1408,0.6271,301
2417,222.3295,0.6274,406
2418,188.0839,0.6280,655
2419,246.8094,0.6282,286
2420,88.1522,0.6292,1000
2421,276.3895,0.6293,267
2422,1.0213,0.6305,1000
2423,-71.2569,0.6308,515
2424,219.7810,0.6310,321
2425,216.9650,0.6313,352
2426,14.8582,0.6322,1000
2427,184.8115,0.6325,456
2428,-6.6494,0.6339,1000
2429,201.9561,0.6347,701
2430,-3.7168,0.6360,1000
2431,104.6657,0.6370,1000
2432,-16.6604,0.6389,1000
2433,-16.6542,0.6403,1000
2434,160.5477,0.6409,587
2435,-5.1279,0.6424,1000
2436,226.0473,0.6426,318
2437,203.2931,0.6429,362
2438,190.3244,0.6432,471
2439,-33.6329,0.6433,236
2440,280.5604,0.6436,388
2441,241.8272,0.6437,267
2442,239.0141,0.6438,267
2443,192.2191,0.6441,470
2444,96.0061,0.6449,1000
2445,213.0709,0.6451,414
2446,227.8033,0.6453,312
2447,75.7208,0.6462,1000
2448,228.9454,0.6466,756
2449,201.1986,0.6472,539
2450,240.6906,0.6473,238
2451,210.9737,0.6475,285
2452,243.8910,0.6476,274
2453,245.5878,0.6477,235
2454,94.1060,0.6489,1000
2455,271.4297,0.6490,241
2456,211.9741,0.6497,689
2457,240.3871,0.6498,240
2458,113.9009,0.6508,1000
2459,235.1980,0.6510,355
2460,271.0984,0.6511,261
2461,-7.5372,0.6512,163
2462,260.3402,0.6513,250
2463,264.7255,0.6515,251
2464,266.1363,0.6516,231
2465,271.1330,0.6517,219
2466,21.9924,0.6518,318
2467,84.0952,0.6526,1000
2468,130.5698,0.6532,1000
2469,256.3357,0.6534,222
2470,224.7266,0.6536,363
2471,2.1530,0.6536,140
2472,230.5892,0.6537,241
2473,111.3757,0.6546,1000
2474,97.6790,0.6557,1000
2475,237.3482,0.6558,266
2476,-81.8686,0.6562,535
2477,100.9467,0.6573,1000
2478,251.7054,0.6574,246
2479,240.3756,0.6575,223
2480,207.9447,0.6577,339
2481,257.2040,0.6578,307
2482,272.2337,0.6579,213
2483,-32.1659,0.6581,243
2484,247.0681,0.6582,259
2485,250.4245,0.6583,230
2486,197.8620,0.6588,695
2487,243.3534,0.6590,312
2488,231.5174,0.6592,264
2489,149.3016,0.6597,1000
2490,230.1059,0.6599,282
2491,16.3538,0.6600,189
2492,-13.6237,0.6600,167
2493,232.1732,0.6601,232
2494,-25.2942,0.6602,161
2495,253.2646,0.6603,264
2496,-6.5919,0.6604,132
2497,219.7796,0.6605,247
2498,158.0386,0.6611,1000
2499,-15.0300,0.6612,191
2500,265.1928,0.6613,255
2501,260.7066,0.6614,238
2502,218.1355,0.6616,223
2503,-20.4530,0.6616,159
2504,33.7246,0.6617,128
2505,257.1774,0.6619,371
2506,261.2079,0.6623,585
2507,282.9047,0.6624,193
2508,22.8096,0.6625,282
2509,-93.1554,0.6628,480
2510,12.0732,0.6629,164
2511,254.2864,0.6630,228
2512,211.9297,0.6631,288
2513,260.5564,0.6632,204
2514,142.0297,0.6640,1000
2515,12.1212,0.6641,145
2516,131.0507,0.6650,1000
2517,250.6906,0.6651,202
2518,256.0047,0.6652,322
2519,264.7986,0.6654,231
2520,266.8606,0.6654,202
2521,-41.4167,0.6655,167
2522,-18.0464,0.6656,161
2523,251.3532,0.6657,216
2524,-8.3845,0.6657,184
2525,15.2697,0.6658,131
2526,286.7199,0.6659,198
2527,228.5877,0.6660,275
2528,-21.1184,0.6661,188
2529,-23.0012,0.6661,143
2530,249.0763,0.6662,197
2531,-1.3847,0.6663,199
2532,230.6115,0.6664,240
2533,264.6761,0.6666,266
2534,26.4583,0.6666,194
2535,-19.4390,0.6667,133
2536,-26.8839,0.6667,133
2537,253.8007,0.6669,266
2538,238.8638,0.6670,303
2539,248.7797,0.6671,201
2540,-15.4805,0.6672,249
2541,237.5728,0.6673,279
2542,258.6475,0.6674,206
2543,22.1864,0.6675,158
2544,191.4545,0.6678,567
2545,-44.6133,0.6678,167
2546,242.8070,0.6681,356
2547,-13.9920,0.6682,130
2548,116.0863,0.6690,1000
2549,243.6138,0.6691,246
2550,256.8398,0.6692,220
2551,255.2033,0.6693,228
2552,237.0834,0.6694,208
2553,249.7816,0.6695,215
2554,-20.8091,0.6695,179
2555,221.7755,0.6698,412
2556,272.8793,0.6699,212
2557,262.4372,0.6701,258
2558,-16.6330,0.6702,246
2559,247.5212,0.6705,484
2560,14.1465,0.6706,173
2561,249.7056,0.6707,205
2562,280.3265,0.6708,243
2563,113.0003,0.6716,1000
2564,2.9729,0.6717,315
2565,242.0326,0.6718,212
2566,-10.4346,0.6719,194
2567,143.2173,0.6727,1000
2568,264.9340,0.6728,224
2569,-23.4663,0.6729,207
2570,234.5163,0.6731,429
2571,278.1439,0.6733,288
2572,1.3619,0.6733,135
2573,109.2945,0.6742,1000
2574,-5.7750,0.6743,164
2575,-35.2839,0.6744,174
2576,268.7889,0.6745,309
2577,216.7275,0.6746,236
2578,270.6542,0.6747,188
2579,244.3243,0.6748,207
2580,207.6292,0.6751,453
2581,199.5522,0.6753,343
2582,245.2615,0.6754,201
2583,-2.4047,0.6754,156
2584,262.8858,0.6756,350
2585,258.5821,0.6757,224
2586,226.2890,0.6760,439
2587,218.1508,0.6762,391
2588,248.3893,0.6764,254
2589,255.6869,0.6766,363
2590,111.1021,0.6774,1000
2591,239.3442,0.6777,513
2592,229.8891,0.6779,376
2593,10.0703,0.6780,240
2594,227.3679,0.6782,323
2595,259.5543,0.6783,195
2596,251.3826,0.6784,261
2597,255.4436,0.6785,213
2598,-18.8073,0.6786,147
2599,6.3944,0.6786,137
2600,11.1681,0.6787,163
2601,228.4111,0.6789,326
2602,215.7596,0.6791,342
2603,254.8186,0.6793,350
2604,220.8210,0.6794,285
2605,-29.9737,0.6796,303
2606,-30.5315,0.6797,199
2607,93.0494,0.6805,1000
2608,15.6982,0.6807,272
2609,206.2467,0.6810,363
2610,251.7546,0.6811,267
2611,236.5356,0.6812,275
2612,230.4024,0.6813,233
2613,238.8800,0.6815,261
2614,212.6028,0.6819,654
2615,202.1107,0.6822,386
2616,213.9208,0.6823,250
2617,248.3198,0.6824,257
2618,239.7902,0.6826,268
2619,232.2270,0.6828,334
2620,211.5428,0.6830,299
2621,-20.3050,0.6830,148
2622,241.6333,0.6832,266
2623,249.7089,0.6833,238
2624,237.4455,0.6834,243
2625,1.8308,0.6834,122
2626,124.2673,0.6842,1000
2627,-41.5471,0.6845,449
2628,239.4342,0.6846,262
2629,250.6451,0.6848,262
2630,236.7299,0.6849,275
2631,-29.0496,0.6851,288
2632,219.4466,0.6852,306
2633,-21.3381,0.6853,130
2634,261.4285,0.6856,510
2635,127.9342,0.6865,1000
2636,-0.1739,0.6865,137
2637,233.4959,0.6866,225
2638,235.2957,0.6868,246
2639,-29.6510,0.6873,521
2640,251.9583,0.6874,258
2641,262.5698,0.6875,262
2642,265.7431,0.6876,237
2643,254.0859,0.6877,235
2644,241.0409,0.6879,296
2645,-3.4154,0.6881,355
2646,125.4392,0.6888,1000
2647,217.9895,0.6889,275
2648,235.6180,0.6891,238
2649,-2.8320,0.6892,175
2650,43.2888,0.6892,137
2651,218.9625,0.6897,738
2652,251.1132,0.6898,243
2653,9.4696,0.6899,151
2654,233.9200,0.6906,963
2655,-26.2677,0.6906,111
2656,202.9953,0.6909,458
2657,231.8797,0.6910,244
2658,220.9943,0.6912,283
2659,253.3463,0.6913,283
2660,242.7671,0.6915,238
2661,275.1418,0.6916,213
2662,229.9029,0.6924,946
2663,-25.4241,0.6925,201
2664,264.2630,0.6926,227
2665,228.1902,0.6928,346
2666,248.1361,0.6929,228
2667,247.3979,0.6930,249
2668,-7.8124,0.6932,318
2669,22.0564,0.6933,207
2670,13.4911,0.6933,183
2671,10.4586,0.6934,132
2672,238.2627,0.6935,244
2673,265.1275,0.6936,229
2674,-28.4312,0.6937,219
2675,228.4265,0.6938,232
2676,247.3313,0.6939,287
2677,247.7264,0.6940,224
2678,21.0640,0.6941,196
2679,-2.6609,0.6942,149
2680,228.5484,0.6943,252
2681,224.2278,0.6944,248
2682,254.8390,0.6945,266
2683,248.0967,0.6947,246
2684,237.2567,0.6948,244
2685,222.8122,0.6952,681
2686,242.1877,0.6955,417
2687,257.9304,0.6956,236
2688,269.4682,0.6957,261
2689,-37.0242,0.6958,161
2690,113.6850,0.6964,1000
2691,-13.5349,0.6964,188
2692,125.6909,0.6974,1000
2693,243.8618,0.6976,329
2694,225.0148,0.6979,485
2695,266.8682,0.6980,253
2696,15.0533,0.6981,146
2697,234.4150,0.6982,241
2698,268.8833,0.6984,356
2699,222.3165,0.6985,243
2700,-42.1672,0.6986,163
2701,264.6836,0.6987,289
2702,-31.2167,0.6988,226
2703,212.9266,0.6995,909
2704,237.7292,0.6996,252
2705,260.5452,0.6997,275
2706,257.6126,0.6998,234
2707,236.2329,0.6999,217
2708,-11.8427,0.7000,144
2709,250.4651,0.7001,221
2710,258.0098,0.7002,269
2711,7.5194,0.7003,229
2712,233.4095,0.7005,379
2713,249.5754,0.7007,252
2714,19.7895,0.7008,153
2715,33.6880,0.7008,154
2716,133.2389,0.7015,1000
2717,-17.8218,0.7017,334
2718,255.8579,0.7018,223
2719,255.8008,0.7019,240
2720,126.2346,0.7029,1000
2721,-9.0742,0.7032,393
2722,263.3160,0.7033,259
2723,266.5211,0.7034,234
2724,216.1344,0.7035,221
2725,240.4832,0.7038,537
2726,235.8408,0.7040,297
2727,250.2233,0.7041,218
2728,240.1614,0.7042,215
2729,235.4673,0.7048,980
2730,240.2089,0.7050,258
2731,0.5841,0.7051,240
2732,-20.0688,0.7051,168
2733,250.7388,0.7053,263
2734,248.5336,0.7054,250
2735,252.0027,0.7055,267
2736,220.8151,0.7057,255
2737,-0.2893,0.7058,287
2738,208.8874,0.7059,259
2739,131.1187,0.7067,1000
2740,232.9108,0.7068,256
2741,259.4276,0.7070,264
2742,251.4964,0.7073,414
2743,244.5343,0.7074,237
2744,133.9416,0.7081,1000
2745,5.6441,0.7082,175
2746,15.1931,0.7082,182
2747,-36.3964,0.7083,195
2748,236.9611,0.7084,234
2749,-13.5208,0.7086,250
2750,20.6984,0.7086,132
2751,87.7035,0.7095,1000
2752,-17.3463,0.7096,135
2753,255.8375,0.7097,281
2754,263.7161,0.7098,256
2755,-6.9215,0.7099,141
2756,248.3247,0.7101,299
2757,230.6401,0.7102,236
2758,138.0175,0.7110,1000
2759,10.0683,0.7111,174
2760,-37.2873,0.7112,150
2761,267.3720,0.7113,295
2762,261.1578,0.7115,355
2763,268.0928,0.7117,231
2764,6.1428,0.7117,150
2765,-7.4564,0.7118,184
2766,-26.4536,0.7119,282
2767,-66.6234,0.7120,159
2768,-19.0065,0.7120,127
2769,240.4196,0.7121,210
2770,-9.8436,0.7122,161
2771,259.9197,0.7123,224
2772,34.2383,0.7123,129
2773,28.0784,0.7124,136
2774,1.6322,0.7124,153
2775,275.5074,0.7125,204
2776,243.4603,0.7126,199
2777,-1.6940,0.7126,107
2778,280.7525,0.7127,196
2779,-3.6324,0.7128,123
2780,106.1089,0.7134,1000
2781,226.3937,0.7135,238
2782,244.3555,0.7136,233
2783,262.7060,0.7137,190
2784,269.7947,0.7138,202
2785,242.7482,0.7139,211
2786,252.8984,0.7139,226
2787,198.8473,0.7141,372
2788,227.9185,0.7148,832
2789,243.2832,0.7150,412
2790,21.7543,0.7151,130
2791,258.3202,0.7152,168
2792,287.5328,0.7152,187
2793,22.7418,0.7153,105
2794,21.3836,0.7153,113
2795,270.4458,0.7154,207
2796,273.0521,0.7155,195
2797,13.1913,0.7155,127
2798,264.1373,0.7156,189
2799,258.8365,0.7158,447
2800,236.0338,0.7160,270
2801,243.5430,0.7161,233
2802,11.5248,0.7161,176
2803,247.2780,0.7162,199
2804,227.7710,0.7168,779
2805,155.4377,0.7176,1000
2806,239.9729,0.7183,961
2807,35.7016,0.7183,122
2808,4.2912,0.7184,108
2809,33.9883,0.7184,150
2810,221.1859,0.7185,244
2811,252.6700,0.7186,190
2812,269.6610,0.7187,184
2813,229.3071,0.7189,423
2814,240.5377,0.7195,730
2815,220.3098,0.7198,524
2816,37.4905,0.7198,103
2817,-3.0464,0.7199,156
2818,258.3222,0.7199,197
2819,239.1131,0.7203,451
2820,116.1450,0.7210,1000
2821,283.7593,0.7210,168
2822,18.6356,0.7211,112
2823,150.1713,0.7218,1000
2824,253.2336,0.7223,911
2825,-4.0677,0.7224,130
2826,20.5350,0.7225,124
2827,-13.2742,0.7225,175
2828,25.9456,0.7226,154
2829,247.2262,0.7227,212
2830,-30.5533,0.7228,244
2831,246.2282,0.7229,232
2832,227.3226,0.7230,197
2833,254.0532,0.7231,245
2834,105.3701,0.7243,1000
2835,217.9554,0.7245,247
2836,-30.2911,0.7246,225
2837,247.0703,0.7247,197
2838,242.5518,0.7248,331
2839,-18.8962,0.7249,130
2840,8.1385,0.7250,137
2841,6.3580,0.7250,127
2842,154.8857,0.7259,1000
2843,244.6096,0.7260,197
2844,249.6407,0.7261,207
2845,258.2243,0.7262,220
2846,254.1768,0.7263,218
2847,50.9896,0.7263,105
2848,250.4375,0.7264,205
2849,31.2225,0.7265,144
2850,3.1935,0.7265,114
2851,-17.3199,0.7266,126
2852,-24.5916,0.7266,135
2853,5.1272,0.7267,193
2854,0.0984,0.7267,118
2855,117.1984,0.7275,1000
2856,229.6284,0.7277,317
2857,214.1607,0.7278,218
2858,226.5575,0.7279,260
2859,226.0399,0.7280,223
2860,123.9863,0.7290,1000
2861,244.3949,0.7290,198
2862,-4.0259,0.7291,99
2863,244.2722,0.7292,208
2864,250.0338,0.7292,211
2865,255.7269,0.7294,317
2866,256.0368,0.7295,258
2867,227.9520,0.7296,231
2868,242.7320,0.7301,665
2869,270.2683,0.7302,205
2870,275.8307,0.7304,297
2871,16.5490,0.7304,102
2872,144.1994,0.7311,1000
2873,258.5720,0.7313,295
2874,127.9038,0.7321,1000
2875,253.6462,0.7322,191
2876,-46.2004,0.7323,149
2877,251.8011,0.7324,208
2878,275.2912,0.7325,249
2879,277.7787,0.7326,218
2880,247.0682,0.7327,308
2881,-2.4121,0.7328,119
2882,225.6221,0.7329,252
2883,261.6426,0.7330,197
2884,255.0160,0.7331,218
2885,210.0561,0.7332,241
2886,-13.0452,0.7333,253
2887,242.2250,0.7334,172
2888,264.7921,0.7335,192
2889,238.2397,0.7335,195
2890,245.8208,0.7336,191
2891,279.3631,0.7337,193
2892,242.3463,0.7344,925
2893,257.2803,0.7345,194
2894,-14.2425,0.7345,175
2895,219.3077,0.7347,359
2896,4.7230,0.7348,131
2897,5.5781,0.7348,145
2898,30.0565,0.7349,180
2899,214.2531,0.7350,278
2900,266.5452,0.7351,172
2901,2.4449,0.7352,184
2902,-5.8657,0.7352,126
2903,237.6034,0.7353,191
2904,275.8765,0.7354,186
2905,214.5175,0.7360,743
2906,270.7792,0.7361,259
2907,264.1829,0.7362,237
2908,236.2726,0.7363,220
2909,16.2032,0.7364,112
2910,266.5518,0.7364,180
2911,247.3188,0.7365,243
2912,271.5433,0.7366,189
2913,250.3490,0.7367,186
2914,250.9498,0.7368,252
2915,35.8420,0.7369,166
2916,236.1461,0.7372,435
2917,238.6553,0.7373,274
2918,266.2617,0.7374,204
2919,11.6171,0.7374,107
2920,-20.5293,0.7375,129
2921,222.9506,0.7376,252
2922,-3.4327,0.7376,106
2923,21.5494,0.7377,122
2924,274.5310,0.7378,200
2925,273.4985,0.7378,229
2926,-1.2924,0.7379,104
2927,271.8925,0.7380,173
2928,241.2217,0.7385,865
2929,-10.3563,0.7385,126
2930,265.5423,0.7386,187
2931,24.5540,0.7386,126
2932,20.0388,0.7387,162
2933,230.6121,0.7388,288
2934,231.9307,0.7389,215
2935,238.2479,0.7390,195
2936,152.0323,0.7397,1000
2937,14.4368,0.7398,226
2938,216.4936,0.7398,195
2939,225.6393,0.7399,202
2940,20.3597,0.7400,119
2941,275.6521,0.7400,170
2942,251.7954,0.7402,326
2943,-56.5271,0.7403,119
2944,225.7332,0.7403,215
2945,18.0567,0.7404,135
2946,274.5480,0.7405,213
2947,253.1172,0.7406,210
2948,25.0626,0.7406,196
2949,239.6379,0.7407,219
2950,248.3823,0.7408,226
2951,138.2840,0.7414,1000
2952,0.1374,0.7414,117
2953,247.8153,0.7415,264
2954,-0.0713,0.7416,189
2955,-18.2019,0.7417,125
2956,211.6509,0.7418,246
2957,229.2171,0.7419,294
2958,231.7036,0.7420,220
2959,220.8712,0.7421,251
2960,0.8320,0.7423,325
2961,-29.7939,0.7424,228
2962,143.3829,0.7431,1000
2963,-35.5689,0.7431,151
2964,269.0999,0.7432,194
2965,-0.9865,0.7433,145
2966,279.5623,0.7434,186
2967,-17.6880,0.7434,158
2968,106.7332,0.7444,1000
2969,236.5571,0.7445,228
2970,-46.8378,0.7446,152
2971,29.0812,0.7446,171
2972,265.2455,0.7447,203
2973,1.7536,0.7448,179
2974,261.8251,0.7449,241
2975,233.9893,0.7450,223
2976,-5.7903,0.7450,118
2977,-0.1569,0.7451,157
2978,281.8101,0.7451,186
2979,243.7637,0.7455,540
2980,211.7314,0.7456,295
2981,223.0494,0.7458,272
2982,20.5568,0.7458,108
2983,6.8561,0.7459,131
2984,264.1755,0.7460,235
2985,231.6961,0.7465,769
2986,268.3209,0.7466,184
2987,-18.2559,0.7467,152
2988,255.4435,0.7467,194
2989,230.5117,0.7468,199
2990,233.1167,0.7470,303
2991,255.2513,0.7470,201
2992,271.5890,0.7471,195
2993,140.0074,0.7480,1000
2994,283.8026,0.7480,199
2995,257.6442,0.7481,201
2996,-11.9197,0.7482,139
2997,134.9296,0.7488,1000
2998,229.7575,0.7490,274
2999,-3.9758,0.7490,125
3000,1.6801,0.7491,160
