episode,reward,time_seconds,steps
1,-183.73182434180117,82,82
2,-93.24962772516342,58,58
3,-146.37921038480386,83,83
4,-94.53058137397028,68,68
5,-57.43995569483549,73,73
6,-239.79003318426845,80,80
7,-151.55150321524923,75,75
8,-112.61496963786784,59,59
9,-376.38141172558045,102,102
10,-384.2440084343157,96,96
11,-176.9131114222431,81,81
12,-122.88954944243238,75,75
13,-120.07265692644057,78,78
14,-55.64312644409534,70,70
15,-263.75795097262255,108,108
16,-92.86228062683783,107,107
17,-88.22627399120849,91,91
18,-97.12063317194345,121,121
19,-98.95823158019637,75,75
20,-70.89610717589872,117,117
21,-329.2766214215088,90,90
22,-193.2368312744352,90,90
23,-373.7452192192249,109,109
24,-222.8208499103883,72,72
25,-567.2017480521349,87,87
26,-128.17153641869552,72,72
27,-80.31925216957691,88,88
28,-127.9029023202168,119,119
29,-129.35881481579705,129,129
30,-129.07488732914786,144,144
31,-71.91337286004081,60,60
32,-150.16300416165024,110,110
33,-91.48126905955993,115,115
34,-84.6133214267075,73,73
35,-219.70664173606968,77,77
36,-66.94055871517045,56,56
37,-221.18129592876204,109,109
38,-95.56925963751854,98,98
39,-103.86846392451002,76,76
40,-126.89672381515055,110,110
41,-264.8656771270246,103,103
42,-116.8781880571131,69,69
43,-175.51298310300677,138,138
44,-213.91388675470114,113,113
45,-130.68091580045623,109,109
46,-26.59388647531827,105,105
47,-107.34614439418658,111,111
48,-346.17052032425136,93,93
49,8.566766098309756,95,95
50,-367.84145515151073,111,111
51,-110.63691763310965,80,80
52,-181.8155067122852,52,52
53,-109.50274887743994,76,76
54,-139.84707630678056,74,74
55,-369.90693778908974,78,78
56,-133.62759185532354,92,92
57,-182.17996411739293,67,67
58,-189.4607206503083,121,121
59,-357.45436640213705,115,115
60,-369.868700178669,87,87
61,-88.65983738308194,94,94
62,-238.84535291606284,95,95
63,-135.8090834450801,63,63
64,-172.27073521028987,84,84
65,-199.80024104617075,113,113
66,-153.1250261959218,68,68
67,-139.99264234430814,118,118
68,-97.952121790657,88,88
69,-49.05686308012635,110,110
70,-99.22535051631522,65,65
71,-218.82323413707715,65,65
72,-286.0186577092768,96,96
73,-133.47856090973693,118,118
74,-87.92802721329147,69,69
75,-248.78294071824828,108,108
76,-371.7408973185627,86,86
77,-132.01964371077264,91,91
78,-400.51825811271686,112,112
79,-333.0402825244256,115,115
80,-123.98948540594526,86,86
81,-224.58219245474015,86,86
82,-445.9821326085518,112,112
83,-78.25503722256207,74,74
84,-349.8211866897651,132,132
85,-72.74860697262821,71,71
86,-124.12784084654558,103,103
87,-48.88413225008708,63,63
88,-132.49295038134576,81,81
89,-130.3117933613417,100,100
90,-80.34789195758414,69,69
91,-83.54429198919303,73,73
92,-80.96516812196637,78,78
93,-89.60678031416933,94,94
94,-60.32751573689764,111,111
95,-318.74271477591566,100,100
96,-157.23037473719734,103,103
97,-181.26670400238186,72,72
98,-91.84712199923291,87,87
99,-93.8419050607964,74,74
100,-414.89527845670676,143,143
101,-101.41500672748852,72,72
102,-217.31612393668985,156,156
103,-168.16939592098026,117,117
104,-109.10785186209701,112,112
105,-68.23372227794547,91,91
106,-86.02608703675729,62,62
107,-92.37601577610431,67,67
108,-146.46331561141284,73,73
109,-185.49173881031106,57,57
110,-101.05048325484725,107,107
111,-310.2168365700718,103,103
112,-110.19464176308811,99,99
113,-176.7723142755358,79,79
114,-55.735561214052694,85,85
115,-106.96628540657728,77,77
116,-125.8941853646865,90,90
117,-129.71931342095888,125,125
118,-108.32764807382951,73,73
119,-128.72111377510322,70,70
120,-115.46068261472499,69,69
121,-147.0492172276704,84,84
122,-104.62055350044386,76,76
123,-221.17584237330695,107,107
124,-30.834165674905677,80,80
125,-71.648631272433,76,76
126,-118.82832052746127,118,118
127,-45.43823281208718,90,90
128,-114.4293911878571,84,84
129,-120.93393057849778,88,88
130,-69.60083220695515,66,66
131,-323.1690860087823,146,146
132,-78.55762710414673,63,63
133,-232.87780515503823,91,91
134,-199.60238506059775,103,103
135,-463.1383096115594,113,113
136,-168.85972909892763,69,69
137,-127.55714366788797,74,74
138,-80.49084364115765,78,78
139,-176.02423955347885,99,99
140,-116.41362713638716,83,83
141,-210.12124000592775,115,115
142,-83.50891053533496,62,62
143,-138.8640872530122,131,131
144,-188.57168005418993,153,153
145,-127.18972137813671,99,99
146,-95.62114751805916,93,93
147,-156.67566205250287,75,75
148,-114.6085596305808,105,105
149,-131.27871163394582,113,113
150,-193.18245355450028,61,61
151,-139.01311320130418,67,67
152,-70.71857233486674,59,59
153,-25.56063717813406,91,91
154,-316.47131951307404,117,117
155,-103.68862278627428,107,107
156,-190.52656929416804,72,72
157,-93.57306871425921,91,91
158,-131.781974003355,82,82
159,-217.95780737727537,102,102
160,-53.010220472829815,82,82
161,-96.14858347464066,99,99
162,-150.48883106953772,77,77
163,-236.08497590619905,79,79
164,-311.1042727452816,140,140
165,-219.9296969242328,89,89
166,-77.48684760429768,62,62
167,-96.2779713828442,67,67
168,-125.6185599651058,118,118
169,-113.06659357512166,92,92
170,-102.06892957120509,81,81
171,-139.8676701081835,67,67
172,2.235263996776723,154,154
173,-99.3019847485604,79,79
174,-90.75135071648565,59,59
175,-108.15858637041738,73,73
176,-101.69607003143483,70,70
177,-108.29295932131993,84,84
178,-112.53422808035187,80,80
179,-149.69311991630914,118,118
180,-91.48319622449696,97,97
181,-94.81662895942077,110,110
182,-49.04386000056107,69,69
183,-95.07460624419112,79,79
184,-39.73279309063648,97,97
185,-82.55678897476389,95,95
186,-170.7242721085811,82,82
187,-98.36874044249022,68,68
188,-252.8967453683089,137,137
189,-306.7777282278135,116,116
190,-180.68621116161376,68,68
191,-162.8381192287922,125,125
192,-483.6175624186294,98,98
193,-169.21791720335187,123,123
194,-183.72327066219196,117,117
195,-119.34501322633919,114,114
196,-100.79840075920174,80,80
197,-117.8749052684776,125,125
198,-85.17959911882706,124,124
199,-146.74058897747602,107,107
200,-344.316153116662,83,83
201,-122.26195055179222,96,96
202,-73.15313488337597,115,115
203,-343.53905883198945,94,94
204,-428.48146437966477,72,72
205,-149.328471110963,84,84
206,-228.82105264289547,105,105
207,-422.21431372562483,114,114
208,-232.52306593830437,92,92
209,-64.8198724718952,87,87
210,-243.51442453026473,124,124
211,-136.83066246932205,91,91
212,-256.3952198569783,118,118
213,-144.12432722200148,61,61
214,-69.12678800077128,65,65
215,-97.63689584796784,78,78
216,-64.06176606612742,84,84
217,-316.8576928605717,92,92
218,-127.20952986121695,140,140
219,-115.95313092400603,74,74
220,-381.60278052631236,109,109
221,-148.2400547378262,88,88
222,-202.68909146693107,120,120
223,-121.85672197965737,95,95
224,-110.58679370594069,130,130
225,-453.61421499045076,87,87
226,-53.25033719208114,60,60
227,-168.9724796801467,115,115
228,-92.68329332645796,104,104
229,-70.42096591432212,93,93
230,-72.32656454753797,58,58
231,-148.91808394513373,108,108
232,-139.15454647797281,118,118
233,-104.80402484241723,75,75
234,-209.27241148601047,80,80
235,-94.92090467999427,68,68
236,-103.8166489499384,84,84
237,-355.2676243376303,106,106
238,-103.7525952132794,94,94
239,-94.5281071911106,98,98
240,-58.93729068615893,136,136
241,-118.07668350396764,71,71
242,16.565766795290358,124,124
243,-27.696687297314952,71,71
244,-119.82578043766667,83,83
245,-392.0445871412963,83,83
246,-54.89047532573772,61,61
247,-103.3942818141896,76,76
248,-124.10902524433193,101,101
249,-90.89574612040445,98,98
250,-171.4932388463615,122,122
251,-331.7955729338744,124,124
252,-57.58664668182169,68,68
253,-106.23275279614082,135,135
254,-243.47103524464697,115,115
255,-86.6593054540011,69,69
256,-169.8177904727509,108,108
257,-137.15218763611242,91,91
258,-131.5581123388331,113,113
259,-302.31215349511126,76,76
260,-89.49487194868094,83,83
261,-87.28127744666179,105,105
262,-156.40553314045192,77,77
263,-130.85476506916982,68,68
264,-97.34849939008555,81,81
265,-240.49855438632963,98,98
266,-34.66850776622215,97,97
267,-179.77522659873762,110,110
268,-91.28223100523847,79,79
269,-286.0893792586231,90,90
270,-290.9908205724315,104,104
271,-59.28560719103536,69,69
272,-133.19081528196443,85,85
273,-368.2329012612437,91,91
274,-185.37175038141237,94,94
275,-129.5047983310447,75,75
276,-165.64465684669005,112,112
277,-65.17753570594076,75,75
278,-89.01483135941405,125,125
279,-208.51710165597382,134,134
280,-80.28162927959553,97,97
281,-130.74497219267548,57,57
282,-89.780738755856,78,78
283,-110.2786996665337,91,91
284,-88.84696457190918,115,115
285,-118.90271807732817,100,100
286,-295.5943129807145,129,129
287,-68.611276439884,70,70
288,-266.4888532536586,88,88
289,-235.14000860207435,87,87
290,-439.0462916356842,107,107
291,-89.57126517881055,114,114
292,-59.41203475412575,58,58
293,-229.39157291592485,131,131
294,-237.39890478653425,91,91
295,-165.146171651906,118,118
296,-240.47631872266447,94,94
297,-149.4580097091498,105,105
298,-222.8589104152545,108,108
299,-223.9095989870636,102,102
300,-67.49613790739798,72,72
301,-155.52743173555768,81,81
302,-181.23838603566082,112,112
303,-113.41339257393584,108,108
304,-97.61049068782607,83,83
305,-85.48894008254358,88,88
306,-75.1417134431722,79,79
307,-64.54005838325227,101,101
308,-89.46113364826397,90,90
309,-96.4328990395987,124,124
310,-281.9422954079586,122,122
311,-86.37330351507823,60,60
312,-178.37027377088197,84,84
313,-41.33996168683203,61,61
314,-153.58828816856644,81,81
315,-118.34466534260847,78,78
316,-92.43163302854884,87,87
317,-90.49953950126476,111,111
318,-98.71699032113052,65,65
319,-185.8584225905983,116,116
320,-140.04409616138622,116,116
321,-83.98955008543112,99,99
322,-174.31203815764366,131,131
323,-208.44714160629542,108,108
324,-97.68365459900674,60,60
325,-88.54329269667411,65,65
326,-190.73186224296194,90,90
327,-200.67126592863406,68,68
328,-174.7150443087284,89,89
329,-68.35051505667339,69,69
330,-196.23303705993192,129,129
331,-84.2661984334153,109,109
332,-76.10400156111766,60,60
333,-481.33788131098055,102,102
334,-77.40326652772171,73,73
335,-209.7384154077438,58,58
336,-71.73632627042305,62,62
337,-106.24524201155809,100,100
338,-96.66818697332337,84,84
339,-59.37469204335245,65,65
340,-100.01560408601826,78,78
341,-46.134150226266385,61,61
342,-193.92110271335946,103,103
343,-77.60039224388606,113,113
344,-166.0442579967389,99,99
345,-136.83934425184833,76,76
346,-141.09692298529575,79,79
347,-88.96848799619599,91,91
348,-184.71377179347218,122,122
349,-111.6414675614155,95,95
350,-31.643139496951846,72,72
351,-234.61595172347967,73,73
352,-53.63886425168264,68,68
353,-82.16587630184489,96,96
354,-105.04881293284363,67,67
355,-119.80248764637456,91,91
356,-392.42695421330563,83,83
357,-87.04111918416015,66,66
358,-136.604267791442,79,79
359,-121.3404551855976,104,104
360,-66.018237995062,66,66
361,-458.3005381834191,159,159
362,-79.35367323837318,96,96
363,-159.2706256656213,94,94
364,-195.782198788527,86,86
365,-157.53850850268458,106,106
366,-262.72053017536547,117,117
367,-194.0133640848549,68,68
368,-84.9581462454212,77,77
369,-155.43970134702627,89,89
370,-131.85425518503445,103,103
371,-101.8458013899358,91,91
372,-63.189755537132385,87,87
373,-84.22594651309424,69,69
374,-104.39761416088119,87,87
375,-224.16288150451115,115,115
376,-399.7264754412822,98,98
377,-118.338105537655,70,70
378,-129.26243913301766,125,125
379,-88.34692539442598,89,89
380,-112.61822054783347,69,69
381,-67.85356063937924,83,83
382,-95.88226745468572,56,56
383,-148.21913577920895,77,77
384,-285.03625326375936,89,89
385,-71.50630106337078,85,85
386,-325.51371936572474,89,89
387,-86.03007474630839,128,128
388,-136.90378113449185,85,85
389,-98.23539012603014,88,88
390,-116.00827539746942,71,71
391,-126.04207699442748,87,87
392,-101.2648396888136,79,79
393,-109.31479707918393,68,68
394,-59.74134815525839,103,103
395,-101.9823424098551,76,76
396,-113.72279782901953,91,91
397,-110.68829944533823,76,76
398,-334.01734371134694,77,77
399,-127.62132387481468,124,124
400,-102.28771627720506,78,78
401,-114.76749545679799,72,72
402,-41.232349405991535,67,67
403,-119.62081724179336,101,101
404,-180.53433480469334,88,88
405,-91.50528317874044,86,86
406,-127.5574495729548,109,109
407,-102.24020606545771,105,105
408,-85.93374882973245,88,88
409,-77.85910658912218,87,87
410,-138.4477561464897,113,113
411,-141.15133601931373,133,133
412,-216.39591882634124,98,98
413,-71.78572363948626,71,71
414,-219.21596873363652,133,133
415,-87.66111760128102,71,71
416,-126.36073254523868,82,82
417,-86.20693389582829,96,96
418,-111.4421883552688,91,91
419,-122.28841791026733,113,113
420,-140.94907556234267,65,65
421,-307.57210959192196,70,70
422,-76.82265473859431,60,60
423,-313.41002525704454,142,142
424,-142.0977996370134,74,74
425,-107.96890841669975,87,87
426,-139.29193086341922,103,103
427,-185.3697157539616,120,120
428,-94.43407992827807,63,63
429,-52.22233126852194,69,69
430,-166.8089365469487,87,87
431,-162.09368038178656,78,78
432,-287.4759769852732,91,91
433,-60.53665385509636,125,125
434,-147.0994481485638,92,92
435,-33.22528317346871,89,89
436,-115.94470368382417,79,79
437,-99.22619978194166,83,83
438,-178.56774526641277,107,107
439,-94.46814673080878,108,108
440,-175.84753967108554,83,83
441,-96.48301234179343,122,122
442,-132.66268128042822,96,96
443,-109.01224532036275,93,93
444,-97.22107627394922,65,65
445,-64.97583941788017,90,90
446,-140.26811292702973,87,87
447,-154.87238178017776,111,111
448,-341.62712531332613,76,76
449,-100.64175260612222,112,112
450,-190.2914837838553,64,64
451,-129.9148843117685,63,63
452,-70.06023943441328,100,100
453,-161.16673867827996,90,90
454,-59.01392222307446,61,61
455,-141.07484106361156,109,109
456,-101.39976787602886,81,81
457,-118.84554822959622,122,122
458,-99.83399283635674,104,104
459,-161.15639097659198,110,110
460,-104.03378915162598,63,63
461,-196.47523307260775,73,73
462,-115.17284247694815,124,124
463,-107.95519066189314,87,87
464,-101.91275807781389,121,121
465,-121.48535067351824,90,90
466,-137.45711303822026,101,101
467,-99.74225227484486,87,87
468,-71.43770365148785,60,60
469,-79.3651331551536,117,117
470,-129.03789271721786,63,63
471,-94.70568536427987,84,84
472,-212.62134939215022,125,125
473,-125.15748802710519,114,114
474,-92.28114001940816,100,100
475,-97.57401649791443,116,116
476,-182.05583674825598,122,122
477,-59.99486201940248,78,78
478,-84.48290843002056,67,67
479,-140.42403208880435,109,109
480,-64.63462877297222,70,70
481,-338.4421910712217,119,119
482,-172.51062300942294,114,114
483,-69.52998806104895,68,68
484,-122.81370257830682,91,91
485,-216.3247338207089,123,123
486,-58.06051682954635,78,78
487,-89.21904637223354,60,60
488,-31.998279182530837,73,73
489,-225.5455265281609,126,126
490,-116.66359845021495,93,93
491,-78.39195328691928,77,77
492,-125.37956482100742,64,64
493,-315.0713885258583,83,83
494,-78.63195532369886,62,62
495,-30.686041151916754,138,138
496,-110.94539860046473,71,71
497,-115.52771771477862,84,84
498,-85.1033408524568,136,136
499,-114.71257737566339,105,105
500,-135.10549073587924,109,109
501,-171.10774204479458,89,89
502,-84.39674649528857,78,78
503,-235.2734030524107,74,74
504,-70.87106392191208,85,85
505,-286.0103084340875,113,113
506,-161.06762416798455,85,85
507,-91.26513439779004,101,101
508,-312.27897885679545,84,84
509,-171.63461410313766,106,106
510,-160.82394649421389,104,104
511,-103.12362166900881,90,90
512,-118.37857639574179,84,84
513,-139.99397303800595,94,94
514,-139.78220308522683,136,136
515,-81.06025817377204,73,73
516,-144.62272349250946,126,126
517,-89.25703642487217,59,59
518,-197.8414478974844,110,110
519,-172.1621331722344,100,100
520,-125.85471240933123,65,65
521,-115.42668755293079,92,92
522,-117.81316077155796,76,76
523,-101.5502760005497,106,106
524,-100.48404866828407,74,74
525,-94.9446171657654,106,106
526,-193.04233146084687,113,113
527,-301.01674844772924,99,99
528,-138.79774550348048,126,126
529,-284.7065067892412,110,110
530,-125.54427309780544,64,64
531,-102.03789800113353,71,71
532,-237.62639562221122,128,128
533,-121.21159200251685,83,83
534,-112.41933803431453,112,112
535,-96.94853868231363,117,117
536,-106.11175253579634,94,94
537,-117.38316140072698,118,118
538,-96.64700595623087,99,99
539,-118.279888540197,81,81
540,-89.85585135950765,67,67
541,-268.9872507650558,100,100
542,-87.5044900532419,93,93
543,-136.45508863650238,113,113
544,-76.33198806662335,89,89
545,-174.21247413267713,101,101
546,-36.79109997568153,140,140
547,-196.90147370781722,109,109
548,-203.45919764218027,90,90
549,-89.44820322463723,94,94
550,-87.10088837592845,76,76
551,-109.74290961320887,79,79
552,-136.98654244139527,111,111
553,-77.61062815155606,90,90
554,-119.74183651797306,106,106
555,-119.05301790393014,89,89
556,-175.9007643363695,87,87
557,-82.74775573361273,88,88
558,-38.66253657977778,130,130
559,-66.69672209022403,54,54
560,1.345335613341291,104,104
561,-76.42178766738047,71,71
562,-184.84799184222626,99,99
563,-76.07295698642181,63,63
564,-94.06223448804893,90,90
565,-119.43307336053661,84,84
566,-137.22650076007093,60,60
567,-180.5116136819142,110,110
568,-49.01144617860815,64,64
569,-352.0347294787302,91,91
570,-136.5628368455956,92,92
571,-146.70065194066913,90,90
572,-88.43853582377776,64,64
573,-81.37113035321875,126,126
574,-91.38317083237524,100,100
575,-87.07510144720311,101,101
576,-95.5656716408105,91,91
577,-123.18774689685821,115,115
578,-178.58184582283968,118,118
579,-85.22440445059429,88,88
580,-130.6000643449103,55,55
581,-96.01726951210813,70,70
582,-116.31532790968873,95,95
583,-204.78642267993814,97,97
584,-293.7305378375626,95,95
585,-91.83122574480814,120,120
586,-281.92646992149514,74,74
587,-111.57326516377034,72,72
588,-118.20389509012034,101,101
589,-165.73907161652392,63,63
590,-234.22283720780166,99,99
591,-88.0369610957354,98,98
592,-61.58581976272659,67,67
593,-134.1140391863005,100,100
594,-141.50819420069087,112,112
595,-252.12263345378847,111,111
596,-138.1730389768503,101,101
597,-63.45556337173937,71,71
598,-165.12936073528218,92,92
599,-130.7715603072703,85,85
600,-112.68877965669621,81,81
601,-122.82447795116477,66,66
602,-293.3546791106468,83,83
603,-96.0535546101826,75,75
604,-97.56537581337871,109,109
605,-92.07144115470744,75,75
606,-251.10293866710117,123,123
607,-142.75765419379013,108,108
608,-84.16483909358472,82,82
609,-49.756255752658,94,94
610,-96.0793094109809,61,61
611,-299.61427947416564,117,117
612,-120.78371530980284,76,76
613,-316.5408576232587,89,89
614,-65.11070138210096,88,88
615,-68.38580084524781,59,59
616,-88.92544409455753,69,69
617,-17.011378934027903,108,108
618,-210.25774930961583,95,95
619,-150.90174724585393,109,109
620,-63.901208216667214,87,87
621,-125.20751943862962,77,77
622,-96.90877861708928,74,74
623,-38.98051169291256,70,70
624,-109.22780078369003,117,117
625,-219.5344813626931,124,124
626,-64.13624247664896,72,72
627,-100.88165209357922,111,111
628,-50.63096206470419,61,61
629,-274.1880502199467,95,95
630,-111.36539941284138,110,110
631,-141.07881690548325,77,77
632,-79.74192951885627,90,90
633,-91.83989476867679,116,116
634,-115.00377669561934,99,99
635,-70.35746499040395,89,89
636,-126.69085067415732,88,88
637,-121.09787073621048,93,93
638,-166.64775235426873,85,85
639,-86.0593930418525,90,90
640,-145.85870965778093,83,83
641,-71.29370377270929,62,62
642,-157.02699189233047,98,98
643,-97.68669343499829,77,77
644,-55.554223915518705,62,62
645,-26.57598586434966,78,78
646,-172.24433832697804,70,70
647,-279.4990682972879,144,144
648,-345.9726730018363,110,110
649,-198.70693046667307,85,85
650,-191.7902564966363,99,99
651,-74.4457794942679,90,90
652,-16.78531476482125,113,113
653,-47.11935003947178,63,63
654,-107.82731169544113,84,84
655,-144.47028888720632,77,77
656,-134.78698353738932,122,122
657,-205.4947317897981,107,107
658,-101.61167687212473,87,87
659,-119.5863967275684,86,86
660,-159.4312295909673,118,118
661,-115.93223595821068,67,67
662,-154.55542970036214,114,114
663,-143.95149236836755,97,97
664,-101.6450645069832,112,112
665,-159.4996577691304,89,89
666,-83.89828497983066,104,104
667,-22.095335459414542,81,81
668,-105.3764304439347,99,99
669,-92.39845875866995,110,110
670,-92.63259182726499,113,113
671,-122.98407640118735,118,118
672,-103.2113932306015,78,78
673,-5.755808997446977,131,131
674,-91.25845878966561,84,84
675,-137.3398607576255,79,79
676,-251.47209943417474,107,107
677,-94.11773291993596,75,75
678,-64.58017458552366,70,70
679,-126.95196430839913,114,114
680,-162.3096923648407,146,146
681,-69.8417648946749,77,77
682,-96.27948108217822,86,86
683,-101.63398353095755,68,68
684,-148.69799465897285,76,76
685,-240.59928809863052,99,99
686,-91.96716110147122,79,79
687,-142.28039712627032,76,76
688,-88.54487321980929,59,59
689,-77.80811322150679,112,112
690,-89.3739890157041,79,79
691,-152.40295976297188,88,88
692,-85.55912594171383,85,85
693,-244.82032018375418,108,108
694,-121.5353933114191,111,111
695,-98.15423290010537,71,71
696,-83.61650414539676,106,106
697,-81.20090732613704,79,79
698,-188.52214011712292,87,87
699,-83.41905012703377,70,70
700,-101.31685180052207,74,74
701,-134.69481277667998,112,112
702,-316.98469639422103,118,118
703,-149.16948928496998,121,121
704,-79.06528448953733,73,73
705,-86.81102972377316,72,72
706,-109.5331729802778,106,106
707,-84.98301020174848,69,69
708,-128.2998750640363,72,72
709,-148.36272887717132,99,99
710,-88.69648305305043,74,74
711,-237.9265784851542,91,91
712,-307.88455354042804,76,76
713,-357.90264486834906,122,122
714,-97.32470415217783,103,103
715,-96.32895153392397,80,80
716,-130.40827098558324,89,89
717,-137.16980065829551,110,110
718,-119.66459141336281,68,68
719,-197.77072017765198,116,116
720,20.497659968874217,82,82
721,-125.39489976809378,72,72
722,-56.18069798679701,69,69
723,-123.39038908943046,61,61
724,-115.31130791634338,89,89
725,-152.90053902909187,136,136
726,-118.86748369626875,55,55
727,-193.18585068075316,85,85
728,-116.91182665059179,81,81
729,-99.27107827805898,96,96
730,-83.05005915182032,64,64
731,-236.08413767737272,94,94
732,-93.40001277601735,90,90
733,-106.55999863119195,85,85
734,-53.13328757378795,69,69
735,-166.0250440117698,76,76
736,-124.17340880706452,113,113
737,-139.59348070280967,86,86
738,-92.17836552313584,71,71
739,-118.93327208755238,124,124
740,-263.9651847346332,110,110
741,-119.37348559028158,80,80
742,-55.35162095908076,111,111
743,-92.99608329827628,105,105
744,-61.068098827932666,88,88
745,-143.69956118647062,120,120
746,-90.35438432655786,66,66
747,-93.20860668511393,83,83
748,-47.81382197294555,66,66
749,-125.19379078668261,102,102
750,-98.77511824652122,109,109
751,-76.88572547208592,99,99
752,-107.06033608119117,96,96
753,-90.19340544664007,101,101
754,-183.02417126673913,76,76
755,-143.52240153454613,103,103
756,-187.15764853050746,97,97
757,-94.11070844062158,78,78
758,-52.425957630133155,66,66
759,-96.07371071488728,97,97
760,-64.11217761802322,73,73
761,-92.37727571244304,84,84
762,-73.7545158734392,134,134
763,-67.1078805512196,111,111
764,-106.61991101376037,70,70
765,-97.09959135661008,71,71
766,-80.50609741260647,95,95
767,-285.8222339246108,130,130
768,-218.84707843748492,121,121
769,-74.68552397763628,64,64
770,-112.8352238412939,69,69
771,-113.22130114077302,84,84
772,-93.39964259106146,122,122
773,-351.53227304389196,144,144
774,-66.2780996830872,74,74
775,-96.15079303565794,80,80
776,-21.345241702068748,70,70
777,-127.47184945344804,130,130
778,-94.53693311360766,129,129
779,-159.11903207082247,124,124
780,-58.06342452989449,64,64
781,-45.08173425203895,87,87
782,-292.76549840226744,127,127
783,-89.07674715788077,102,102
784,-110.30822263515375,80,80
785,-98.2469495771232,97,97
786,-100.97311534902877,76,76
787,-129.02662341957418,72,72
788,-136.56661550210168,92,92
789,-96.90722552030202,84,84
790,-95.88748136877678,134,134
791,-101.15207374188599,93,93
792,-79.65835858217551,110,110
793,-179.5411618755105,86,86
794,-250.86331947015836,100,100
795,-184.29233275458017,105,105
796,-206.5252793214478,125,125
797,-126.60720883478677,91,91
798,-199.7831118006972,102,102
799,-60.166929542561235,141,141
800,-182.4396810600071,155,155
801,-91.29991465832747,103,103
802,-238.58591413704923,116,116
803,-67.90527148737009,101,101
804,-30.33080869012825,133,133
805,-62.51071608275433,118,118
806,-114.39586619776448,80,80
807,-142.4647018566546,71,71
808,-185.27775276326608,126,126
809,-67.74439943382893,102,102
810,-234.8459143268344,103,103
811,-146.1029803897395,131,131
812,-76.96884099226124,69,69
813,-55.97062103061823,77,77
814,-108.90675426239427,85,85
815,-115.79114425788526,110,110
816,-98.32956036709575,108,108
817,-146.61791603388883,121,121
818,-93.2989254302856,121,121
819,-118.41981957734886,114,114
820,-104.08918890176064,104,104
821,-141.9625490097121,110,110
822,-49.04970408144767,77,77
823,-87.10818334950291,76,76
824,-108.96283368343902,109,109
825,-82.4992120607603,58,58
826,-102.41996233668667,105,105
827,-53.390408864582824,72,72
828,-79.39250546909288,110,110
829,-220.28516048221235,96,96
830,-103.71167754692449,77,77
831,-110.82628803760932,85,85
832,-191.01587111987664,115,115
833,-76.29550140879259,63,63
834,-99.3599281076989,63,63
835,-80.05666033360201,138,138
836,-101.42760602543305,68,68
837,-140.67845917774892,87,87
838,-130.20873966074683,94,94
839,-52.156072914828044,75,75
840,-63.97232731013176,61,61
841,-101.58792238459861,111,111
842,-73.38586232335696,112,112
843,-128.18163967668835,87,87
844,-73.89487947451452,62,62
845,-126.22539468541689,122,122
846,-52.27823718353403,81,81
847,95.86412894970083,1000,1000
848,-124.8967038898904,95,95
849,-91.25332899406777,57,57
850,-70.04756698881744,109,109
851,-91.28599455772739,114,114
852,-99.15767244561198,69,69
853,-143.1039377221408,97,97
854,-212.84054123186723,99,99
855,-150.89572964749655,96,96
856,-111.10082098801212,80,80
857,-89.52481642665919,70,70
858,-109.05813671721924,101,101
859,-105.70673927682189,108,108
860,-108.03141511285406,92,92
861,-30.835038558532375,76,76
862,-85.29029313291636,64,64
863,-116.99739175895127,80,80
864,-87.52495368578074,74,74
865,-88.04972517726969,120,120
866,-151.9501958972828,80,80
867,-311.6275569610516,74,74
868,-75.62078843602991,66,66
869,-102.77442974895348,82,82
870,-108.00791660662435,91,91
871,-65.1925727153643,77,77
872,-63.58265534435996,87,87
873,-223.3842310700799,94,94
874,-50.37977917389162,70,70
875,-71.56747645836725,67,67
876,-125.8435219435999,101,101
877,-109.24676390208126,96,96
878,-83.05184421882429,76,76
879,-154.35234664312787,82,82
880,-72.18201322241596,117,117
881,-161.1049495811256,81,81
882,-167.05712840993067,69,69
883,-69.3017580434686,73,73
884,-129.25888164302913,110,110
885,-244.97370203953096,119,119
886,-74.94171088482858,63,63
887,-64.27301005966703,87,87
888,-157.88416547218173,119,119
889,-147.58099855515695,91,91
890,-59.65639700884382,102,102
891,-105.27064190183296,86,86
892,-58.52511991255633,78,78
893,-71.26171958208819,95,95
894,-121.2984060692441,58,58
895,-112.7732775664641,73,73
896,-273.55892850111974,92,92
897,-109.08431446417822,74,74
898,-104.90964934960786,95,95
899,-82.41530665491047,107,107
900,-85.86801155860319,105,105
901,-106.19781094367356,80,80
902,-114.9082894538709,76,76
903,-148.32062170016013,149,149
904,-72.65117767479298,60,60
905,-86.64266976728183,70,70
906,-191.25816400347912,119,119
907,-93.92007542605698,66,66
908,-250.57513133702844,140,140
909,-84.04970447807644,77,77
910,-55.79910492080491,123,123
911,-100.89401668029436,88,88
912,-20.466077711972957,80,80
913,-128.36333929959113,82,82
914,-95.80877478250089,68,68
915,-121.60342317364382,99,99
916,-256.56755398849475,91,91
917,-115.29707804610511,78,78
918,-99.44554280129007,110,110
919,-78.1937902542127,65,65
920,-96.13564206767215,103,103
921,-110.03760849589005,63,63
922,-197.24177607635704,110,110
923,-95.04231322459933,84,84
924,-66.80439826653492,81,81
925,-102.35805994591237,98,98
926,-147.96120582812995,115,115
927,-141.46152783366134,136,136
928,-63.633201680180726,112,112
929,-71.84709789323938,112,112
930,-111.71085788622611,87,87
931,-98.76867868942894,82,82
932,-36.06796708026734,110,110
933,-47.94539008574172,114,114
934,-32.7242440762232,67,67
935,-49.0367625052492,68,68
936,-25.864741309857862,134,134
937,-128.51587554310763,126,126
938,-99.01856474293928,86,86
939,-42.038845232047926,95,95
940,-92.62617653494081,108,108
941,-141.70134272484052,93,93
942,-133.37790463569888,135,135
943,-71.53295126309766,88,88
944,-117.43688476357083,96,96
945,-111.21417369048888,99,99
946,-135.3630894687593,85,85
947,-54.30373332733191,72,72
948,-327.413427942343,110,110
949,-157.24988265784847,85,85
950,-105.03301994567619,117,117
951,-118.29060796719187,83,83
952,-78.8213988488108,120,120
953,-88.04295947897614,112,112
954,-116.55896040487093,110,110
955,-151.6468778077902,134,134
956,-99.06057774760988,85,85
957,-220.27674338888576,107,107
958,-118.09996271234913,86,86
959,-179.97920914157578,71,71
960,-66.65786883308431,135,135
961,-125.54725667544662,94,94
962,-70.03847375819224,87,87
963,-132.6224342578655,96,96
964,-12.631185144243432,129,129
965,-92.73581783251541,91,91
966,-100.03092779220016,121,121
967,-111.69313072866748,72,72
968,-76.82269820838243,87,87
969,-130.85188778274915,107,107
970,-147.43973896952537,75,75
971,-114.47478601892537,116,116
972,-112.96847605548476,83,83
973,-71.96717425522979,92,92
974,-107.49328000146771,78,78
975,-80.12201024006916,95,95
976,-79.25859758711047,98,98
977,-66.78069713715473,100,100
978,-124.68374232558588,81,81
979,-0.8200164701559345,137,137
980,-138.1883251257706,126,126
981,-87.26057880685,103,103
982,14.513095870342596,142,142
983,-133.48286435757467,84,84
984,-190.57187982868197,111,111
985,-97.34146985152759,127,127
986,-107.23831255569011,59,59
987,-83.79626358601462,97,97
988,-59.62352699076517,110,110
989,-205.2961039151426,103,103
990,-23.314713842563975,78,78
991,-210.85538299550586,126,126
992,-87.18971508338018,128,128
993,-79.84842593087711,73,73
994,-87.88478178755781,113,113
995,-108.95314115169252,87,87
996,-85.38375885512066,121,121
997,-48.44109730445912,146,146
998,-85.54156421126079,70,70
999,-114.40851235864169,80,80
1000,-122.5004712751844,78,78
1001,-79.27866092681326,67,67
1002,-201.45328883178962,114,114
1003,-273.2351473854386,123,123
1004,-105.59177629639792,128,128
1005,-152.27048985160184,63,63
1006,-63.20193980251747,75,75
1007,-107.21276409490109,89,89
1008,-64.92060086378987,93,93
1009,-54.556361696335834,93,93
1010,-261.9362275512509,137,137
1011,-156.63202589958934,73,73
1012,-65.2997598274372,74,74
1013,-100.64290903549522,86,86
1014,-89.6370897168307,73,73
1015,-116.39567353638493,77,77
1016,-130.64919669464575,89,89
1017,-81.16440021091077,126,126
1018,-95.94728971620818,104,104
1019,-64.54618042130161,103,103
1020,-56.65050436761602,109,109
1021,-62.929981406673605,92,92
1022,-38.328032562517805,90,90
1023,-106.40864573423511,81,81
1024,-81.57132104338073,64,64
1025,-95.06373503778764,97,97
1026,-88.32119438624902,70,70
1027,-52.11236211153478,102,102
1028,-171.2529144336554,117,117
1029,-101.5319871827778,105,105
1030,-56.48441650581581,61,61
1031,-93.73034775962971,66,66
1032,-137.82030372399498,120,120
1033,-102.83780897675204,98,98
1034,18.30371949928886,131,131
1035,-89.00253527645401,101,101
1036,-126.67082893663799,98,98
1037,-117.28043296705266,78,78
1038,-75.3362147508171,108,108
1039,-57.84376201040858,78,78
1040,-94.18441096242744,138,138
1041,-105.27128188092759,84,84
1042,-70.10275114368973,67,67
1043,-66.49628315011093,102,102
1044,-69.67117534877197,81,81
1045,-31.3178241869619,71,71
1046,-42.168396957200414,73,73
1047,-112.71250293371419,103,103
1048,-101.81377392420032,74,74
1049,-98.78593453671343,120,120
1050,-102.21059596078851,89,89
1051,-84.75606083004648,79,79
1052,-116.56558106186418,119,119
1053,-77.9055059964279,95,95
1054,-352.7555013734822,100,100
1055,-92.17852008226306,78,78
1056,-58.122537679412254,60,60
1057,-113.461131119416,101,101
1058,-82.56521459203177,101,101
1059,-38.79508485058503,96,96
1060,-33.218212520332884,70,70
1061,-62.90000995173877,137,137
1062,-195.53447271756164,115,115
1063,-15.160165459407494,92,92
1064,-56.24283010005592,146,146
1065,-199.06011407833066,86,86
1066,-119.31677848502024,112,112
1067,-92.99750896121564,76,76
1068,-77.6713248734611,88,88
1069,-63.41743414562059,71,71
1070,-63.92631513581825,80,80
1071,-130.07315843872297,95,95
1072,-65.2827475732721,98,98
1073,-210.33173876110527,130,130
1074,-47.370070793467015,86,86
1075,-148.57989893586733,106,106
1076,-188.67664685072734,106,106
1077,-108.67288294579433,113,113
1078,-25.3278223263556,114,114
1079,-66.761653260534,112,112
1080,-32.251836654870104,93,93
1081,-36.74715351836228,70,70
1082,-137.46076488304496,83,83
1083,-79.69256212454991,94,94
1084,-109.64964920030762,107,107
1085,-143.7353501672026,134,134
1086,-66.88936128833835,109,109
1087,-121.98022757294075,80,80
1088,-58.69509272817443,65,65
1089,-87.45740346427627,89,89
1090,-105.88421822174915,97,97
1091,-98.31874171255663,77,77
1092,11.446959162411773,139,139
1093,-156.56608651945874,120,120
1094,-44.643864131417686,110,110
1095,-99.71907969827447,93,93
1096,-48.963646576886134,113,113
1097,-1.7117840057735236,71,71
1098,-130.77504253414318,122,122
1099,-49.36610460492127,112,112
1100,-133.1720307224753,103,103
1101,-35.74852036807867,67,67
1102,-168.57238129884377,104,104
1103,-42.56321408690912,63,63
1104,-65.83703718431549,99,99
1105,-140.1555521466372,115,115
1106,-113.31295298351179,89,89
1107,-43.697855764421234,69,69
1108,-74.4545250228769,138,138
1109,-124.91599827862692,107,107
1110,-178.6701022258499,172,172
1111,-75.55956274910149,107,107
1112,-167.6417558618213,65,65
1113,-138.23656166793492,121,121
1114,-66.20079240509872,77,77
1115,-79.52430618328674,111,111
1116,-74.62280252992954,67,67
1117,-58.17186972785968,86,86
1118,-93.38676493048553,105,105
1119,-80.61303057843693,97,97
1120,-86.57524147024388,112,112
1121,-87.12127629213497,70,70
1122,-63.96934080025903,114,114
1123,-70.82596494064164,68,68
1124,-109.37078293805813,106,106
1125,14.439655270943376,95,95
1126,-97.66720886519505,133,133
1127,-149.63694208059277,116,116
1128,-71.04813818115984,66,66
1129,-229.8197499541054,119,119
1130,-164.75448916600033,111,111
1131,-209.76974126907737,123,123
1132,-135.69136813394204,83,83
1133,-70.03151233046302,100,100
1134,-190.31779208944346,112,112
1135,-66.47338759480026,78,78
1136,-96.53967946527,113,113
1137,-67.44566221540612,75,75
1138,-147.70484992381384,83,83
1139,-72.43326135630038,96,96
1140,-52.109586460329126,103,103
1141,-76.75165611702766,93,93
1142,-68.11481075527492,89,89
1143,-145.14744214614336,136,136
1144,-56.84200133040364,117,117
1145,-116.95423476594767,72,72
1146,13.066440195792666,123,123
1147,-65.96610539508514,83,83
1148,-39.61503249279549,80,80
1149,-85.74830222080122,120,120
1150,-180.39449737855136,128,128
1151,-208.57375903278168,106,106
1152,-116.0619903100662,98,98
1153,-33.708852419146254,91,91
1154,-58.914402494016805,61,61
1155,-136.0694664255475,134,134
1156,-98.77340176347457,114,114
1157,-46.047170258845874,114,114
1158,-73.86812150580545,121,121
1159,-119.34606745019117,112,112
1160,-75.7753301423941,67,67
1161,-107.81671495660316,86,86
1162,-139.27580189133994,114,114
1163,-45.6730184807693,80,80
1164,-193.47385496510776,105,105
1165,-83.44507976918777,77,77
1166,-123.05320649396222,126,126
1167,-185.80822154721972,122,122
1168,-66.3660336464442,127,127
1169,-118.5624689737859,125,125
1170,-16.590128339089972,136,136
1171,-81.73488592807414,69,69
1172,-55.05172523248896,98,98
1173,-144.9936839442991,119,119
1174,-105.65004419294311,117,117
1175,-74.97529060993364,88,88
1176,-185.77528356486474,106,106
1177,-37.273478046379125,130,130
1178,-61.664838738367145,118,118
1179,-94.51313876156591,101,101
1180,-82.89654469260756,74,74
1181,-100.84188231497855,72,72
1182,-24.417692110447348,86,86
1183,-126.79659365109458,117,117
1184,-57.15914885230632,160,160
1185,-274.21083764054396,100,100
1186,-101.81311665271086,125,125
1187,-104.56042057496117,70,70
1188,-132.30455512568932,123,123
1189,-91.1106620106064,121,121
1190,-67.75215151310499,105,105
1191,-151.78004575229187,115,115
1192,-66.71350190261703,106,106
1193,-81.4589837206187,109,109
1194,-94.47447589323835,112,112
1195,-202.40269207943868,127,127
1196,-166.96256821843536,147,147
1197,-48.38719688317914,141,141
1198,-88.39920004939304,77,77
1199,-100.19575457998707,105,105
1200,-115.32403064325344,95,95
1201,-89.67303441362864,64,64
1202,-142.52144465210378,154,154
1203,-91.75249727604516,63,63
1204,-77.10036869747097,72,72
1205,-26.83400393708007,131,131
1206,-119.19470774609475,72,72
1207,-136.34328560155572,109,109
1208,-70.73695338689687,85,85
1209,-120.13376857057737,101,101
1210,-61.93145102890498,146,146
1211,-91.88098731068494,68,68
1212,-54.22675745243539,81,81
1213,-130.3416819816839,133,133
1214,-142.38047854412685,91,91
1215,-98.89109133256807,147,147
1216,-137.26921280251935,121,121
1217,9.622994397608096,129,129
1218,-120.75211839464622,99,99
1219,-65.54187000495875,81,81
1220,-62.77494882510839,61,61
1221,-81.68819647685267,91,91
1222,-54.042232039508654,103,103
1223,-161.4521521808796,156,156
1224,-79.61349360550449,73,73
1225,-102.82117131710304,89,89
1226,-86.5803143705142,81,81
1227,-90.37339012095087,119,119
1228,-25.735133560720044,85,85
1229,-67.75850618133369,99,99
1230,-204.1701941434135,109,109
1231,-63.7803112682201,118,118
1232,-100.69378924523745,69,69
1233,-85.5481445600551,85,85
1234,-127.06188460849648,107,107
1235,-96.42194524283406,139,139
1236,-61.12671310409177,72,72
1237,-31.679810602814598,151,151
1238,7.769262113321275,99,99
1239,-70.17774917278842,89,89
1240,-105.93297944884343,153,153
1241,-114.88319498906597,71,71
1242,-149.1972646874028,113,113
1243,-74.6539662942327,72,72
1244,-33.13330795794819,117,117
1245,-92.9885922650068,77,77
1246,-85.0005998851992,88,88
1247,-32.871307337415644,155,155
1248,-35.09379363032218,91,91
1249,-104.8657842969229,74,74
1250,-29.859959594004167,69,69
1251,-99.4485529993165,79,79
1252,-109.57635880877643,100,100
1253,-81.49296457592959,107,107
1254,-51.12437761310006,112,112
1255,-108.41045374261702,102,102
1256,-205.44265369637645,104,104
1257,-70.95628880430357,62,62
1258,-33.11245326320612,72,72
1259,-57.823191864045164,74,74
1260,-51.61192444042058,106,106
1261,-33.23641875334697,88,88
1262,-134.55407212948202,105,105
1263,21.291037877914434,121,121
1264,-82.97935368949817,65,65
1265,-32.77373557373838,119,119
1266,-141.9622141732201,105,105
1267,-41.78803919923574,139,139
1268,-39.73795285414817,124,124
1269,-46.147582139349225,69,69
1270,-61.418481744951634,129,129
1271,-79.09966380951525,119,119
1272,-125.37057740297536,60,60
1273,-100.73758891699647,104,104
1274,-47.87810216330846,72,72
1275,-88.13160418783673,117,117
1276,-36.372964016711585,122,122
1277,-125.55172310851076,94,94
1278,-114.12767202431755,89,89
1279,-62.53668852900239,131,131
1280,-182.22273220649174,116,116
1281,-434.0348005069629,138,138
1282,-31.886778422593167,129,129
1283,-90.52487726855125,86,86
1284,26.351537505568785,122,122
1285,-95.7080977865968,139,139
1286,-99.96200667573521,83,83
1287,-115.08191815988647,85,85
1288,-71.83383659792432,71,71
1289,-139.95414872809462,109,109
1290,-40.5885463605257,98,98
1291,-42.2208880397002,74,74
1292,-64.36042050670937,75,75
1293,-8.269553668405479,160,160
1294,-66.88762363038782,140,140
1295,-93.98163242210154,82,82
1296,-13.301435470742206,95,95
1297,-58.68546367915789,73,73
1298,-57.26742209675624,99,99
1299,-98.1053228253528,106,106
1300,-95.58817714305196,112,112
1301,-31.570449049037236,97,97
1302,-70.19940057065256,80,80
1303,-63.536571464772955,121,121
1304,-84.81223955386189,71,71
1305,-77.59290646767306,65,65
1306,-46.81313138214904,138,138
1307,-132.7367235889315,104,104
1308,-211.97786882547376,99,99
1309,-50.558867426269714,83,83
1310,-54.58711905200097,115,115
1311,-112.58809204261959,128,128
1312,-154.9419211097084,104,104
1313,-93.40061315345433,119,119
1314,-45.144287372820344,81,81
1315,-62.40059934044421,138,138
1316,-113.95102491817312,101,101
1317,-178.50126878924988,137,137
1318,-64.53256806917807,92,92
1319,-59.592794443391504,94,94
1320,-42.68398063499926,103,103
1321,-16.57495406554183,127,127
1322,-22.779617181645804,96,96
1323,-119.91539130254412,122,122
1324,-52.79354510391254,110,110
1325,-62.59440611133754,79,79
1326,-62.21414642340398,98,98
1327,-28.124912747240003,69,69
1328,-71.49510045957103,91,91
1329,-63.92238565485894,76,76
1330,-48.37037415120707,104,104
1331,40.977462444969774,118,118
1332,-104.69118309720992,116,116
1333,-79.02449640074164,94,94
1334,-252.13525339890222,150,150
1335,-139.7655463929596,100,100
1336,-113.57177046475348,91,91
1337,-170.53255701228125,76,76
1338,-62.036820667213036,88,88
1339,-50.844383234639864,114,114
1340,-99.18751323687552,101,101
1341,-91.80714581613861,116,116
1342,-69.80555176080125,89,89
1343,-53.346088086535914,90,90
1344,-84.12511872925093,109,109
1345,-79.44049848795554,115,115
1346,-78.05625463457648,80,80
1347,-89.8002712977929,92,92
1348,-81.2191275511766,126,126
1349,-138.3534190883786,101,101
1350,-78.14917386617289,85,85
1351,-89.64775025517663,81,81
1352,-55.75845174671106,90,90
1353,-73.22596406929189,124,124
1354,38.702544236613164,90,90
1355,-77.44140753495982,73,73
1356,-44.625020126248934,100,100
1357,-68.25576014095839,82,82
1358,-114.50888794409529,99,99
1359,-92.97235168104068,146,146
1360,-200.72571800589517,84,84
1361,-84.46837260857504,87,87
1362,-107.20786473432774,80,80
1363,-109.80784112668623,107,107
1364,-46.783625474631734,72,72
1365,-13.796780329791204,74,74
1366,-28.2867324598124,90,90
1367,-51.57911933744967,85,85
1368,-80.81691722417646,80,80
1369,-103.67264295232408,119,119
1370,-76.0286697364156,114,114
1371,-151.956641727261,111,111
1372,-75.14830496034018,71,71
1373,-74.52554661956783,114,114
1374,5.501841920172879,131,131
1375,-47.84361815040485,96,96
1376,-107.84586715658234,140,140
1377,96.12628672393743,1000,1000
1378,-11.801085505188965,132,132
1379,-123.52637292849185,93,93
1380,30.45462219711834,115,115
1381,-79.59258312592458,113,113
1382,-17.277644373740912,98,98
1383,-176.84896564092287,106,106
1384,-194.0840272996204,119,119
1385,-80.17109837356568,72,72
1386,-27.86199087247259,71,71
1387,-168.82834858744286,124,124
1388,-22.351450673086305,108,108
1389,-56.706169031103045,100,100
1390,-26.6705236693885,90,90
1391,-37.8076598718654,114,114
1392,-53.58824556236793,93,93
1393,-74.55219250492539,99,99
1394,-71.50103907165315,116,116
1395,-114.3818224531008,109,109
1396,-78.69071239737309,106,106
1397,-116.33374110530757,111,111
1398,-49.40013064757525,69,69
1399,-45.429518573197015,106,106
1400,-43.11030058970856,134,134
1401,-59.30760377095518,118,118
1402,-68.02567560214953,106,106
1403,-12.80214783583412,126,126
1404,-29.09657270314142,111,111
1405,-81.76931513947012,100,100
1406,-259.1273685283205,145,145
1407,-72.48288269565998,87,87
1408,-182.80059300254393,90,90
1409,-258.93921194978765,157,157
1410,-75.91092843461554,122,122
1411,-31.444621811740973,105,105
1412,-167.82844618492607,115,115
1413,-69.24009842145946,63,63
1414,-97.73613818033246,114,114
1415,-24.22764958029711,98,98
1416,-54.61277177377874,87,87
1417,-66.24593625583714,115,115
1418,-152.69015742021853,131,131
1419,-60.37645599274255,92,92
1420,-42.44229612933506,118,118
1421,-49.662148632028206,136,136
1422,40.56568613789958,1000,1000
1423,-54.186486956548364,133,133
1424,-20.73714958611353,101,101
1425,-97.90872811259422,102,102
1426,-57.43396215137863,77,77
1427,-75.41783852937887,86,86
1428,-29.739602649509266,93,93
1429,-184.8525242467103,125,125
1430,-34.791928523454715,114,114
1431,-81.91997029248566,148,148
1432,-37.430101253518345,89,89
1433,-139.2542027894326,82,82
1434,-92.26526508890272,73,73
1435,-72.41801118812627,121,121
1436,-53.06390621893432,124,124
1437,-60.87626410184114,132,132
1438,-39.96980685118811,82,82
1439,-44.42376345130461,69,69
1440,-85.66943874661317,78,78
1441,-28.37550192399199,94,94
1442,-41.385974951010056,112,112
1443,-121.53970084253602,85,85
1444,21.276469077973445,118,118
1445,-83.81954580589576,115,115
1446,-5.4095377962448765,127,127
1447,-25.146557489881374,76,76
1448,-51.306545408205224,107,107
1449,-28.353059466150285,141,141
1450,-64.66062986326043,75,75
1451,-92.91353086900766,124,124
1452,-36.93282678207138,113,113
1453,-30.867961002465435,82,82
1454,-93.01265010319526,114,114
1455,-58.64219221195714,76,76
1456,-62.94384557731102,126,126
1457,-84.31306158636913,88,88
1458,-50.24971636197124,115,115
1459,-16.22555457333462,91,91
1460,-74.2903816018157,133,133
1461,-153.41106187627554,123,123
1462,-52.55113113540972,102,102
1463,-65.09568991692642,107,107
1464,-120.15254716187903,101,101
1465,-85.84682817356214,110,110
1466,-84.97873982526437,140,140
1467,-67.57669611969064,71,71
1468,-34.58826801562918,104,104
1469,-100.03190312535003,70,70
1470,-98.80155778497024,122,122
1471,-107.72902429907252,145,145
1472,-171.53928798319004,104,104
1473,-229.65923529010723,135,135
1474,-116.93847238145725,119,119
1475,-66.44598767185121,90,90
1476,-91.81564106078429,102,102
1477,-95.40215326577942,105,105
1478,-68.17631263652214,100,100
1479,-58.566530152370234,112,112
1480,18.37945260910682,142,142
1481,-23.121474957299725,85,85
1482,69.01170093874558,1000,1000
1483,-111.15923608684209,69,69
1484,-61.891692488188255,105,105
1485,-56.671779656003714,74,74
1486,-85.29523600130906,69,69
1487,-59.569631560365124,70,70
1488,-107.70215933658322,121,121
1489,-94.00918600397314,98,98
1490,-34.78685901534486,121,121
1491,-62.43063402478916,91,91
1492,11.063382687572727,123,123
1493,-51.866081873339425,166,166
1494,-82.4923167110344,122,122
1495,-57.93733753093264,132,132
1496,-88.81584745617687,100,100
1497,-20.808174166408605,93,93
1498,-47.14130874356917,104,104
1499,1.8245102083530753,145,145
1500,-139.0115439945959,128,128
1501,-89.16896200117036,125,125
1502,-92.20190789923889,94,94
1503,-105.59948717920705,109,109
1504,-49.516255418841595,142,142
1505,-21.400227748615123,86,86
1506,12.388039381242038,101,101
1507,-56.67689526920011,128,128
1508,-56.34501123968272,83,83
1509,-73.9450275097577,104,104
1510,-36.020055505093985,114,114
1511,-61.74860385457638,113,113
1512,-13.950507880764945,175,175
1513,-5.7599695502173915,97,97
1514,-78.7546164053178,117,117
1515,-121.13146439625271,113,113
1516,-24.171827019195902,76,76
1517,-45.686126773064274,122,122
1518,-72.2822667281869,101,101
1519,-123.50023825884895,103,103
1520,-108.77369525458916,118,118
1521,-216.59048761086055,101,101
1522,-50.050741045879775,78,78
1523,-32.49143617903151,85,85
1524,-59.184752769005264,178,178
1525,-60.71313528736363,150,150
1526,-81.05495430677823,123,123
1527,-55.813286790564334,119,119
1528,-189.62854382772235,127,127
1529,-67.8577861822362,113,113
1530,-235.78779033215753,132,132
1531,-27.6863068068281,90,90
1532,-50.719169247933976,86,86
1533,-75.90746491131495,146,146
1534,-101.43503587787124,122,122
1535,-76.97175004658706,94,94
1536,-61.802540820930254,172,172
1537,-103.76274836708828,108,108
1538,-19.118856654921558,86,86
1539,-102.87639103916108,110,110
1540,-33.98913814695432,69,69
1541,-80.1875536150097,103,103
1542,-87.41562458179048,63,63
1543,-74.64910422606039,109,109
1544,-28.569775276958467,135,135
1545,-39.8983769981898,62,62
1546,-88.60149905914255,141,141
1547,-79.31076273391619,106,106
1548,-61.7067969111215,88,88
1549,-23.56916396781702,112,112
1550,-63.42714735558477,126,126
1551,-112.42096963025993,106,106
1552,7.7867206930002055,149,149
1553,-9.93445833451625,192,192
1554,-291.31757207617716,170,170
1555,-64.24674380664237,89,89
1556,-28.94547239707063,80,80
1557,-235.30800770098554,109,109
1558,-293.9064916853217,116,116
1559,-112.67974239860743,83,83
1560,-84.20071812160377,64,64
1561,-67.32419526281866,126,126
1562,-58.87183221894831,77,77
1563,-38.36413317271412,251,251
1564,-82.38171239732642,85,85
1565,-57.73310583700873,79,79
1566,-61.52353017887288,105,105
1567,-85.60039169025445,93,93
1568,-73.27282519381902,105,105
1569,-35.71045811896198,86,86
1570,-39.59535967230639,124,124
1571,-166.83406041208394,176,176
1572,-59.2781120085659,149,149
1573,-42.55404411290466,146,146
1574,-54.91117013739251,91,91
1575,-68.59306863735407,113,113
1576,5.642321236311204,111,111
1577,-25.304476315727925,84,84
1578,-39.873347874515225,107,107
1579,5.560667102017547,133,133
1580,-74.35013466834701,117,117
1581,-48.97544592667593,115,115
1582,-16.539557391228215,154,154
1583,-324.73399739195946,179,179
1584,-271.3243250029438,135,135
1585,-151.15715922133109,133,133
1586,-60.59718472622258,78,78
1587,-16.02712978965738,110,110
1588,-64.13733804476722,139,139
1589,-15.24000889136093,120,120
1590,-38.34543508902439,122,122
1591,-53.0981777279463,144,144
1592,-37.76419138180073,126,126
1593,-48.26158846949626,98,98
1594,-77.55764877771705,64,64
1595,-72.45378292131115,69,69
1596,-107.81428738280377,133,133
1597,-45.20820175715342,79,79
1598,-89.37048810154457,93,93
1599,-20.958944939826893,73,73
1600,-60.769543299115725,107,107
1601,-49.89255628513081,94,94
1602,-62.60432681181161,88,88
1603,-60.43632125320079,81,81
1604,-120.07590401109812,81,81
1605,-35.15807947183245,130,130
1606,-70.53418668244863,120,120
1607,-80.82780782949408,80,80
1608,-85.52698097840059,90,90
1609,-32.694936945907116,108,108
1610,-67.5539224145391,125,125
1611,-63.5565515951488,163,163
1612,-53.60047776909152,82,82
1613,-64.08380660426724,94,94
1614,-68.6381410539368,117,117
1615,-95.16274898910947,102,102
1616,-58.870270139305504,85,85
1617,-55.241977793642334,110,110
1618,-59.91080772480106,127,127
1619,-41.103948399045876,164,164
1620,-41.723835439527356,108,108
1621,-27.152719110683393,105,105
1622,-60.86123534104177,95,95
1623,-46.91802379997368,114,114
1624,0.8592076447196604,108,108
1625,-50.95271845223233,102,102
1626,-72.1757306228458,126,126
1627,-6.878090417077374,84,84
1628,-70.44743388386235,114,114
1629,-34.78370380094481,116,116
1630,-85.98753636835914,128,128
1631,-144.44592914227982,128,128
1632,-139.3201047672564,63,63
1633,-64.63948978149455,66,66
1634,-71.53730023868783,63,63
1635,-77.02615314232973,126,126
1636,-95.94318463088028,99,99
1637,-290.5830861047207,144,144
1638,-60.92953596992555,94,94
1639,-59.31555349278979,111,111
1640,-95.04332221093122,102,102
1641,-55.99110879904812,79,79
1642,-39.33594030613383,63,63
1643,-90.74951267901696,143,143
1644,-51.02657445983603,126,126
1645,-7.583846865274083,76,76
1646,17.414419019169742,148,148
1647,-114.70060704715245,132,132
1648,-58.70379378460794,138,138
1649,-78.68602129580242,110,110
1650,-46.75853395084933,81,81
1651,-3.7204145711137215,80,80
1652,-33.86824078880218,74,74
1653,-34.18189918604847,104,104
1654,-169.53083967070083,106,106
1655,9.774962122600527,94,94
1656,-29.91682590150515,93,93
1657,-76.34059415402746,134,134
1658,-71.13684227899795,92,92
1659,-13.53949165815051,69,69
1660,-85.38831293480811,90,90
1661,-74.60249678752041,79,79
1662,-33.18148776987903,161,161
1663,-104.60635368186935,109,109
1664,-94.53942033660245,97,97
1665,-71.60327023855885,94,94
1666,-54.73504885374399,86,86
1667,-108.08969404561255,84,84
1668,-35.78128433226658,76,76
1669,-88.90599640579849,214,214
1670,-44.842238880127994,83,83
1671,-34.84381186069882,105,105
1672,-86.18855989379979,83,83
1673,-92.71317266295767,69,69
1674,-53.22424976986592,109,109
1675,-84.90424794843139,80,80
1676,-95.21125215717751,109,109
1677,-45.29308278282171,71,71
1678,-76.44740985683987,127,127
1679,-73.79649016173124,77,77
1680,-16.581903221201586,119,119
1681,-36.872683211164784,109,109
1682,15.357832092776007,93,93
1683,-66.901726990085,129,129
1684,-44.19233956939273,134,134
1685,-60.21993960367543,89,89
1686,-82.22646528265707,104,104
1687,-64.7721801251171,123,123
1688,-65.7742465459162,78,78
1689,-66.71577786809442,79,79
1690,-60.7979797562583,93,93
1691,-50.121529105700105,109,109
1692,-1.0731927497676281,112,112
1693,-59.97387896311412,88,88
1694,-24.90403576867753,86,86
1695,-83.89629530528806,102,102
1696,-75.50909171545726,101,101
1697,-110.15909243390458,105,105
1698,-70.56602955574641,97,97
1699,-56.87025845031625,105,105
1700,19.32416157519488,158,158
1701,-63.7856483123685,149,149
1702,-88.56527799410517,90,90
1703,-35.12021373748664,140,140
1704,-5.757871811923096,94,94
1705,-80.6107719991478,144,144
1706,-46.13821306536968,71,71
1707,-8.723823883277774,92,92
1708,-4.378704794729373,149,149
1709,-56.892464820819285,70,70
1710,-100.310852845402,74,74
1711,48.263997484074146,1000,1000
1712,-90.78490957653712,129,129
1713,-60.9894223755535,102,102
1714,-57.071003266274175,119,119
1715,-60.04435565551018,96,96
1716,-77.92604484086897,104,104
1717,-47.213687651660564,82,82
1718,-47.59203547531913,109,109
1719,-51.808821158452,104,104
1720,-12.739598138539975,91,91
1721,-207.21238330875713,106,106
1722,-32.51782954260658,126,126
1723,3.8073204732771444,113,113
1724,-38.933810300527526,92,92
1725,-51.250242865560686,134,134
1726,-131.219687632911,120,120
1727,-31.908861609114993,130,130
1728,-30.675422484472463,88,88
1729,-55.84399056255072,105,105
1730,-109.81647325079948,101,101
1731,-52.12131267508736,126,126
1732,-34.64876771517953,93,93
1733,-45.30962099184356,93,93
1734,-54.754547217085985,71,71
1735,-44.21089056694301,94,94
1736,-76.03052541912015,76,76
1737,-59.35052125278452,88,88
1738,61.1426205055388,1000,1000
1739,-28.817682170705197,98,98
1740,-106.75079926760314,99,99
1741,-222.15367153242317,182,182
1742,-89.85408844066687,100,100
1743,-48.47513049927778,118,118
1744,-36.83764479613302,124,124
1745,-8.210016872183061,139,139
1746,-31.439707409182304,90,90
1747,-223.677998620481,125,125
1748,-24.79706433789427,126,126
1749,-74.19532676098271,81,81
1750,-24.56346298396538,85,85
1751,-171.85675132228852,157,157
1752,-35.009508507709185,85,85
1753,-36.227722426541234,132,132
1754,-54.799252093818836,154,154
1755,-86.14880148554496,77,77
1756,-53.09657643998979,84,84
1757,-97.62474124970723,135,135
1758,-15.973617541356816,100,100
1759,-55.13659577290224,121,121
1760,-59.51220649003362,117,117
1761,17.08643935283594,173,173
1762,-36.702493700871045,82,82
1763,-62.047469105957774,116,116
1764,-124.48589176872935,240,240
1765,-105.58388959670233,106,106
1766,-63.67708584210108,72,72
1767,-8.892252609540378,135,135
1768,-81.1791529873849,122,122
1769,-40.34316457902332,81,81
1770,-99.68459396907362,104,104
1771,-6.143472349095191,85,85
1772,-59.60518899296409,87,87
1773,-29.038625901352503,110,110
1774,27.640596107729948,106,106
1775,-183.4187260957709,122,122
1776,-113.51184862311361,108,108
1777,-68.16619382647555,74,74
1778,-48.16300106435828,97,97
1779,50.12681813442944,136,136
1780,-6.747108987932492,160,160
1781,-51.26568879985385,146,146
1782,-93.32248506198194,121,121
1783,-25.157885380046537,140,140
1784,13.52701772746207,1000,1000
1785,-4.99033397315138,98,98
1786,-0.44259581514023694,144,144
1787,-117.6582152250729,69,69
1788,-187.5659899248025,145,145
1789,-20.738439125171368,164,164
1790,-47.534630263788465,71,71
1791,-39.161937904417755,109,109
1792,-15.485749079798282,126,126
1793,-94.34713335475085,153,153
1794,-23.12769665009283,108,108
1795,-83.61570180041102,113,113
1796,-0.5740017668689603,149,149
1797,-29.63337035405364,152,152
1798,-136.45670561036343,255,255
1799,-176.36603711979265,207,207
1800,-236.14622240497192,144,144
1801,-55.67639044836345,119,119
1802,-30.19531234294935,114,114
1803,-90.18577063658033,108,108
1804,-64.67981653538112,111,111
1805,-103.50685374336291,119,119
1806,-60.289858719999515,98,98
1807,-57.471350256977935,82,82
1808,-40.23285852849325,96,96
1809,-46.28332106447182,143,143
1810,-22.736028327791303,104,104
1811,-70.91209205879107,102,102
1812,-106.69423273402357,89,89
1813,-84.12226549202813,88,88
1814,-69.86307909352942,125,125
1815,32.37154484607965,1000,1000
1816,-45.90886292392234,88,88
1817,-105.84529195584076,103,103
1818,-226.118839848025,139,139
1819,-30.318264171798248,146,146
1820,-7.8750823382269886,142,142
1821,-15.457997491008769,118,118
1822,10.369979115953711,115,115
1823,-45.3875956820008,107,107
1824,-78.73264400457089,98,98
1825,-54.1297550266544,82,82
1826,-77.07877823576112,76,76
1827,-43.72418211060119,125,125
1828,-169.86655110831094,88,88
1829,-34.37222631319945,121,121
1830,-25.68193864818815,99,99
1831,-59.8045314691665,88,88
1832,-47.022311046843456,101,101
1833,18.073082998056947,101,101
1834,-42.65601694273158,86,86
1835,-54.93358352690842,104,104
1836,-194.8526567058404,172,172
1837,-49.46941338553246,114,114
1838,-44.61255771112856,99,99
1839,-80.77826030830147,74,74
1840,-56.58663196716409,103,103
1841,-25.979562542553793,140,140
1842,-68.49011113628808,84,84
1843,-74.90887337118866,102,102
1844,3.1134246000672476,111,111
1845,-198.54936820433196,105,105
1846,-42.97188674515086,88,88
1847,-201.53797839375744,130,130
1848,-53.22286425392632,96,96
1849,6.5079833179180895,109,109
1850,-75.60919565918155,103,103
1851,-42.07302430310804,109,109
1852,-94.74741559172571,109,109
1853,-69.86133952479611,83,83
1854,-161.6373484191125,92,92
1855,-78.39950017150721,80,80
1856,-180.52777106263687,119,119
1857,-51.942855658630265,92,92
1858,-31.486361772907927,73,73
1859,-142.21299799630935,288,288
1860,16.42348547852255,126,126
1861,-60.28258307771255,120,120
1862,-34.68308127287101,177,177
1863,-233.59142599771997,129,129
1864,-34.638179277509664,109,109
1865,-47.12426946874524,85,85
1866,-18.11090272733024,123,123
1867,-1.7073597004936119,112,112
1868,5.814790488290541,122,122
1869,-29.040734041023242,96,96
1870,-37.62577087666382,128,128
1871,-141.01356537353936,136,136
1872,-19.298161123903796,113,113
1873,-14.228401753980762,122,122
1874,-105.64237395364907,110,110
1875,7.155334056073741,144,144
1876,-1.2791481939707836,148,148
1877,-128.10446919089256,136,136
1878,33.78926102016692,160,160
1879,5.537657602460914,1000,1000
1880,-56.82810246862216,71,71
1881,-52.11478447262203,87,87
1882,-48.981831406083,109,109
1883,-35.48839642969759,113,113
1884,-61.13558562714725,80,80
1885,-109.95081812603728,94,94
1886,-122.89889342394588,100,100
1887,-4.501529599091583,123,123
1888,-54.48229707865788,109,109
1889,-85.84968786750701,115,115
1890,-103.78643734558564,97,97
1891,-52.63303754385535,108,108
1892,-72.92663598911128,97,97
1893,-65.0744525007778,64,64
1894,-32.900087204031976,122,122
1895,-74.1918855401956,104,104
1896,19.37891115503686,116,116
1897,-108.3672105048877,113,113
1898,-178.49448144743337,87,87
1899,-25.75145862074767,100,100
1900,-29.648690257367335,107,107
1901,-61.180789990059935,113,113
1902,-71.535760064105,76,76
1903,-45.51834862735228,91,91
1904,-68.17368664152153,95,95
1905,9.062395215266804,145,145
1906,12.15337036632333,134,134
1907,-167.8764239353938,81,81
1908,-88.91115740341407,123,123
1909,-57.64327186829131,75,75
1910,-28.881326414712433,149,149
1911,65.48547607683881,1000,1000
1912,-236.02845449932292,517,517
1913,-54.18284456634071,82,82
1914,-38.638064256287166,73,73
1915,-73.7477638118553,98,98
1916,10.188775255821255,148,148
1917,-67.62777982187696,121,121
1918,-139.1605682070304,98,98
1919,-38.200287552624346,144,144
1920,-36.14640820709802,71,71
1921,8.334144423670821,204,204
1922,-38.96280160544839,125,125
1923,-116.72022548154139,102,102
1924,12.684232897338442,1000,1000
1925,-44.602962763744046,136,136
1926,-48.542134526867954,100,100
1927,-8.363662096298484,159,159
1928,-49.31881516719409,114,114
1929,0.36523593993415204,145,145
1930,-45.72800573673004,109,109
1931,-24.349458576057273,96,96
1932,-55.244809337699095,93,93
1933,-133.51712172617675,66,66
1934,14.206389093412213,95,95
1935,-8.866653818029917,100,100
1936,-57.69877549639419,107,107
1937,-52.35175351509001,106,106
1938,-11.709911221282283,172,172
1939,-37.49931960471574,75,75
1940,-42.54755797071476,94,94
1941,-53.37751666434612,95,95
1942,-88.06404816419851,112,112
1943,-85.8633180995734,98,98
1944,10.993306553947605,105,105
1945,-48.28243504644789,89,89
1946,-36.54892849121485,94,94
1947,-38.90239703340593,112,112
1948,-65.30546459261289,102,102
1949,-9.151985565944898,93,93
1950,-91.0780372955779,90,90
1951,-60.0713768809142,105,105
1952,-14.996427299822571,156,156
1953,-50.859724973454945,95,95
1954,-224.03803112954887,159,159
1955,-32.311518472100985,72,72
1956,-22.973713076489588,74,74
1957,-15.287395857242359,118,118
1958,-2.8748560944743815,101,101
1959,41.00042639023212,144,144
1960,-150.65019742788792,261,261
1961,-41.666581954033745,63,63
1962,-59.600932590724526,123,123
1963,-42.28474470408044,109,109
1964,-66.56916911174693,106,106
1965,-92.6431074326924,101,101
1966,7.251448488135409,113,113
1967,-60.07046700648401,96,96
1968,-43.02782497435177,77,77
1969,-64.21108842398087,148,148
1970,-39.65843523635752,78,78
1971,-18.667953037440768,93,93
1972,-27.527352140135932,98,98
1973,-94.16646450024776,88,88
1974,11.542182220569998,101,101
1975,-43.42378341436729,77,77
1976,-72.16881100352883,73,73
1977,-16.082815847725044,113,113
1978,-30.960357296979183,123,123
1979,-50.52925422949737,82,82
1980,-178.13585679219818,136,136
1981,2.251916298973967,108,108
1982,-60.69525609940424,85,85
1983,-16.393434240219122,88,88
1984,-48.303765742104616,112,112
1985,6.223009615618139,109,109
1986,-135.0285793304992,142,142
1987,-57.927725864173276,104,104
1988,16.9637962056417,92,92
1989,7.242742709317838,142,142
1990,-22.419044787491842,152,152
1991,-28.074696933017876,89,89
1992,-44.121678021224525,109,109
1993,-86.12945490031254,138,138
1994,13.269522877382897,123,123
1995,-75.04344362046241,107,107
1996,32.381960521356035,122,122
1997,-59.738438674841156,106,106
1998,26.813922313694576,112,112
1999,-16.70292877781445,130,130
2000,-0.4511718339572184,101,101
2001,-43.1590860875673,110,110
2002,-117.50573889758505,124,124
2003,-40.037691944654455,111,111
2004,-62.20283711236679,115,115
2005,-6.374022666442983,81,81
2006,-48.75967247021977,123,123
2007,23.790331478310797,1000,1000
2008,-16.54747861522462,123,123
2009,-33.26986947719024,90,90
2010,-71.74000546551264,88,88
2011,-102.76441024430623,78,78
2012,8.282909497942597,115,115
2013,-15.999094641406018,134,134
2014,27.107961145058283,127,127
2015,-51.890060003454394,105,105
2016,-8.858409824629774,189,189
2017,-6.605061003033313,121,121
2018,6.69545381003023,149,149
2019,-83.51178425347581,89,89
2020,-20.040550506027785,93,93
2021,-52.982383917199044,112,112
2022,-34.3333431320997,102,102
2023,-28.556623823172714,102,102
2024,-99.57446871415127,111,111
2025,-74.88125074489511,113,113
2026,-87.08230919485656,154,154
2027,-63.784658063203814,70,70
2028,-69.33558937111704,89,89
2029,-50.294637960745305,100,100
2030,-67.38109061424609,140,140
2031,-59.08034210755205,102,102
2032,-25.156379863652106,87,87
2033,-48.52882640522736,151,151
2034,37.013067702098944,1000,1000
2035,-30.277936215068024,124,124
2036,-89.84203310906184,98,98
2037,41.54748019517817,117,117
2038,-6.969156994614366,133,133
2039,-198.26115340974297,140,140
2040,-30.700423255857757,121,121
2041,-97.74224849942937,139,139
2042,-158.73307172498968,267,267
2043,-21.3602530383708,86,86
2044,-4.54002585467758,147,147
2045,20.229999499211388,139,139
2046,-26.745390347229474,106,106
2047,-13.095938852033157,127,127
2048,-70.65998692347341,102,102
2049,-10.649074638955554,80,80
2050,-19.143772411044907,99,99
2051,-1.3993683097956904,87,87
2052,-56.086708630714824,100,100
2053,0.7546823649694403,84,84
2054,-31.5551427721102,82,82
2055,-55.215920077468155,105,105
2056,-72.53285894013786,93,93
2057,-69.08560500448019,98,98
2058,-13.425127790099921,125,125
2059,-1.8183760238296713,109,109
2060,-54.60751051782087,116,116
2061,-43.6331541014184,86,86
2062,-52.5070010629851,111,111
2063,-43.864590759567704,104,104
2064,-31.296714431235387,115,115
2065,-56.63249956380484,80,80
2066,-17.72788622687864,90,90
2067,-43.15703432235658,125,125
2068,-7.189191976955897,144,144
2069,-30.22625876386533,83,83
2070,8.209069176152994,98,98
2071,-64.42029108164546,108,108
2072,-31.81314230110037,95,95
2073,-59.09776771316315,103,103
2074,96.96968753196738,1000,1000
2075,-15.356787688598317,120,120
2076,-11.515933225811409,85,85
2077,-169.4192611838601,271,271
2078,31.072514323501537,1000,1000
2079,-53.90335455389628,90,90
2080,-45.1646305152962,68,68
2081,-36.09583838308764,86,86
2082,-63.31917462714839,86,86
2083,-40.99732450440894,98,98
2084,-15.752923642936821,121,121
2085,-14.286311080920285,79,79
2086,-125.8734622282204,147,147
2087,-42.000818030344576,125,125
2088,-48.677831148158646,101,101
2089,-20.34088700903891,102,102
2090,-31.228533941069927,73,73
2091,-41.5184877571118,136,136
2092,-30.4266521878816,117,117
2093,-41.66546460137373,131,131
2094,-33.22960930151953,109,109
2095,18.12000853153934,125,125
2096,-37.29823633063481,84,84
2097,-55.00380137449655,110,110
2098,-7.037897836933567,83,83
2099,-45.90820690898095,139,139
2100,-25.930063739880012,139,139
2101,-37.954509724358914,92,92
2102,-125.0160928357177,120,120
2103,1.3434119585441238,85,85
2104,11.643571723310572,96,96
2105,-63.41545811419177,97,97
2106,-61.70964005474446,80,80
2107,-95.93847358131774,118,118
2108,-13.145563516939518,112,112
2109,-52.447388066355316,89,89
2110,-0.9640954258932055,104,104
2111,-43.439143174633074,109,109
2112,-21.74055815273519,110,110
2113,9.235856969811778,99,99
2114,-35.83848537147398,127,127
2115,-50.803023488184095,75,75
2116,-6.505144510146323,132,132
2117,-44.20834649198941,113,113
2118,6.226656703683133,74,74
2119,-53.74964006084236,86,86
2120,-130.36498619281505,84,84
2121,-56.88390513437047,71,71
2122,-16.885732064788968,128,128
2123,-80.96160666304256,170,170
2124,-41.26338174011889,116,116
2125,-48.39157794650275,93,93
2126,-36.76895285719691,166,166
2127,4.938495243176035,106,106
2128,-56.669594906572314,109,109
2129,-16.212149555208228,118,118
2130,-46.79586999664788,128,128
2131,-56.67041552110165,117,117
2132,36.04003716766317,132,132
2133,-22.107156523272735,86,86
2134,15.64337851475841,104,104
2135,-189.95883754927473,226,226
2136,-9.238914829757064,138,138
2137,-30.776792264034185,83,83
2138,-39.33008770840223,96,96
2139,-62.71387055091547,105,105
2140,-66.545445642287,100,100
2141,-36.96213002568267,99,99
2142,-27.947348420664497,99,99
2143,-57.30999386767305,140,140
2144,-82.29022577316783,78,78
2145,-20.22230186896323,90,90
2146,-39.221633867979236,76,76
2147,-44.21845232643821,111,111
2148,-59.025133327564944,121,121
2149,-69.87224102981395,110,110
2150,-29.846479449275236,97,97
2151,-41.849022109168715,121,121
2152,-32.46223625490333,127,127
2153,-35.21195346235166,127,127
2154,-184.395092963929,93,93
2155,-42.63489972661479,120,120
2156,-20.673215456725018,112,112
2157,-64.25799393603327,144,144
2158,-3.822145424536558,122,122
2159,-4.672836929245577,115,115
2160,-46.36820077353477,99,99
2161,-17.626328425866532,131,131
2162,-21.659470023795677,90,90
2163,-23.979733833215533,142,142
2164,-30.302669918689375,77,77
2165,-78.17902293253273,100,100
2166,-92.4790228372235,87,87
2167,-20.821005940686845,79,79
2168,-107.16345582289887,74,74
2169,-47.77646080978201,76,76
2170,-46.52472271758871,82,82
2171,-173.83051823434812,86,86
2172,-72.78219465846036,95,95
2173,0.48794415432091753,1000,1000
2174,-128.1141036209047,116,116
2175,-2.1197446954396497,111,111
2176,-22.581704659687873,76,76
2177,-34.25768625427442,179,179
2178,-25.36547124310036,98,98
2179,-7.11603476325044,83,83
2180,-34.56112624838852,127,127
2181,80.07631302570171,1000,1000
2182,-12.376714280678101,120,120
2183,15.527383411051076,144,144
2184,-50.094957167296954,82,82
2185,8.046400748081368,137,137
2186,-60.653864326992135,113,113
2187,-123.8795122135707,220,220
2188,12.712740212477357,138,138
2189,38.69713500529616,102,102
2190,-34.44880847452326,100,100
2191,-66.5334098122241,128,128
2192,-35.99167490437476,105,105
2193,-33.28569970321625,126,126
2194,-8.409948198821752,93,93
2195,-69.29713334835596,96,96
2196,-1.9199950929279623,118,118
2197,-63.81752355019286,114,114
2198,-26.41677812551437,112,112
2199,-29.889387220833754,111,111
2200,23.13230458231355,94,94
2201,-18.025196190444078,123,123
2202,-28.11317819969898,103,103
2203,-25.263150636217745,110,110
2204,-15.492373867281486,115,115
2205,-70.15787185702753,96,96
2206,-23.535444143625597,108,108
2207,-12.85350310516155,125,125
2208,-49.58258091009425,63,63
2209,53.302650217740315,1000,1000
2210,-201.15159389555058,133,133
2211,21.579808343998266,135,135
2212,-6.813414092675529,152,152
2213,0.3407806161840625,126,126
2214,-46.58607441717024,67,67
2215,10.545824916268174,84,84
2216,91.59516661474471,1000,1000
2217,-45.9618706036718,82,82
2218,-28.212903291664674,109,109
2219,-61.92727133365945,127,127
2220,-5.30533794159561,145,145
2221,-47.51719147838401,71,71
2222,-44.80790734358588,121,121
2223,-62.01516216682708,118,118
2224,-41.343256473567266,70,70
2225,-67.49800191770599,98,98
2226,-74.76922530070193,113,113
2227,-30.31157994414626,125,125
2228,-41.99578564805002,85,85
2229,-39.19597915980923,142,142
2230,-35.30406697672319,92,92
2231,-44.64733563518318,63,63
2232,-72.29404252121637,84,84
2233,-52.22450831973847,72,72
2234,6.505809651282362,88,88
2235,-19.075124828943814,123,123
2236,-19.492469210401097,133,133
2237,-13.180805306149807,70,70
2238,-5.962601904926231,160,160
2239,-59.34530424578987,108,108
2240,26.746833598679505,1000,1000
2241,-55.8401397081676,89,89
2242,-96.80757086319606,70,70
2243,92.40296568182545,1000,1000
2244,-10.957487336923151,114,114
2245,-37.74656049040826,117,117
2246,7.355861706348236,132,132
2247,-26.83590497913677,83,83
2248,-37.783421759114624,85,85
2249,17.968744042869545,85,85
2250,-35.41247470049096,123,123
2251,-27.589075010790395,91,91
2252,-57.65757134201074,108,108
2253,-29.965883106607052,101,101
2254,-51.21063213720768,112,112
2255,-69.32124108045556,117,117
2256,-12.032412854170573,93,93
2257,-64.82227115244548,78,78
2258,-2.3311050989402986,76,76
2259,-58.167022882640495,129,129
2260,1.4182761161448667,84,84
2261,30.930386626468817,116,116
2262,28.442904012954955,141,141
2263,-23.081926391202558,87,87
2264,-26.43752329975969,110,110
2265,-71.77506937011574,69,69
2266,-40.20105471077876,72,72
2267,-7.869703762878871,144,144
2268,65.01406872588504,1000,1000
2269,-38.59062918042946,96,96
2270,31.554256602782228,1000,1000
2271,-50.75945876913585,65,65
2272,-6.397059578065097,108,108
2273,-52.86426413134568,125,125
2274,-31.291630497561854,126,126
2275,-68.9368670433126,88,88
2276,-49.23816997961116,87,87
2277,-1.7303257603255133,126,126
2278,-51.855843909315624,77,77
2279,-24.52873104832527,93,93
2280,3.7081337548383857,90,90
2281,59.63774658935672,1000,1000
2282,14.388101556894625,119,119
2283,-7.387658027969309,128,128
2284,23.452211088467266,1000,1000
2285,-30.650168912117493,117,117
2286,2.252058796382954,128,128
2287,6.498075566121628,127,127
2288,-11.444371161237214,111,111
2289,-22.930715895672876,131,131
2290,-28.689303331425776,127,127
2291,-169.3665863848576,150,150
2292,15.273841762063213,117,117
2293,-77.44995245815653,83,83
2294,1.7362674389543997,126,126
2295,-32.797814737608064,79,79
2296,-13.47654744744446,95,95
2297,-56.76782279249794,80,80
2298,42.495941343953774,107,107
2299,28.09016890915362,99,99
2300,-59.288135614776806,122,122
2301,41.3403261014695,1000,1000
2302,96.4423745864568,1000,1000
2303,-33.07646228832044,79,79
2304,-8.73834708905953,122,122
2305,-31.293834032141305,116,116
2306,-63.786768670345595,110,110
2307,-24.342796543529445,100,100
2308,-54.178831692264666,103,103
2309,-46.10024613572365,144,144
2310,-71.57217461110935,115,115
2311,4.966339779626907,151,151
2312,-41.51673043004751,99,99
2313,19.93987865156177,94,94
2314,-1.717045753462756,140,140
2315,19.152394782375737,94,94
2316,-208.22753806335004,282,282
2317,-6.135415967575398,98,98
2318,-18.28588927981302,102,102
2319,-0.34175235193286824,123,123
2320,-11.59041112210626,82,82
2321,2.480772648325825,152,152
2322,56.12873160758363,1000,1000
2323,-32.668780994956165,130,130
2324,-75.81190553431325,106,106
2325,-26.0812283326496,103,103
2326,-41.635911382633196,85,85
2327,-44.9284521716873,132,132
2328,-7.097736763617135,130,130
2329,-37.73638782498978,144,144
2330,-112.82767133390132,121,121
2331,-26.578771406189016,1000,1000
2332,-31.482194859218183,101,101
2333,81.73288733947469,1000,1000
2334,-325.77570914150476,587,587
2335,20.824192290652544,1000,1000
2336,-11.978214002059232,105,105
2337,-76.90316972240967,122,122
2338,16.7325323331807,96,96
2339,-7.113015866681721,125,125
2340,7.6888130123589775,90,90
2341,-48.11062243147868,168,168
2342,-57.989034320578554,76,76
2343,-20.87709672157979,78,78
2344,12.388939532444681,118,118
2345,-66.337089518766,124,124
2346,-7.949797366507838,132,132
2347,-18.13841039748297,122,122
2348,-21.460603499513653,80,80
2349,-47.349769950025376,149,149
2350,-33.88379326374434,88,88
2351,-2.3924347140585525,134,134
2352,-24.22632999675008,127,127
2353,-47.11656125228188,113,113
2354,-42.64033900126136,114,114
2355,-35.53839176055128,104,104
2356,-65.81106656734008,83,83
2357,-4.901979057152474,120,120
2358,-7.801526958231648,90,90
2359,89.08107622877495,1000,1000
2360,-12.797490636076361,75,75
2361,60.796093759537946,1000,1000
2362,-117.9604016406457,130,130
2363,1.0916166850746407,138,138
2364,-25.2186571732003,86,86
2365,59.81311226594282,1000,1000
2366,53.88349587859162,105,105
2367,69.47090192687817,1000,1000
2368,-11.38502269747481,112,112
2369,-0.9310065985422824,106,106
2370,-30.266453110179285,133,133
2371,-17.52073589306255,117,117
2372,10.975190060714326,99,99
2373,8.814804691274546,112,112
2374,40.17496036404356,143,143
2375,96.72267223915458,1000,1000
2376,45.83142527432244,92,92
2377,-14.820690366321514,87,87
2378,-6.730679981194115,88,88
2379,-9.765971213536247,88,88
2380,-99.65541685669442,83,83
2381,0.7774701966585127,88,88
2382,24.810717824622643,131,131
2383,0.7638083535684643,111,111
2384,-21.99088111495861,1000,1000
2385,5.665355876547039,153,153
2386,-22.81521013640139,112,112
2387,-4.283970331764564,87,87
2388,-246.8483199465633,182,182
2389,-58.40296182244481,103,103
2390,-29.79221703914388,128,128
2391,-11.945308504843098,106,106
2392,10.339074061462384,90,90
2393,-14.173148299495395,81,81
2394,17.572401069741645,112,112
2395,-90.54387336169552,136,136
2396,-214.8724631722248,763,763
2397,17.088892529639438,93,93
2398,-12.50900663362836,97,97
2399,-285.2383727084258,979,979
2400,-32.11214391371777,153,153
2401,-50.89524781351304,106,106
2402,-7.358628142178304,123,123
2403,-25.4740117656238,113,113
2404,11.380788631271955,94,94
2405,40.55587286940934,102,102
2406,-42.531466454156416,107,107
2407,-22.82794913406515,118,118
2408,37.88996539416715,91,91
2409,-46.33366708755989,85,85
2410,-43.52292719394646,123,123
2411,23.13556100859762,124,124
2412,-30.632814345810743,99,99
2413,-125.87993806373203,179,179
2414,-12.080860055877679,112,112
2415,22.158457847004946,1000,1000
2416,-30.69045836213931,105,105
2417,8.746152592702217,74,74
2418,46.33602542167009,146,146
2419,-16.784012862972133,107,107
2420,23.18857057606209,104,104
2421,-105.78449211303868,132,132
2422,-178.96230506004085,239,239
2423,-43.410808286403,96,96
2424,12.697506983502038,88,88
2425,-38.24854745840224,102,102
2426,-13.9660912212114,124,124
2427,-7.880567169065003,116,116
2428,-62.81636955641215,103,103
2429,-22.454797362442534,106,106
2430,-62.30139591680789,269,269
2431,-68.13684543475657,125,125
2432,-66.09042647374841,125,125
2433,0.6764001103783102,140,140
2434,18.329288423151624,117,117
2435,-35.649970257719914,82,82
2436,92.61703572627708,1000,1000
2437,-52.860485570875085,77,77
2438,-67.41155745512927,107,107
2439,-5.641373438073661,1000,1000
2440,104.32719915454108,1000,1000
2441,-42.59948623880932,87,87
2442,0.9329800638533641,110,110
2443,-14.280408301594324,1000,1000
2444,-26.247578172653817,129,129
2445,14.121399068214046,101,101
2446,47.56479291042311,1000,1000
2447,-77.89007748495271,101,101
2448,26.26532377628999,90,90
2449,55.21662016599353,99,99
2450,-86.97874179128542,100,100
2451,56.20242391845215,1000,1000
2452,-47.08068878569763,105,105
2453,17.20834824838967,98,98
2454,10.8799170293276,108,108
2455,-184.44562968947665,670,670
2456,-0.9459147778808301,87,87
2457,6.877403578021301,84,84
2458,57.52654557856292,1000,1000
2459,-32.65049588465634,103,103
2460,28.595233047119052,99,99
2461,22.91235742337166,107,107
2462,-7.403659364051265,123,123
2463,-89.59623917807419,118,118
2464,-4.357387326052574,112,112
2465,-33.41148185270181,103,103
2466,-44.83875340556956,72,72
2467,48.40606824662686,104,104
2468,-14.86182697068135,100,100
2469,22.643951841952244,123,123
2470,-55.867017292724725,1000,1000
2471,34.20829096928938,107,107
2472,41.490735524971086,86,86
2473,-135.24818481756543,300,300
2474,58.04203545281331,92,92
2475,-50.284512767275146,92,92
2476,-16.740495206036698,109,109
2477,-115.21211468840382,357,357
2478,-26.729630749346384,85,85
2479,-103.7878485547229,109,109
2480,38.62595386222162,109,109
2481,-23.991188978847006,104,104
2482,-39.41691451678162,113,113
2483,56.60486926917703,1000,1000
2484,-206.434006752025,182,182
2485,-74.85009592850182,146,146
2486,19.714541641292534,1000,1000
2487,95.17090372769822,1000,1000
2488,-26.46647354054174,135,135
2489,-171.35090593191177,133,133
2490,-37.97521464285964,131,131
2491,-51.929929762733636,85,85
2492,32.479758749824356,128,128
2493,-61.8380954206626,103,103
2494,-18.102556664509578,107,107
2495,26.255095341852908,89,89
2496,-8.033803014834291,119,119
2497,43.57581679186069,1000,1000
2498,-37.54215373906729,75,75
2499,-18.110077171607898,112,112
2500,58.67592258025671,1000,1000
2501,26.02776351107666,1000,1000
2502,-161.3477552543496,167,167
2503,3.254294917741305,135,135
2504,-1.6594262049513446,89,89
2505,71.65426691112049,1000,1000
2506,44.03310102079297,159,159
2507,40.27671778808627,91,91
2508,55.37874823630405,1000,1000
2509,22.703760144651312,150,150
2510,-21.688402274322215,91,91
2511,-26.255537658193305,93,93
2512,14.885296885134139,116,116
2513,-13.19246163589878,135,135
2514,-193.97177402392686,132,132
2515,3.9678539861668867,111,111
2516,-39.34848004307727,84,84
2517,35.169384114383064,1000,1000
2518,-3.3684809002550224,105,105
2519,-15.73557022335153,96,96
2520,-14.72465503889029,91,91
2521,7.421167849708624,140,140
2522,88.52682536249677,1000,1000
2523,13.224788826094525,99,99
2524,-165.4463327093291,285,285
2525,6.234272813629914,97,97
2526,100.67625482111384,1000,1000
2527,-60.52061752802643,74,74
2528,94.87756913931464,1000,1000
2529,61.70413699325664,1000,1000
2530,4.642559317696367,141,141
2531,-232.95568444759806,287,287
2532,165.81161737489793,369,369
2533,104.79072644509966,1000,1000
2534,0.16993415079458885,122,122
2535,119.94573329670989,1000,1000
2536,58.6721357103827,1000,1000
2537,115.83156927048194,1000,1000
2538,11.589716546697687,136,136
2539,13.18180400537672,137,137
2540,-65.63777034888196,95,95
2541,-13.931734813525722,126,126
2542,12.014355368698276,86,86
2543,8.965540816877308,92,92
2544,-58.403850416373075,215,215
2545,-219.87939489908322,164,164
2546,25.229787230056587,242,242
2547,11.756522612944082,113,113
2548,-17.557002338395634,73,73
2549,42.13974545264651,123,123
2550,76.37042169298564,1000,1000
2551,105.99952175773572,1000,1000
2552,100.5089840587496,1000,1000
2553,81.05989975192637,1000,1000
2554,-0.8592989737067,147,147
2555,86.7179086410622,1000,1000
2556,58.33098963291033,98,98
2557,66.90669935123952,1000,1000
2558,-17.9274846019067,108,108
2559,-45.10079731062064,159,159
2560,168.9998667302001,1000,1000
2561,112.12284057145818,1000,1000
2562,108.4968878232631,1000,1000
2563,-28.410138165830375,80,80
2564,48.2267839663766,1000,1000
2565,70.5812857635336,1000,1000
2566,115.13692599986243,1000,1000
2567,-39.32221966514163,135,135
2568,-13.89616412557784,161,161
2569,-23.38038002909959,1000,1000
2570,-21.631921705442252,91,91
2571,143.56017260817757,988,988
2572,-29.70210217549051,99,99
2573,120.03726472772391,1000,1000
2574,91.65216179750185,1000,1000
2575,-14.344410245989224,126,126
2576,-133.31104202483445,201,201
2577,31.94469159089843,101,101
2578,46.86950517182024,1000,1000
2579,-10.434268222558657,102,102
2580,24.784404429686816,127,127
2581,-6.306723490511402,67,67
2582,2.221361741141152,130,130
2583,71.32234962705193,1000,1000
2584,0.7108215064057504,84,84
2585,9.754898518013732,111,111
2586,130.88399127184942,1000,1000
2587,87.52819678069399,1000,1000
2588,123.71372883383191,1000,1000
2589,102.38482241946588,1000,1000
2590,61.985059404651,87,87
2591,106.38256139652444,1000,1000
2592,95.98705229021989,1000,1000
2593,17.523305326915285,1000,1000
2594,49.88738441068048,1000,1000
2595,-444.9090813704951,118,118
2596,62.68664284743159,1000,1000
2597,80.39354854942638,1000,1000
2598,126.83850730592731,1000,1000
2599,-146.8142768884287,119,119
2600,54.916937164760895,203,203
2601,123.35929568536527,1000,1000
2602,-5.2081193672293296,152,152
2603,138.50156028872908,1000,1000
2604,26.73238749710042,127,127
2605,-48.8559025651945,116,116
2606,119.98095366371815,1000,1000
2607,21.921869407273594,1000,1000
2608,29.165327048674783,102,102
2609,131.63686801594483,1000,1000
2610,-7.141447033181038,112,112
2611,27.016657152272273,99,99
2612,115.93557893190355,1000,1000
2613,-25.00224297637442,166,166
2614,31.470449113563575,145,145
2615,-214.08262565796156,264,264
2616,109.27757572623676,1000,1000
2617,-207.18307421266988,159,159
2618,97.72362788751234,1000,1000
2619,-34.9397459081661,117,117
2620,93.14049856239404,1000,1000
2621,-78.05071753574013,118,118
2622,-4.82032307002477,110,110
2623,75.06582813112256,1000,1000
2624,50.4200311115512,105,105
2625,47.31167688259697,165,165
2626,-239.28941039649789,687,687
2627,-4.370829942973685,102,102
2628,123.16851533169645,1000,1000
2629,-7.071625367269149,228,228
2630,206.79446185715705,709,709
2631,31.64393693303208,85,85
2632,8.980907890408602,75,75
2633,-65.03727457755794,76,76
2634,283.08106161937155,340,340
2635,-25.947824041436874,114,114
2636,36.7009861260579,143,143
2637,-163.15971869544103,254,254
2638,-31.93268498324383,85,85
2639,105.7290054133399,1000,1000
2640,40.15734577359862,149,149
2641,98.63088777857783,1000,1000
2642,121.42436427137528,1000,1000
2643,-75.45423652939623,111,111
2644,66.45506756616344,1000,1000
2645,110.09118411381084,1000,1000
2646,104.52365875823003,1000,1000
2647,-37.83134938394885,110,110
2648,-234.15033674874869,246,246
2649,35.887828612359385,94,94
2650,26.4544746693757,133,133
2651,-8.88390509371689,141,141
2652,77.83969928098128,1000,1000
2653,-29.80964378540105,130,130
2654,-107.77009746408201,145,145
2655,-3.7780651242066483,125,125
2656,-123.53665074799977,219,219
2657,-89.95713814332198,210,210
2658,-0.17633547802862792,1000,1000
2659,112.11343806294633,1000,1000
2660,129.97920645259842,1000,1000
2661,-25.573255248077658,131,131
2662,38.237406803698036,129,129
2663,26.421039583509142,137,137
2664,-166.2436756901139,513,513
2665,-7.376284806851359,108,108
2666,160.23662529866093,1000,1000
2667,89.28091614143503,1000,1000
2668,-10.867202284725437,101,101
2669,107.02437624100928,1000,1000
2670,74.99388835205902,1000,1000
2671,21.753707378096692,129,129
2672,126.61216480364173,1000,1000
2673,154.5338846132523,1000,1000
2674,11.235981692219454,138,138
2675,252.6620710554527,942,942
2676,120.4934757917635,1000,1000
2677,238.78802863264843,801,801
2678,22.121846970587967,115,115
2679,-29.97978524001641,151,151
2680,248.69706219027373,349,349
2681,26.02995343194057,137,137
2682,177.4260659656561,1000,1000
2683,138.67503962032222,1000,1000
2684,103.02529948938457,1000,1000
2685,-152.8448031250084,201,201
2686,7.3820168349729585,107,107
2687,-30.250852930531906,1000,1000
2688,74.61902274652701,1000,1000
2689,-106.51231862904656,899,899
2690,115.14522146161478,1000,1000
2691,-178.8494400950089,198,198
2692,-106.55731291627961,187,187
2693,-48.28020207605145,145,145
2694,-48.36393383921564,1000,1000
2695,-233.07921918816479,125,125
2696,121.96108039104443,1000,1000
2697,3.8307280868013436,158,158
2698,93.88917576962442,1000,1000
2699,-68.30245350718799,120,120
2700,263.2971364157701,778,778
2701,-60.60127929920758,406,406
2702,-38.8085939671992,127,127
2703,-136.742856176192,236,236
2704,234.13173448810463,680,680
2705,120.9783158913111,1000,1000
2706,78.52533785090304,1000,1000
2707,-16.22347406232474,108,108
2708,258.6932429657361,782,782
2709,-6.661636266006411,117,117
2710,234.58467185273622,767,767
2711,5.07219230810415,143,143
2712,100.29194191279625,1000,1000
2713,189.7410392377824,834,834
2714,-51.37631192410312,366,366
2715,-194.94796841567046,183,183
2716,182.17477925289418,771,771
2717,-98.71600647344859,174,174
2718,32.14516179728125,143,143
2719,-162.02197213975904,275,275
2720,-235.0779378206954,269,269
2721,-201.03992140256054,278,278
2722,63.84138493041934,1000,1000
2723,3.401063056798937,1000,1000
2724,23.300927455027505,1000,1000
2725,193.50253163182416,503,503
2726,-49.65611065367277,135,135
2727,264.5123790641104,470,470
2728,-53.33579590945756,199,199
2729,-45.55081115522222,1000,1000
2730,147.51395117588356,1000,1000
2731,24.94946752960616,1000,1000
2732,61.10333943648784,1000,1000
2733,-144.27832102787872,114,114
2734,-159.33840221914642,658,658
2735,-79.61269447216347,236,236
2736,84.10437669567116,1000,1000
2737,-152.7059099215851,219,219
2738,155.06797195185925,693,693
2739,-67.74067489196987,228,228
2740,-29.079059290897895,1000,1000
2741,-138.97640081530295,457,457
2742,-246.91086954267337,319,319
2743,14.049842631335991,166,166
2744,-263.5187363835387,506,506
2745,-81.9573805644762,175,175
2746,88.69263666520875,1000,1000
2747,-183.98538317826132,286,286
2748,209.7860214069065,334,334
2749,21.059227523486612,150,150
2750,259.53894991485095,298,298
2751,-99.43869756752576,135,135
2752,-55.57254217640141,250,250
2753,-130.2498030105108,448,448
2754,123.36591630265632,1000,1000
2755,-296.98576234868915,570,570
2756,-6.3469807373449925,109,109
2757,-56.91146664787435,770,770
2758,107.49572770905588,1000,1000
2759,275.2378997962355,397,397
2760,195.64723337775587,309,309
2761,-313.30190464728764,869,869
2762,-171.19385668948055,176,176
2763,204.8251389633212,237,237
2764,-40.06554727894125,180,180
2765,80.66790943897782,1000,1000
2766,167.78035014890895,828,828
2767,145.15834736665005,1000,1000
2768,-7.157354021483783,109,109
2769,113.61627227890392,1000,1000
2770,248.2085601504324,463,463
2771,-25.412342862838543,183,183
2772,239.3410820709568,936,936
2773,143.60294891225857,1000,1000
2774,206.2026296092247,963,963
2775,136.59737836804015,1000,1000
2776,175.01271583188023,734,734
2777,249.48110790829855,374,374
2778,250.90006507453006,305,305
2779,256.97067667281647,495,495
2780,-339.2296021739567,155,155
2781,228.16190395462124,485,485
2782,-210.74271395480838,308,308
2783,202.0329540532207,408,408
2784,-407.100084667235,160,160
2785,239.672846747312,389,389
2786,37.28925182313989,171,171
2787,93.97546066366353,1000,1000
2788,-38.03954545575513,184,184
2789,141.3555323636998,1000,1000
2790,-92.85378105958613,558,558
2791,108.76739829849976,1000,1000
2792,244.12504658197128,404,404
2793,284.73402127577924,363,363
2794,236.0689949404192,346,346
2795,-142.4219248957053,213,213
2796,276.97529835848815,404,404
2797,-135.9019607114845,141,141
2798,276.08819322387114,750,750
2799,-241.41635551149142,406,406
2800,269.0539227062112,475,475
2801,-8.535432691141665,80,80
2802,10.683943583020906,235,235
2803,-69.8886397829586,212,212
2804,34.20639803793492,332,332
2805,266.6517311331263,384,384
2806,267.95959901949846,308,308
2807,158.22246505930423,517,517
2808,-26.178777747690873,193,193
2809,-265.8947403783824,179,179
2810,285.07873849616544,298,298
2811,139.91004425196417,1000,1000
2812,287.8191316030215,526,526
2813,258.49972339628164,396,396
2814,264.4098683204222,630,630
2815,293.310211999739,367,367
2816,-7.911389687065537,93,93
2817,250.67042539800008,513,513
2818,224.70671532654734,414,414
2819,276.63399247117684,292,292
2820,277.4690876432784,234,234
2821,235.57083784543818,477,477
2822,28.8662266073005,1000,1000
2823,223.20157312158977,297,297
2824,215.30583302746777,852,852
2825,209.66731797842323,338,338
2826,257.51881543412037,366,366
2827,-59.241994736044575,137,137
2828,-2.5139185159668926,163,163
2829,-30.574372853712035,141,141
2830,-10.649846431595137,100,100
2831,206.59596443022264,556,556
2832,245.47149010007672,311,311
2833,-136.73589288358534,167,167
2834,-40.78272089609466,83,83
2835,223.9396635207496,554,554
2836,-50.83465137042313,123,123
2837,235.86978578766292,409,409
2838,188.0206966293662,532,532
2839,278.5178808163063,370,370
2840,147.67911223521838,722,722
2841,-115.53250253678566,76,76
2842,227.9591036552904,934,934
2843,239.9117473132563,297,297
2844,194.66420673144285,782,782
2845,272.0185822642054,636,636
2846,248.5326653282401,477,477
2847,254.87345607318582,484,484
2848,247.21507703148848,873,873
2849,212.71706635359635,178,178
2850,187.83023227996716,687,687
2851,238.3846960655918,357,357
2852,261.3990961136364,455,455
2853,182.29014659991253,931,931
2854,-15.56650188680635,104,104
2855,230.67605310634613,361,361
2856,259.11830741472227,413,413
2857,253.274858564479,397,397
2858,75.46229284522246,134,134
2859,232.41493745377858,243,243
2860,57.66958061626336,1000,1000
2861,221.119869631637,241,241
2862,55.7056333081793,281,281
2863,287.15908940753087,304,304
2864,264.2077572363694,377,377
2865,245.51842740468487,362,362
2866,-14.441787170623883,103,103
2867,264.03368701571895,223,223
2868,272.6147968043815,254,254
2869,266.61430452616946,675,675
2870,-108.8267088751021,113,113
2871,-183.74499034790296,108,108
2872,-267.4515384590382,110,110
2873,-55.12050523705389,124,124
2874,-17.765285466399632,108,108
2875,188.44835840420103,375,375
2876,-28.027547265016196,86,86
2877,-260.64441830126236,610,610
2878,-73.26377150810555,117,117
2879,-151.65349175108716,101,101
2880,189.54410253676366,684,684
2881,269.9896230460296,261,261
2882,-194.50556810458727,392,392
2883,252.94178816234134,234,234
2884,267.8615148194681,310,310
2885,274.1180991482978,320,320
2886,-126.87295429666541,130,130
2887,243.03926975172902,531,531
2888,177.64480772870414,608,608
2889,-41.055014899254616,110,110
2890,228.90114054330385,378,378
2891,254.9495560606436,289,289
2892,-2.02441854082997,121,121
2893,225.2043645672049,462,462
2894,-51.64353653449273,134,134
2895,-60.51723512052604,227,227
2896,248.8377581243276,444,444
2897,216.29968430509894,381,381
2898,280.5698381479822,313,313
2899,242.8602048850101,422,422
2900,225.32641991500986,281,281
2901,53.51655772278366,128,128
2902,228.79678940519108,406,406
2903,240.75380842139361,518,518
2904,231.35767671501966,274,274
2905,231.52666558250027,477,477
2906,236.0902696865641,507,507
2907,258.39181325138793,298,298
2908,155.0163866429964,550,550
2909,227.00413055694253,403,403
2910,-83.6680168196822,141,141
2911,282.9614069940519,282,282
2912,2.190967679259856,135,135
2913,257.5935315028485,419,419
2914,223.94334259364098,339,339
2915,-241.65734393360475,660,660
2916,-245.28220322252633,634,634
2917,211.29806868896173,427,427
2918,14.542121090381329,204,204
2919,3.6222168947296893,197,197
2920,230.47336945418425,437,437
2921,10.705797445194065,180,180
2922,-59.250032355311504,157,157
2923,-156.5068151875587,448,448
2924,-5.652903483829789,196,196
2925,269.92941692063664,232,232
2926,290.954964395581,301,301
2927,244.29227399654297,645,645
2928,284.16933130196537,222,222
2929,-38.09560489281521,1000,1000
2930,-63.71471591614709,201,201
2931,-24.537543395458655,163,163
2932,214.48199866745628,208,208
2933,9.405227544414075,289,289
2934,224.72432169236197,321,321
2935,251.43623394896449,338,338
2936,261.5272820414299,374,374
2937,183.55022493503964,308,308
2938,234.0797169156007,238,238
2939,241.14669923009683,281,281
2940,261.23055887611207,222,222
2941,268.84598384287085,394,394
2942,247.56053780991252,311,311
2943,262.30851435883187,208,208
2944,226.34295844186755,697,697
2945,236.49031653939747,254,254
2946,147.02525795431035,577,577
2947,198.23205749162696,580,580
2948,257.0155779807219,338,338
2949,136.3691782085013,1000,1000
2950,270.7298491718324,229,229
2951,143.966921863401,787,787
2952,177.0752983634943,647,647
2953,246.72578116078168,327,327
2954,236.7643990413508,415,415
2955,223.85447118303293,427,427
2956,266.5667484667916,346,346
2957,201.4613119255079,357,357
2958,228.9801883829932,616,616
2959,246.24757807463718,422,422
2960,270.17980491598144,304,304
2961,268.28347544083476,221,221
2962,258.7751204827495,233,233
2963,207.13076676935526,386,386
2964,251.60620962557718,382,382
2965,258.85208115938656,404,404
2966,255.00548705414664,362,362
2967,35.355645989447254,264,264
2968,-6.627203078697804,321,321
2969,-42.39829012062073,197,197
2970,288.534649143176,264,264
2971,253.79527109371926,390,390
2972,237.65930318592618,268,268
2973,245.02078422095278,258,258
2974,31.17419124541729,253,253
2975,260.72405362258655,379,379
2976,25.530038761339398,143,143
2977,170.94177915484732,706,706
2978,206.56983725664307,579,579
2979,241.79884785909084,320,320
2980,-126.60088189410078,134,134
2981,236.81084464122068,570,570
2982,226.58301850448802,265,265
2983,-17.042982944787127,132,132
2984,218.8980926874841,349,349
2985,270.9210916221702,273,273
2986,72.50865433384273,1000,1000
2987,250.7406661411766,226,226
2988,207.34695750899513,503,503
2989,274.09380484789654,241,241
2990,222.35253718056984,354,354
2991,264.93880993103113,291,291
2992,256.19392738015506,269,269
2993,298.4585170845334,291,291
2994,62.0254104191506,205,205
2995,193.22086314328547,556,556
2996,189.74798201670987,485,485
2997,263.594310388126,200,200
2998,52.19204568410717,155,155
2999,269.9729869910159,280,280
3000,220.9322784931078,542,542
