episode,reward,time_seconds,steps
1,-452.5345,0.0006,91
2,-157.3331,0.0007,105
3,-251.3999,0.0007,114
4,-386.2207,0.0007,114
5,-145.7520,0.0007,61
6,-118.9733,0.0007,81
7,-250.9018,0.0007,93
8,-89.5552,0.0007,83
9,-182.2387,0.0007,143
10,-204.7812,0.0007,121
11,-189.6570,0.0008,100
12,-105.1738,0.0008,94
13,-73.6548,0.0008,75
14,-225.7167,0.0008,145
15,-90.8559,0.0008,74
16,-412.9499,0.0008,126
17,-49.9804,0.0008,70
18,-457.5580,0.0008,111
19,-169.2222,0.0011,116
20,-129.7612,0.0011,77
21,-90.0269,0.0011,124
22,-197.2488,0.0011,108
23,-112.4307,0.0011,72
24,-186.3504,0.0011,102
25,-127.7136,0.0011,74
26,-136.6485,0.0011,115
27,-150.1221,0.0012,87
28,-140.4576,0.0012,79
29,-368.8106,0.0012,101
30,-92.8874,0.0012,84
31,-175.9545,0.0012,83
32,-60.8069,0.0012,71
33,-201.3891,0.0012,102
34,-95.0473,0.0012,61
35,-350.1816,0.0012,129
36,-179.3569,0.0013,103
37,-116.1569,0.0013,94
38,-180.0696,0.0013,99
39,-119.9791,0.0013,104
40,-93.6703,0.0013,65
41,-121.6427,0.0013,74
42,-132.3648,0.0013,61
43,-126.1575,0.0015,65
44,-69.4219,0.0015,67
45,-335.9043,0.0015,109
46,-118.4752,0.0016,86
47,-254.1331,0.0016,134
48,-99.5445,0.0016,96
49,-92.1264,0.0016,95
50,-65.1384,0.0016,81
51,-96.5889,0.0016,86
52,-90.2502,0.0016,74
53,-333.4405,0.0016,110
54,-99.9662,0.0017,144
55,-104.3673,0.0017,65
56,-85.4577,0.0017,88
57,-68.9794,0.0017,75
58,-68.7660,0.0017,88
59,-101.0788,0.0017,87
60,-168.0698,0.0017,125
61,-113.3413,0.0017,89
62,-65.5099,0.0017,89
63,-141.5368,0.0017,100
64,-180.6907,0.0018,86
65,-67.2269,0.0020,82
66,-92.0682,0.0020,87
67,-142.9472,0.0020,100
68,-120.9385,0.0020,93
69,-121.9268,0.0020,83
70,-79.9045,0.0020,91
71,-137.4200,0.0020,110
72,-137.5401,0.0020,104
73,-144.7786,0.0020,108
74,-145.2815,0.0021,96
75,-138.7457,0.0021,95
76,-123.0823,0.0021,77
77,-100.6347,0.0021,96
78,-65.7443,0.0021,66
79,-89.4319,0.0021,62
80,-116.1059,0.0021,98
81,-193.0674,0.0021,130
82,-288.7406,0.0022,98
83,-55.4651,0.0022,86
84,-61.7133,0.0022,65
85,-253.0785,0.0022,133
86,-63.9038,0.0024,77
87,-93.8593,0.0024,82
88,-171.2378,0.0024,86
89,-140.3761,0.0024,115
90,-110.4161,0.0024,83
91,-82.3809,0.0025,126
92,-91.7157,0.0025,86
93,-60.2487,0.0025,93
94,-126.3149,0.0025,106
95,-181.3873,0.0025,104
96,-61.0793,0.0025,103
97,-96.7520,0.0025,103
98,-114.3992,0.0025,89
99,-14.4586,0.0025,129
100,-83.9330,0.0025,81
101,-158.4668,0.0026,86
102,-93.3137,0.0026,67
103,-53.1535,0.0026,79
104,-101.9623,0.0026,88
105,-121.5234,0.0026,73
106,-132.9245,0.0026,94
107,-13.3517,0.0026,79
108,-117.4099,0.0026,97
109,-65.7201,0.0026,72
110,-51.4728,0.0029,80
111,-112.8935,0.0029,108
112,-53.0435,0.0029,111
113,-94.1792,0.0029,145
114,-70.2295,0.0029,102
115,-46.7916,0.0029,97
116,-29.2413,0.0030,124
117,-84.4007,0.0030,100
118,-91.0818,0.0030,112
119,-138.6311,0.0030,89
120,-89.2517,0.0030,110
121,-110.9651,0.0030,123
122,-70.1113,0.0030,85
123,-144.7127,0.0030,118
124,-64.9881,0.0031,115
125,-81.0067,0.0031,97
126,-52.7134,0.0031,104
127,-72.3802,0.0031,138
128,-78.4313,0.0033,104
129,-57.1647,0.0033,98
130,-44.6119,0.0033,102
131,-44.5377,0.0034,129
132,-56.4476,0.0034,137
133,-82.0817,0.0034,114
134,-79.1297,0.0034,104
135,-80.8837,0.0034,97
136,-73.0013,0.0034,68
137,-73.0300,0.0034,103
138,4.3497,0.0034,97
139,-73.8025,0.0035,94
140,-59.6397,0.0035,122
141,-37.8461,0.0035,108
142,-46.0500,0.0035,109
143,-58.4456,0.0035,114
144,-21.8531,0.0035,107
145,-74.2641,0.0035,100
146,-61.7558,0.0037,82
147,-38.0787,0.0038,78
148,-41.6702,0.0038,163
149,-24.2712,0.0038,131
150,-26.9573,0.0038,126
151,2.4860,0.0038,141
152,-10.8286,0.0038,117
153,-48.9862,0.0038,77
154,-59.7571,0.0039,87
155,-42.3207,0.0039,107
156,-37.6898,0.0039,147
157,-15.3739,0.0039,134
158,-21.3813,0.0039,140
159,6.0004,0.0039,106
160,-53.3975,0.0040,118
161,-20.0983,0.0040,150
162,-37.0418,0.0040,112
163,-37.1929,0.0040,124
164,-23.4961,0.0042,98
165,-6.4344,0.0042,145
166,-14.7490,0.0043,120
167,12.5283,0.0043,157
168,-85.8266,0.0043,84
169,-57.1220,0.0043,193
170,-44.8574,0.0043,108
171,-12.3781,0.0043,155
172,-31.9283,0.0043,126
173,-76.8829,0.0044,95
174,-0.8845,0.0044,127
175,-11.1294,0.0044,125
176,-52.3214,0.0045,150
177,-11.0264,0.0045,153
178,-65.0619,0.0045,241
179,-8.9304,0.0047,148
180,-4.1144,0.0047,118
181,-10.2194,0.0047,174
182,5.1183,0.0047,141
183,-7.8298,0.0048,131
184,-15.3269,0.0048,93
185,-0.4934,0.0048,119
186,-26.9146,0.0048,130
187,-6.8158,0.0048,124
188,-28.3310,0.0048,142
189,1.3267,0.0049,109
190,-0.8489,0.0049,155
191,-9.1540,0.0049,147
192,21.7547,0.0049,148
193,-3.2068,0.0051,132
194,-6.2754,0.0051,130
195,-51.4143,0.0051,161
196,-20.4173,0.0052,108
197,26.0926,0.0052,191
198,17.6014,0.0052,180
199,-67.8902,0.0052,178
200,-39.4650,0.0053,144
201,3.9597,0.0053,172
202,-30.6562,0.0053,175
203,21.0868,0.0054,209
204,25.9870,0.0054,169
205,24.4973,0.0054,120
206,-5.4998,0.0057,144
207,-7.3194,0.0059,256
208,-15.9707,0.0066,275
209,90.8901,0.0072,1000
210,-47.2041,0.0074,1000
211,75.1046,0.0074,1000
212,-178.1866,0.0081,395
213,113.7742,0.0087,1000
214,-67.0897,0.0087,240
215,-101.1895,0.0093,252
216,-46.2232,0.0094,1000
217,75.2227,0.0095,1000
218,-102.4862,0.0100,254
219,-148.9723,0.0104,260
220,113.8527,0.0110,1000
221,-223.4610,0.0110,648
222,95.6481,0.0114,1000
223,-222.3496,0.0116,427
224,-182.1125,0.0117,638
225,179.6927,0.0122,637
226,-77.4361,0.0126,258
227,-127.1751,0.0127,471
228,-110.9058,0.0135,204
229,-128.1924,0.0138,321
230,11.1413,0.0139,1000
231,-186.0840,0.0142,964
232,-104.3437,0.0147,451
233,-164.1576,0.0157,698
234,-145.9447,0.0157,873
235,-23.6886,0.0157,1000
236,-98.9634,0.0169,933
237,-68.1047,0.0183,1000
238,42.7604,0.0184,1000
239,-4.9192,0.0184,1000
240,16.1762,0.0193,1000
241,-31.6521,0.0206,1000
242,-47.6333,0.0207,1000
243,-31.9320,0.0207,1000
244,-27.7274,0.0214,304
245,12.4957,0.0222,1000
246,23.9031,0.0233,1000
247,16.1284,0.0233,1000
248,17.8442,0.0239,1000
249,256.7279,0.0242,405
250,13.6330,0.0243,1000
251,71.8789,0.0256,1000
252,-2.8077,0.0264,1000
253,-7.5417,0.0268,1000
254,-31.0619,0.0269,1000
255,18.3814,0.0282,1000
256,15.4025,0.0290,1000
257,59.5551,0.0293,1000
258,20.9322,0.0294,1000
259,22.2279,0.0309,1000
260,46.9239,0.0317,1000
261,47.9281,0.0321,1000
262,53.2342,0.0322,1000
263,195.6056,0.0327,400
264,18.4078,0.0333,1000
265,140.9495,0.0337,628
266,30.8516,0.0344,1000
267,144.8998,0.0348,906
268,-61.6592,0.0352,653
269,175.1740,0.0366,444
270,52.1288,0.0366,1000
271,68.5899,0.0371,1000
272,67.2675,0.0374,1000
273,183.1766,0.0377,519
274,220.3671,0.0377,532
275,6.4136,0.0381,367
276,131.1285,0.0389,1000
277,72.6822,0.0392,1000
278,107.2976,0.0395,1000
279,134.1529,0.0401,1000
280,194.7971,0.0406,598
281,73.1606,0.0410,1000
282,24.8287,0.0414,417
283,82.0766,0.0415,1000
284,129.9557,0.0426,1000
285,193.1793,0.0427,443
286,112.5884,0.0434,1000
287,171.3058,0.0435,483
288,216.8483,0.0437,576
289,92.1698,0.0438,1000
290,204.6031,0.0446,444
291,110.7558,0.0455,1000
292,118.4193,0.0456,1000
293,102.7425,0.0458,1000
294,196.9600,0.0464,487
295,127.1517,0.0468,1000
296,132.7571,0.0477,1000
297,139.2340,0.0480,1000
298,65.3911,0.0488,1000
299,130.3793,0.0490,1000
300,116.9632,0.0499,1000
301,126.6381,0.0502,1000
302,-6.3435,0.0507,369
303,112.7026,0.0508,1000
304,81.5849,0.0510,1000
305,35.0137,0.0512,321
306,225.1934,0.0522,481
307,98.9303,0.0522,1000
308,130.9187,0.0528,1000
309,198.5993,0.0531,412
310,120.7142,0.0531,1000
311,124.9006,0.0542,1000
312,114.0361,0.0548,1000
313,240.5848,0.0548,288
314,116.1903,0.0550,1000
315,130.9504,0.0550,1000
316,0.1201,0.0551,224
317,-48.4710,0.0556,258
318,125.7150,0.0565,1000
319,121.0274,0.0567,1000
320,128.9423,0.0567,1000
321,-47.8130,0.0573,294
322,130.2886,0.0574,1000
323,152.9245,0.0582,1000
324,155.8568,0.0585,1000
325,140.7034,0.0589,1000
326,133.2304,0.0592,1000
327,114.9149,0.0603,1000
328,255.7067,0.0604,949
329,102.8677,0.0610,1000
330,227.2939,0.0610,479
331,255.8504,0.0612,385
332,106.1412,0.0613,1000
333,20.5315,0.0614,241
334,221.7919,0.0617,497
335,247.6501,0.0617,475
336,118.0818,0.0628,1000
337,156.0239,0.0631,1000
338,236.7434,0.0633,394
339,134.6251,0.0634,1000
340,113.9265,0.0634,1000
341,8.6586,0.0634,269
342,230.8268,0.0639,362
343,195.8834,0.0639,322
344,267.1104,0.0639,462
345,-19.4527,0.0644,285
346,230.8393,0.0646,401
347,205.5920,0.0647,580
348,118.2725,0.0648,1000
349,230.4770,0.0648,364
350,239.0996,0.0651,326
351,29.5682,0.0652,240
352,220.1392,0.0654,378
353,236.3711,0.0654,457
354,233.0159,0.0654,307
355,-8.1079,0.0658,230
356,243.0888,0.0660,559
357,238.6657,0.0661,470
358,224.8092,0.0664,371
359,240.8273,0.0667,735
360,216.3857,0.0668,356
361,247.7668,0.0671,385
362,241.2618,0.0672,350
363,102.0665,0.0680,1000
364,219.4939,0.0683,808
365,247.9463,0.0683,558
366,239.9664,0.0688,390
367,29.0353,0.0690,338
368,112.8585,0.0692,1000
369,238.3011,0.0693,469
370,25.1172,0.0693,249
371,240.0717,0.0694,398
372,237.2591,0.0697,338
373,118.7580,0.0708,1000
374,128.2822,0.0710,1000
375,84.5416,0.0710,1000
376,60.8733,0.0710,177
377,130.1686,0.0715,1000
378,254.4344,0.0716,317
379,225.1949,0.0716,390
380,13.8005,0.0721,288
381,209.3103,0.0726,600
382,240.7737,0.0726,392
383,124.8286,0.0726,1000
384,109.5019,0.0730,1000
385,237.0271,0.0731,301
386,233.2009,0.0731,330
387,236.8481,0.0732,357
388,262.9693,0.0733,322
389,250.1433,0.0736,376
390,251.1659,0.0738,290
391,211.1756,0.0740,408
392,203.1956,0.0744,337
393,-27.1052,0.0745,242
394,130.7433,0.0745,1000
395,134.2587,0.0746,1000
396,39.1148,0.0746,158
397,240.9622,0.0747,322
398,235.0417,0.0751,362
399,-51.2532,0.0752,245
400,-3.8995,0.0752,287
401,-14.2839,0.0755,264
402,247.0976,0.0756,327
403,233.2699,0.0762,310
404,132.7040,0.0762,1000
405,232.7084,0.0766,310
406,241.1190,0.0767,321
407,249.2320,0.0769,579
408,108.4877,0.0770,1000
409,-21.5647,0.0771,246
410,223.3765,0.0773,348
411,238.8272,0.0774,371
412,234.5666,0.0777,360
413,255.2770,0.0778,350
414,253.9706,0.0781,323
415,130.6957,0.0782,1000
416,250.4695,0.0786,350
417,17.5549,0.0787,281
418,236.8838,0.0788,762
419,243.0154,0.0789,327
420,-60.5335,0.0794,330
421,-45.4700,0.0795,282
422,240.2781,0.0797,657
423,-32.4299,0.0798,277
424,111.8009,0.0802,1000
425,182.7674,0.0802,511
426,222.9779,0.0803,345
427,211.3806,0.0804,342
428,-0.8751,0.0804,228
429,218.0408,0.0806,376
430,-64.7720,0.0807,329
431,274.2956,0.0810,354
432,225.1986,0.0813,418
433,218.0954,0.0815,393
434,224.8112,0.0815,312
435,255.0381,0.0820,312
436,102.7291,0.0820,1000
437,240.8438,0.0821,286
438,214.9357,0.0822,374
439,220.4119,0.0823,302
440,253.7545,0.0823,338
441,217.7672,0.0824,347
442,225.1372,0.0828,338
443,-43.1444,0.0829,290
444,-69.7397,0.0830,260
445,194.6606,0.0830,431
446,256.0144,0.0832,344
447,-5.5830,0.0832,200
448,221.5322,0.0835,328
449,231.4842,0.0837,295
450,228.1617,0.0838,368
451,-34.9555,0.0840,211
452,202.4239,0.0844,548
453,-45.6524,0.0845,241
454,105.7324,0.0848,1000
455,4.5267,0.0850,319
456,208.2149,0.0860,336
457,92.1600,0.0862,1000
458,220.5757,0.0863,573
459,215.8096,0.0870,347
460,84.6707,0.0870,1000
461,224.5741,0.0871,358
462,223.7920,0.0873,322
463,233.5312,0.0877,368
464,111.7257,0.0878,1000
465,238.3512,0.0881,368
466,194.6440,0.0883,329
467,101.1559,0.0886,1000
468,232.8720,0.0886,675
469,-31.5335,0.0889,327
470,229.2171,0.0891,342
471,256.4246,0.0897,317
472,247.1375,0.0900,395
473,76.7107,0.0901,1000
474,115.8123,0.0906,1000
475,-27.3725,0.0907,256
476,198.1913,0.0910,507
477,13.3057,0.0911,270
478,215.4114,0.0911,342
479,-30.6803,0.0915,227
480,95.7600,0.0916,1000
481,9.5086,0.0916,237
482,19.6984,0.0916,240
483,9.5663,0.0918,266
484,247.1209,0.0919,306
485,266.0138,0.0924,302
486,260.7075,0.0926,305
487,17.3572,0.0930,257
488,120.2360,0.0933,1000
489,117.3428,0.0934,1000
490,30.0172,0.0936,245
491,235.2029,0.0937,308
492,233.1799,0.0939,324
493,130.1864,0.0944,1000
494,-60.2784,0.0945,321
495,148.9918,0.0951,604
496,231.8488,0.0953,549
497,125.7543,0.0953,1000
498,252.8873,0.0955,363
499,15.0220,0.0956,254
500,87.4883,0.0960,1000
501,216.2851,0.0961,578
502,190.2608,0.0962,395
503,220.8356,0.0962,342
504,218.1726,0.0963,318
505,236.8795,0.0967,342
506,250.7471,0.0968,351
507,252.8275,0.0970,354
508,256.7706,0.0971,307
509,-3.4950,0.0971,247
510,248.7031,0.0978,385
511,-28.2543,0.0978,311
512,127.1827,0.0979,1000
513,234.4088,0.0982,326
514,199.6672,0.0982,361
515,-13.8331,0.0984,274
516,-14.6607,0.0987,228
517,222.9922,0.0988,328
518,108.5208,0.0989,1000
519,206.8573,0.0989,384
520,235.5880,0.0992,308
521,16.9078,0.0993,254
522,-2.7857,0.0994,272
523,215.9729,0.0994,371
524,239.2604,0.0996,294
525,239.1045,0.0997,320
526,254.7270,0.0998,295
527,-15.2597,0.1003,261
528,-19.8299,0.1003,269
529,127.3525,0.1005,1000
530,234.1778,0.1008,305
531,221.1360,0.1008,724
532,232.9689,0.1008,340
533,223.5038,0.1010,321
534,14.2116,0.1011,261
535,226.6174,0.1011,315
536,247.3976,0.1017,316
537,-26.9657,0.1017,313
538,105.0638,0.1021,1000
539,260.4345,0.1021,332
540,264.8733,0.1028,309
541,122.9804,0.1028,1000
542,258.0371,0.1028,371
543,227.4675,0.1033,335
544,215.9103,0.1033,338
545,219.5721,0.1033,320
546,104.1051,0.1034,1000
547,13.3878,0.1035,260
548,211.3239,0.1036,325
549,232.5353,0.1036,354
550,-74.1560,0.1039,388
551,233.2313,0.1041,355
552,209.4023,0.1041,325
553,246.5418,0.1042,353
554,228.6885,0.1046,345
555,216.5488,0.1048,407
556,-84.3413,0.1048,378
557,224.4749,0.1051,370
558,237.0552,0.1051,334
559,150.5587,0.1053,1000
560,202.7099,0.1054,393
561,-6.3185,0.1055,291
562,242.3779,0.1057,317
563,226.2537,0.1057,391
564,248.1561,0.1063,317
565,209.2155,0.1063,327
566,-29.1400,0.1067,291
567,104.7979,0.1067,1000
568,-26.7198,0.1070,323
569,117.8825,0.1072,1000
570,-8.4858,0.1073,280
571,226.0466,0.1073,370
572,215.8386,0.1075,461
573,254.6511,0.1075,311
574,216.8856,0.1078,324
575,-33.4584,0.1078,270
576,207.2815,0.1080,323
577,-20.6195,0.1080,343
578,233.4255,0.1081,323
579,-0.2652,0.1081,353
580,-44.2968,0.1084,313
581,259.5244,0.1085,297
582,202.1316,0.1088,452
583,219.3806,0.1089,371
584,243.2718,0.1092,367
585,250.5661,0.1093,312
586,215.4397,0.1094,316
587,129.5335,0.1094,1000
588,232.3300,0.1099,379
589,262.0659,0.1099,326
590,230.0740,0.1100,338
591,214.4670,0.1102,336
592,242.2266,0.1103,329
593,107.6167,0.1106,1000
594,274.2186,0.1109,308
595,227.8194,0.1110,334
596,215.6890,0.1112,379
597,116.2578,0.1116,1000
598,213.7729,0.1117,336
599,-25.1396,0.1119,319
600,259.6811,0.1121,325
601,217.4552,0.1125,393
602,235.7271,0.1125,347
603,269.6627,0.1126,326
604,115.1297,0.1126,1000
605,251.4355,0.1128,377
606,253.7558,0.1129,298
607,253.6298,0.1130,352
608,194.5466,0.1132,536
609,-34.5653,0.1133,278
610,229.0532,0.1135,345
611,-8.6765,0.1136,271
612,220.6042,0.1136,455
613,216.4478,0.1141,586
614,234.6886,0.1142,353
615,241.0389,0.1142,321
616,248.7331,0.1144,472
617,213.4422,0.1144,327
618,250.1527,0.1147,296
619,245.4173,0.1150,317
620,233.7277,0.1152,570
621,236.8436,0.1152,301
622,255.6975,0.1152,327
623,241.3352,0.1157,298
624,248.9239,0.1157,307
625,222.2263,0.1158,315
626,174.2933,0.1159,517
627,228.1566,0.1160,294
628,237.8404,0.1160,345
629,-36.4614,0.1161,226
630,9.5464,0.1161,284
631,236.8963,0.1165,319
632,239.5544,0.1165,318
633,244.3951,0.1166,334
634,195.0106,0.1167,440
635,219.8676,0.1168,311
636,219.5482,0.1173,395
637,129.3193,0.1176,748
638,221.5187,0.1177,738
639,237.5520,0.1180,591
640,-7.6434,0.1181,248
641,247.1842,0.1183,350
642,213.3074,0.1184,427
643,-34.2724,0.1188,246
644,125.7542,0.1189,1000
645,234.0005,0.1190,286
646,200.7838,0.1191,462
647,263.0313,0.1195,907
648,245.8630,0.1196,368
649,253.6852,0.1196,294
650,257.1536,0.1198,361
651,203.5018,0.1200,316
652,239.7493,0.1200,431
653,236.7704,0.1203,321
654,259.4924,0.1205,324
655,-42.5250,0.1206,321
656,225.2217,0.1207,324
657,130.7179,0.1212,1000
658,216.8009,0.1212,303
659,204.2209,0.1213,304
660,227.0652,0.1214,484
661,240.0930,0.1215,286
662,-7.8830,0.1216,356
663,230.0064,0.1217,307
664,259.0827,0.1220,343
665,207.9801,0.1221,332
666,-30.8218,0.1221,214
667,251.8932,0.1221,318
668,260.8748,0.1223,293
669,237.4943,0.1224,340
670,212.4614,0.1225,312
671,236.9517,0.1227,365
672,188.0251,0.1229,323
673,239.6386,0.1230,350
674,213.4614,0.1231,409
675,268.7827,0.1232,395
676,261.5919,0.1232,259
677,-1.0694,0.1236,247
678,247.0495,0.1236,346
679,238.8429,0.1237,332
680,206.1885,0.1237,333
681,257.3816,0.1239,329
682,236.8853,0.1242,372
683,247.1780,0.1243,334
684,6.7110,0.1245,241
685,223.1312,0.1245,340
686,247.1204,0.1246,275
687,236.6610,0.1251,309
688,238.0764,0.1252,301
689,135.0770,0.1253,1000
690,246.7670,0.1256,335
691,228.9141,0.1260,368
692,244.3074,0.1263,307
693,111.8892,0.1263,1000
694,245.2087,0.1264,626
695,-18.5779,0.1265,231
696,30.5765,0.1265,245
697,218.8699,0.1270,325
698,217.1172,0.1271,310
699,218.5861,0.1271,298
700,248.3310,0.1271,765
701,239.7863,0.1273,287
702,233.0448,0.1276,288
703,227.7484,0.1276,297
704,-6.2072,0.1278,242
705,266.8700,0.1279,293
706,261.4262,0.1279,449
707,254.1128,0.1285,374
708,254.0009,0.1286,348
709,126.2523,0.1287,1000
710,190.2355,0.1288,495
711,245.7322,0.1289,315
712,-6.6320,0.1290,246
713,217.3548,0.1295,564
714,260.8939,0.1296,360
715,222.2046,0.1296,340
716,-0.7296,0.1301,263
717,233.3720,0.1301,318
718,198.5525,0.1303,506
719,107.1601,0.1304,1000
720,-8.3424,0.1305,319
721,2.8273,0.1306,245
722,-24.3921,0.1311,215
723,211.6326,0.1312,333
724,-31.6970,0.1314,228
725,135.8106,0.1318,1000
726,-29.7844,0.1320,253
727,193.6766,0.1320,440
728,-15.5573,0.1322,251
729,123.8049,0.1322,1000
730,10.0412,0.1323,232
731,231.9918,0.1323,324
732,242.2487,0.1327,300
733,239.1381,0.1327,353
734,232.3975,0.1328,308
735,254.8682,0.1330,354
736,242.9062,0.1334,326
737,247.7205,0.1339,381
738,108.5659,0.1340,1000
739,226.4689,0.1344,676
740,108.6804,0.1345,1000
741,236.3670,0.1346,339
742,275.1732,0.1347,501
743,244.7648,0.1347,307
744,255.5900,0.1351,408
745,258.0162,0.1351,286
746,216.9152,0.1352,308
747,235.1966,0.1353,377
748,244.0799,0.1354,322
749,3.5974,0.1354,375
750,227.7010,0.1355,304
751,248.9590,0.1359,317
752,239.1309,0.1359,282
753,251.1270,0.1360,320
754,228.3669,0.1362,298
755,232.6446,0.1365,366
756,130.0341,0.1368,1000
757,233.2280,0.1369,305
758,202.2502,0.1374,331
759,249.1364,0.1375,350
760,90.9323,0.1376,1000
761,207.5401,0.1377,313
762,131.3697,0.1378,1000
763,-23.1422,0.1382,286
764,263.1631,0.1384,273
765,255.4453,0.1384,388
766,235.7088,0.1386,340
767,235.2777,0.1391,341
768,219.7795,0.1391,351
769,116.9984,0.1392,1000
770,248.7388,0.1393,357
771,236.7199,0.1395,334
772,193.9138,0.1399,378
773,236.8675,0.1403,359
774,232.4414,0.1404,494
775,47.7023,0.1407,1000
776,150.1316,0.1410,1000
777,245.7816,0.1410,368
778,217.9819,0.1411,392
779,244.2724,0.1414,305
780,220.4922,0.1416,319
781,-10.9991,0.1419,286
782,236.9273,0.1420,347
783,93.3986,0.1422,1000
784,224.5047,0.1426,323
785,202.4570,0.1427,427
786,118.1892,0.1427,1000
787,239.0067,0.1428,326
788,216.2788,0.1430,323
789,-21.8676,0.1432,268
790,227.0669,0.1434,344
791,22.2483,0.1435,268
792,215.7841,0.1436,353
793,237.8157,0.1438,364
794,238.0397,0.1440,304
795,3.4554,0.1441,270
796,149.2480,0.1442,1000
797,-17.2167,0.1442,282
798,256.8096,0.1444,369
799,-4.4188,0.1444,262
800,221.3160,0.1444,320
801,227.9787,0.1448,324
802,14.0594,0.1449,249
803,221.3547,0.1449,332
804,232.0077,0.1450,379
805,226.0217,0.1451,333
806,241.3361,0.1454,347
807,230.7488,0.1455,346
808,245.4995,0.1456,369
809,197.3017,0.1458,475
810,218.8626,0.1459,346
811,227.0382,0.1464,347
812,251.0544,0.1465,329
813,131.0894,0.1468,1000
814,236.7294,0.1471,330
815,103.5484,0.1471,1000
816,21.1603,0.1471,289
817,237.5137,0.1474,331
818,241.9829,0.1474,313
819,246.2076,0.1474,420
820,214.2335,0.1479,605
821,256.5851,0.1480,311
822,232.3617,0.1480,355
823,243.2164,0.1481,373
824,239.1513,0.1482,347
825,244.5403,0.1483,310
826,228.0597,0.1485,336
827,271.0330,0.1487,284
828,225.4000,0.1488,342
829,245.7691,0.1494,342
830,251.7728,0.1495,333
831,144.3570,0.1496,1000
832,210.7022,0.1502,363
833,98.8111,0.1503,1000
834,208.3135,0.1504,419
835,138.5149,0.1511,1000
836,150.3831,0.1515,733
837,6.7960,0.1516,369
838,116.9830,0.1517,1000
839,142.6581,0.1520,1000
840,254.5223,0.1521,322
841,181.0527,0.1522,375
842,218.1604,0.1523,321
843,208.5436,0.1524,513
844,264.8612,0.1525,322
845,287.8916,0.1527,280
846,-35.6111,0.1528,287
847,-15.5721,0.1530,294
848,261.9126,0.1530,370
849,223.8731,0.1531,408
850,254.7110,0.1536,359
851,260.8527,0.1536,604
852,250.4600,0.1536,357
853,238.1764,0.1537,442
854,229.7961,0.1541,351
855,250.3181,0.1541,325
856,249.4926,0.1541,387
857,238.2021,0.1541,332
858,-21.9826,0.1544,301
859,227.4662,0.1544,330
860,258.0433,0.1544,327
861,230.3057,0.1544,318
862,-13.0822,0.1548,290
863,260.2210,0.1549,345
864,232.2804,0.1550,450
865,233.6337,0.1551,340
866,239.6301,0.1554,715
867,211.9742,0.1556,338
868,267.2815,0.1558,356
869,250.2662,0.1559,323
870,233.4788,0.1563,362
871,228.8047,0.1565,326
872,237.8591,0.1565,309
873,143.9258,0.1565,1000
874,228.7533,0.1567,326
875,222.4637,0.1568,332
876,231.3283,0.1570,330
877,232.9582,0.1570,323
878,235.6340,0.1571,317
879,247.5480,0.1573,330
880,258.9917,0.1573,366
881,25.4643,0.1574,285
882,231.6527,0.1579,353
883,272.0900,0.1579,394
884,200.0930,0.1580,345
885,161.0364,0.1583,1000
886,220.7912,0.1586,348
887,251.5921,0.1586,347
888,266.3614,0.1590,321
889,246.5352,0.1591,317
890,161.0685,0.1597,1000
891,-31.2163,0.1597,319
892,237.8930,0.1598,371
893,131.7668,0.1600,1000
894,243.0989,0.1601,337
895,239.6704,0.1603,339
896,27.4145,0.1603,274
897,246.8415,0.1606,321
898,217.4455,0.1606,352
899,242.5706,0.1607,357
900,244.9863,0.1613,390
901,241.9203,0.1613,373
902,205.1185,0.1613,330
903,105.0707,0.1616,1000
904,251.5160,0.1617,322
905,246.2882,0.1620,373
906,223.9920,0.1622,366
907,212.2706,0.1623,349
908,253.0342,0.1624,368
909,236.9494,0.1628,367
910,260.3393,0.1628,351
911,140.2619,0.1629,1000
912,267.5129,0.1630,388
913,256.1282,0.1631,335
914,217.0959,0.1635,439
915,251.6149,0.1637,304
916,244.2807,0.1637,479
917,261.4340,0.1643,371
918,256.3317,0.1643,367
919,129.7651,0.1644,1000
920,268.2828,0.1648,370
921,274.4684,0.1650,380
922,235.1153,0.1651,384
923,124.8650,0.1651,1000
924,245.0372,0.1653,342
925,25.8707,0.1653,288
926,260.9202,0.1653,404
927,240.9837,0.1654,389
928,259.2076,0.1658,335
929,247.5865,0.1658,345
930,245.3942,0.1659,353
931,248.1387,0.1659,407
932,225.0177,0.1661,330
933,222.4542,0.1663,335
934,233.5073,0.1664,324
935,239.5245,0.1666,444
936,-4.8488,0.1667,316
937,268.1666,0.1667,338
938,262.1478,0.1668,316
939,240.1583,0.1671,332
940,239.4096,0.1672,363
941,249.5674,0.1673,333
942,261.1312,0.1673,328
943,26.0730,0.1674,323
944,227.2584,0.1678,359
945,240.4061,0.1678,352
946,236.8704,0.1680,338
947,26.3871,0.1681,278
948,246.4133,0.1682,378
949,-41.4933,0.1683,296
950,-96.1099,0.1688,419
951,134.1409,0.1688,1000
952,219.1364,0.1689,395
953,243.9582,0.1690,430
954,251.3587,0.1694,350
955,255.7590,0.1694,363
956,246.2242,0.1695,362
957,272.3480,0.1696,363
958,245.7559,0.1698,366
959,254.5186,0.1698,365
960,229.4470,0.1698,331
961,-46.3571,0.1701,300
962,252.0317,0.1703,317
963,233.5151,0.1703,362
964,233.8225,0.1703,349
965,240.4875,0.1709,360
966,210.3466,0.1709,357
967,237.0188,0.1712,773
968,266.2286,0.1714,360
969,254.3506,0.1715,363
970,255.8394,0.1719,396
971,-3.8811,0.1720,296
972,135.6679,0.1720,1000
973,249.1437,0.1721,360
974,270.5757,0.1723,319
975,269.7904,0.1725,315
976,252.9246,0.1726,370
977,242.3034,0.1729,337
978,226.3713,0.1729,339
979,268.6019,0.1730,474
980,218.4228,0.1736,359
981,134.9328,0.1736,1000
982,243.9368,0.1736,363
983,248.8746,0.1742,381
984,227.3972,0.1742,354
985,212.9937,0.1742,355
986,147.0311,0.1746,1000
987,225.2911,0.1747,355
988,264.5342,0.1747,339
989,248.4712,0.1747,350
990,275.1180,0.1751,346
991,2.7280,0.1751,327
992,265.8427,0.1751,318
993,251.1008,0.1752,366
994,219.0429,0.1756,369
995,231.2839,0.1757,329
996,241.6875,0.1757,375
997,237.6804,0.1757,332
998,251.7190,0.1760,373
999,238.5506,0.1760,355
1000,219.6376,0.1760,335
1001,269.0405,0.1763,402
1002,241.2118,0.1765,355
1003,219.6272,0.1766,385
1004,247.7103,0.1766,387
1005,256.0393,0.1767,370
1006,252.7117,0.1771,367
1007,241.6893,0.1771,386
1008,240.5346,0.1771,358
1009,233.4281,0.1772,339
1010,255.2482,0.1777,371
1011,218.1008,0.1777,348
1012,235.8164,0.1777,357
1013,253.2383,0.1781,334
1014,203.2350,0.1781,354
1015,245.9394,0.1788,326
1016,129.5252,0.1788,1000
1017,121.1793,0.1793,1000
1018,9.5745,0.1793,314
1019,138.5106,0.1797,1000
1020,238.7697,0.1798,353
1021,263.1600,0.1798,373
1022,7.6617,0.1804,288
1023,233.7161,0.1804,377
1024,237.2214,0.1804,332
1025,127.2486,0.1804,1000
1026,265.0009,0.1809,333
1027,245.3990,0.1809,345
1028,239.2293,0.1809,383
1029,235.3618,0.1810,391
1030,214.7019,0.1812,341
1031,229.6088,0.1812,362
1032,228.2182,0.1813,355
1033,236.4694,0.1813,398
1034,245.7639,0.1818,329
1035,248.8196,0.1818,377
1036,243.5452,0.1818,382
1037,245.4813,0.1818,339
1038,9.1395,0.1822,307
1039,227.4497,0.1822,361
1040,260.2503,0.1822,368
1041,256.0011,0.1826,325
1042,211.7586,0.1826,335
1043,132.8739,0.1832,1000
1044,30.8642,0.1832,317
1045,252.0423,0.1832,361
1046,129.1917,0.1838,1000
1047,263.4846,0.1838,370
1048,243.0361,0.1839,366
1049,242.6512,0.1842,331
1050,247.7429,0.1842,333
1051,241.4756,0.1843,341
1052,233.9689,0.1843,765
1053,269.3076,0.1847,359
1054,251.0594,0.1848,369
1055,251.9068,0.1848,372
1056,281.3122,0.1852,335
1057,261.3010,0.1853,338
1058,144.9062,0.1855,1000
1059,258.8477,0.1856,319
1060,242.7765,0.1859,351
1061,229.9351,0.1861,337
1062,275.1607,0.1861,331
1063,155.1537,0.1862,1000
1064,222.2212,0.1863,343
1065,225.0675,0.1867,363
1066,254.8779,0.1868,389
1067,247.4461,0.1869,385
1068,233.0492,0.1869,439
1069,245.5840,0.1877,351
1070,110.8117,0.1884,1000
1071,161.7762,0.1887,1000
1072,133.6642,0.1889,1000
1073,205.7296,0.1891,409
1074,-14.6614,0.1891,353
1075,212.9496,0.1895,332
1076,154.6015,0.1895,1000
1077,271.3035,0.1897,323
1078,241.9641,0.1897,383
1079,3.8424,0.1898,319
1080,252.0617,0.1899,362
1081,13.7205,0.1902,311
1082,254.1065,0.1903,342
1083,261.5861,0.1905,360
1084,233.1901,0.1907,336
1085,248.6003,0.1914,331
1086,120.7169,0.1915,1000
1087,161.0081,0.1919,1000
1088,236.8590,0.1920,346
1089,219.0270,0.1920,346
1090,130.6828,0.1921,1000
1091,234.1790,0.1923,339
1092,275.1905,0.1924,336
1093,239.3933,0.1927,345
1094,231.0166,0.1930,355
1095,212.9481,0.1930,346
1096,253.8753,0.1931,334
1097,146.7465,0.1932,1000
1098,265.4177,0.1936,378
1099,238.8683,0.1936,387
1100,42.8733,0.1937,333
1101,218.0335,0.1938,372
1102,225.3011,0.1942,348
1103,272.7157,0.1942,459
1104,240.2225,0.1944,380
1105,272.2933,0.1946,340
1106,26.3841,0.1946,309
1107,243.2087,0.1951,336
1108,101.6778,0.1953,1000
1109,266.9076,0.1953,355
1110,222.1691,0.1953,342
1111,0.0757,0.1955,332
1112,224.2787,0.1959,326
1113,227.4109,0.1959,358
1114,251.0342,0.1960,373
1115,256.0913,0.1961,360
1116,241.2759,0.1963,350
1117,198.5266,0.1963,354
1118,263.5728,0.1963,333
1119,266.3371,0.1967,363
1120,252.2974,0.1969,393
1121,283.1126,0.1972,401
1122,263.9726,0.1977,353
1123,230.6927,0.1980,368
1124,154.5641,0.1980,1000
1125,154.5864,0.1980,1000
1126,239.0601,0.1981,362
1127,246.8848,0.1985,321
1128,18.7101,0.1985,299
1129,261.5534,0.1986,363
1130,273.6439,0.1987,368
1131,220.0263,0.1991,370
1132,213.0770,0.1992,347
1133,263.1726,0.1993,331
1134,225.7401,0.1994,325
1135,250.6923,0.1995,361
1136,240.1689,0.1998,343
1137,155.8927,0.1999,1000
1138,219.3836,0.2000,332
1139,209.6018,0.2001,335
1140,275.2415,0.2002,397
1141,224.9301,0.2003,335
1142,242.4283,0.2003,330
1143,284.4926,0.2006,324
1144,253.6566,0.2007,371
1145,252.8897,0.2008,357
1146,253.1864,0.2008,368
1147,250.4367,0.2009,365
1148,276.2115,0.2014,344
1149,246.4258,0.2015,349
1150,248.6514,0.2021,338
1151,136.4643,0.2025,1000
1152,149.3305,0.2025,1000
1153,269.9600,0.2026,322
1154,232.5859,0.2031,339
1155,232.5853,0.2032,371
1156,240.7497,0.2033,365
1157,124.7678,0.2033,1000
1158,258.4945,0.2035,381
1159,-22.1437,0.2036,275
1160,264.5993,0.2036,366
1161,264.9367,0.2038,342
1162,273.4013,0.2041,321
1163,249.1305,0.2041,373
1164,200.7531,0.2041,346
1165,276.5367,0.2042,409
1166,261.9404,0.2046,348
1167,283.5519,0.2046,356
1168,247.1324,0.2047,372
1169,262.6602,0.2047,352
1170,211.6179,0.2049,348
1171,239.0240,0.2049,363
1172,234.0781,0.2052,330
1173,256.0473,0.2052,329
1174,242.4245,0.2054,335
1175,268.9794,0.2055,348
1176,264.8016,0.2055,344
1177,259.6641,0.2056,368
1178,241.9442,0.2060,348
1179,262.9422,0.2060,338
1180,272.8632,0.2060,382
1181,214.5980,0.2061,346
1182,255.7478,0.2063,329
1183,288.2453,0.2065,353
1184,233.8026,0.2065,358
1185,274.9329,0.2066,402
1186,259.8440,0.2068,384
1187,275.3770,0.2068,339
1188,237.7118,0.2069,378
1189,260.9866,0.2069,354
1190,262.0898,0.2073,357
1191,257.1534,0.2073,333
1192,217.0107,0.2074,352
1193,265.8973,0.2074,340
1194,260.2631,0.2078,359
1195,267.2631,0.2078,349
1196,272.4667,0.2079,340
1197,222.9262,0.2081,458
1198,268.3489,0.2082,325
1199,214.3725,0.2082,347
1200,196.9367,0.2083,399
1201,269.9234,0.2086,330
1202,244.5224,0.2087,325
1203,245.3368,0.2088,410
1204,252.7505,0.2089,330
1205,232.0835,0.2092,371
1206,230.8666,0.2093,344
1207,233.9819,0.2095,346
1208,263.1059,0.2097,403
1209,149.1418,0.2097,1000
1210,244.2144,0.2097,343
1211,233.4393,0.2100,351
1212,242.7254,0.2102,342
1213,227.8437,0.2103,396
1214,257.1248,0.2104,326
1215,240.4655,0.2108,362
1216,22.4316,0.2108,321
1217,270.5888,0.2109,349
1218,133.3943,0.2111,1000
1219,271.9154,0.2111,344
1220,241.2786,0.2113,380
1221,265.6825,0.2115,386
1222,277.1560,0.2116,378
1223,215.6268,0.2116,330
1224,267.9880,0.2116,349
1225,259.5113,0.2120,382
1226,276.3779,0.2121,317
1227,216.3987,0.2121,328
1228,237.5054,0.2121,403
1229,270.6727,0.2123,343
1230,232.7707,0.2124,341
1231,253.7498,0.2124,336
1232,231.7535,0.2127,340
1233,248.2616,0.2128,329
1234,275.7930,0.2130,346
1235,215.8655,0.2130,386
1236,264.1638,0.2130,382
1237,233.2525,0.2131,335
1238,212.2217,0.2135,335
1239,261.7255,0.2135,330
1240,264.6074,0.2136,372
1241,269.8012,0.2137,406
1242,265.8305,0.2140,353
1243,243.9916,0.2141,390
1244,245.8490,0.2141,360
1245,278.0565,0.2142,340
1246,248.5518,0.2144,371
1247,248.3043,0.2145,367
1248,244.0938,0.2145,337
1249,243.5168,0.2148,343
1250,234.1822,0.2149,325
1251,250.5443,0.2149,323
1252,-0.5267,0.2150,329
1253,220.2331,0.2151,340
1254,228.1818,0.2155,390
1255,260.0295,0.2156,354
1256,238.5852,0.2161,322
1257,225.2204,0.2164,463
1258,114.2659,0.2166,1000
1259,266.1003,0.2167,384
1260,240.4164,0.2168,353
1261,123.2771,0.2168,1000
1262,276.2559,0.2173,323
1263,233.2075,0.2173,357
1264,214.7113,0.2180,335
1265,264.1207,0.2180,348
1266,129.7954,0.2182,1000
1267,87.2340,0.2183,1000
1268,244.8968,0.2184,341
1269,232.1386,0.2184,355
1270,268.8367,0.2188,357
1271,239.8397,0.2188,339
1272,263.1308,0.2190,393
1273,251.9195,0.2191,324
1274,244.3939,0.2192,351
1275,258.1792,0.2196,359
1276,232.4356,0.2196,355
1277,141.1454,0.2198,1000
1278,15.3346,0.2199,328
1279,235.6134,0.2202,335
1280,229.0782,0.2203,617
1281,264.7762,0.2204,323
1282,265.9819,0.2205,393
1283,247.0399,0.2206,357
1284,248.7223,0.2206,341
1285,241.1327,0.2211,345
1286,252.7868,0.2211,333
1287,12.4371,0.2211,317
1288,10.8609,0.2217,351
1289,216.3959,0.2217,348
1290,273.9138,0.2217,379
1291,126.5355,0.2218,1000
1292,289.6667,0.2220,329
1293,248.7982,0.2220,328
1294,250.3235,0.2221,386
1295,262.1663,0.2221,321
1296,276.8726,0.2225,315
1297,266.3431,0.2225,348
1298,240.3072,0.2226,346
1299,275.8228,0.2226,352
1300,35.8722,0.2227,334
1301,216.5070,0.2230,331
1302,259.1212,0.2230,324
1303,38.9085,0.2230,351
1304,209.7891,0.2232,348
1305,244.2341,0.2233,358
1306,246.8891,0.2234,366
1307,243.7722,0.2238,336
1308,261.6343,0.2239,335
1309,3.4144,0.2240,302
1310,287.6139,0.2242,311
1311,242.7092,0.2242,932
1312,244.3732,0.2246,382
1313,239.2143,0.2246,355
1314,239.0030,0.2247,369
1315,245.8460,0.2248,388
1316,276.5000,0.2248,337
1317,249.2283,0.2248,329
1318,231.9553,0.2253,380
1319,210.9345,0.2253,345
1320,249.8075,0.2253,323
1321,255.2513,0.2253,359
1322,245.4291,0.2258,350
1323,245.0445,0.2258,350
1324,247.5519,0.2258,348
1325,288.1944,0.2259,376
1326,217.2730,0.2261,388
1327,250.6197,0.2261,362
1328,233.8325,0.2262,333
1329,259.7226,0.2262,378
1330,291.9869,0.2266,314
1331,227.5870,0.2266,337
1332,255.2173,0.2267,343
1333,216.3617,0.2268,367
1334,271.8154,0.2272,325
1335,248.8535,0.2272,351
1336,265.6015,0.2272,336
1337,224.4435,0.2275,346
1338,248.9730,0.2275,362
1339,260.5849,0.2275,359
1340,277.0008,0.2280,318
1341,256.9080,0.2280,339
1342,255.4703,0.2280,346
1343,156.8401,0.2281,1000
1344,236.9918,0.2285,340
1345,230.9480,0.2285,352
1346,254.6120,0.2286,404
1347,279.9701,0.2288,330
1348,223.8280,0.2289,348
1349,274.3727,0.2292,360
1350,253.0988,0.2294,378
1351,198.3047,0.2294,341
1352,163.0709,0.2295,1000
1353,279.8705,0.2295,305
1354,272.2348,0.2299,334
1355,253.6752,0.2299,345
1356,242.9704,0.2300,367
1357,284.7048,0.2300,357
1358,263.7125,0.2302,359
1359,244.6562,0.2302,360
1360,230.5504,0.2302,332
1361,219.8050,0.2303,346
1362,262.7733,0.2307,332
1363,1.6656,0.2307,332
1364,246.0887,0.2307,398
1365,212.4218,0.2307,362
1366,285.3682,0.2311,321
1367,280.9639,0.2312,322
1368,207.0010,0.2312,329
1369,246.5557,0.2312,335
1370,268.9720,0.2314,312
1371,230.4043,0.2314,386
1372,206.4398,0.2314,333
1373,227.3721,0.2315,343
1374,250.6825,0.2319,333
1375,253.3239,0.2319,324
1376,295.0486,0.2319,361
1377,265.2535,0.2319,402
1378,1.8410,0.2323,308
1379,232.7523,0.2323,355
1380,266.9694,0.2324,316
1381,252.4312,0.2324,317
1382,210.2297,0.2326,330
1383,233.8769,0.2326,363
1384,243.7836,0.2326,322
1385,211.0268,0.2327,350
1386,223.8664,0.2331,331
1387,242.8076,0.2331,373
1388,256.1572,0.2331,390
1389,277.3682,0.2331,361
1390,-12.6774,0.2336,316
1391,214.3795,0.2336,328
1392,214.2314,0.2336,336
1393,225.1893,0.2337,430
1394,282.0349,0.2338,292
1395,285.2275,0.2338,315
1396,225.7984,0.2339,342
1397,281.8112,0.2341,322
1398,240.0220,0.2343,321
1399,276.3918,0.2343,335
1400,226.0211,0.2344,326
1401,272.9407,0.2345,362
1402,285.5542,0.2348,320
1403,287.0086,0.2348,343
1404,217.9531,0.2349,346
1405,276.6610,0.2350,340
1406,236.1401,0.2351,332
1407,221.6290,0.2352,326
1408,221.0749,0.2352,367
1409,288.2229,0.2355,323
1410,277.8464,0.2357,313
1411,237.6897,0.2358,357
1412,219.5981,0.2359,356
1413,277.6685,0.2363,318
1414,272.1867,0.2363,320
1415,260.5481,0.2365,383
1416,127.9429,0.2366,1000
1417,265.4574,0.2367,344
1418,261.1236,0.2368,343
1419,261.3108,0.2371,309
1420,225.9224,0.2372,371
1421,240.0164,0.2373,335
1422,279.0702,0.2378,332
1423,264.1380,0.2380,361
1424,290.5617,0.2382,311
1425,155.1893,0.2383,1000
1426,236.1485,0.2384,348
1427,184.9922,0.2386,1000
1428,253.3657,0.2388,345
1429,265.0438,0.2388,346
1430,255.5356,0.2389,323
1431,261.5277,0.2389,401
1432,225.3684,0.2391,333
1433,258.9657,0.2393,384
1434,232.7654,0.2394,318
1435,233.7684,0.2395,373
1436,230.4224,0.2396,326
1437,257.9480,0.2397,319
1438,265.5483,0.2400,376
1439,218.5054,0.2400,318
1440,285.9158,0.2400,305
1441,271.4575,0.2401,342
1442,257.8188,0.2402,332
1443,260.3185,0.2403,330
1444,264.4309,0.2407,340
1445,270.6401,0.2408,325
1446,264.7664,0.2408,356
1447,231.9544,0.2412,446
1448,275.5708,0.2414,358
1449,265.8709,0.2415,344
1450,143.8065,0.2415,1000
1451,255.5452,0.2417,342
1452,279.3845,0.2417,359
1453,229.8666,0.2418,362
1454,258.1819,0.2418,336
1455,269.0475,0.2422,321
1456,282.1709,0.2422,433
1457,271.5148,0.2422,396
1458,235.2348,0.2425,557
1459,214.9337,0.2428,333
1460,207.1594,0.2430,345
1461,243.1526,0.2431,356
1462,292.4977,0.2435,355
1463,130.6150,0.2436,1000
1464,101.7440,0.2436,1000
1465,14.6191,0.2436,335
1466,248.9548,0.2438,347
1467,207.4807,0.2441,341
1468,253.1153,0.2441,334
1469,273.1305,0.2442,372
1470,268.2853,0.2443,317
1471,274.5916,0.2443,368
1472,227.0751,0.2444,331
1473,227.5224,0.2445,330
1474,301.0375,0.2448,318
1475,245.4296,0.2448,352
1476,253.2514,0.2449,394
1477,235.0941,0.2449,340
1478,271.6287,0.2451,371
1479,270.7525,0.2453,334
1480,274.4113,0.2454,298
1481,249.0805,0.2455,369
1482,257.5904,0.2456,361
1483,222.2760,0.2463,344
1484,144.6096,0.2466,1000
1485,259.4304,0.2466,313
1486,154.1586,0.2469,1000
1487,126.1093,0.2470,1000
1488,19.4511,0.2471,327
1489,228.9479,0.2472,365
1490,46.3752,0.2472,341
1491,230.5388,0.2473,326
1492,21.6751,0.2476,315
1493,241.1431,0.2477,366
1494,247.0152,0.2477,342
1495,276.5791,0.2478,360
1496,275.7597,0.2479,360
1497,250.7142,0.2482,352
1498,287.6143,0.2482,364
1499,256.8972,0.2485,370
1500,212.9636,0.2485,318
1501,250.1764,0.2485,330
1502,284.2140,0.2490,307
1503,240.8969,0.2491,354
1504,263.6632,0.2491,347
1505,99.4702,0.2492,1000
1506,249.5454,0.2494,329
1507,226.9342,0.2496,320
1508,272.0066,0.2496,358
1509,286.9122,0.2497,338
1510,245.7919,0.2498,317
1511,256.3206,0.2500,387
1512,262.9297,0.2500,381
1513,248.9614,0.2500,342
1514,257.0662,0.2503,363
1515,275.3524,0.2504,314
1516,248.9407,0.2505,341
1517,253.3409,0.2505,365
1518,269.0539,0.2506,285
1519,272.7317,0.2509,321
1520,269.5112,0.2510,340
1521,227.2746,0.2510,331
1522,245.5330,0.2511,310
1523,266.7762,0.2512,312
1524,226.1719,0.2513,354
1525,245.3164,0.2513,341
1526,230.9120,0.2516,340
1527,202.0403,0.2517,377
1528,283.0062,0.2518,321
1529,282.1859,0.2518,366
1530,248.7504,0.2519,361
1531,250.9761,0.2520,309
1532,258.4882,0.2523,338
1533,217.1859,0.2523,314
1534,233.0046,0.2525,364
1535,263.4760,0.2525,337
1536,251.5072,0.2526,313
1537,228.5451,0.2530,352
1538,242.0765,0.2531,331
1539,245.5716,0.2532,364
1540,242.7413,0.2534,373
1541,227.9998,0.2534,323
1542,164.3621,0.2537,1000
1543,273.1793,0.2537,329
1544,266.4497,0.2539,382
1545,49.8969,0.2539,268
1546,212.3220,0.2540,373
1547,245.1171,0.2544,435
1548,239.0064,0.2545,329
1549,233.2039,0.2545,331
1550,259.8267,0.2545,335
1551,270.5320,0.2547,329
1552,220.7276,0.2548,320
1553,252.7417,0.2548,315
1554,253.7383,0.2548,345
1555,266.8140,0.2552,355
1556,226.2578,0.2553,313
1557,243.0210,0.2553,357
1558,270.3049,0.2555,317
1559,275.0421,0.2558,361
1560,223.1977,0.2559,321
1561,220.1165,0.2560,345
1562,120.7810,0.2561,1000
1563,253.8741,0.2561,308
1564,261.2701,0.2561,374
1565,280.3610,0.2566,326
1566,239.3665,0.2566,325
1567,253.3849,0.2571,322
1568,238.1358,0.2572,320
1569,123.6260,0.2574,1000
1570,232.2766,0.2576,308
1571,130.9613,0.2576,1000
1572,242.9417,0.2576,408
1573,251.4604,0.2579,326
1574,225.6766,0.2580,316
1575,260.2301,0.2580,322
1576,262.2268,0.2581,358
1577,254.2705,0.2583,374
1578,239.2155,0.2587,369
1579,252.7951,0.2589,370
1580,238.5221,0.2590,314
1581,252.6960,0.2594,310
1582,162.6231,0.2595,1000
1583,138.5465,0.2595,1000
1584,266.2789,0.2597,444
1585,233.1506,0.2598,333
1586,257.1553,0.2598,306
1587,274.0760,0.2600,343
1588,255.0804,0.2602,310
1589,252.7760,0.2603,349
1590,216.0225,0.2603,328
1591,284.6805,0.2603,322
1592,15.7691,0.2604,278
1593,267.0883,0.2607,306
1594,242.1303,0.2609,371
1595,5.8911,0.2610,301
1596,290.9203,0.2614,293
1597,16.2656,0.2615,276
1598,154.1362,0.2616,1000
1599,130.9282,0.2616,1000
1600,283.3043,0.2617,313
1601,8.2476,0.2622,322
1602,235.9989,0.2623,519
1603,283.2295,0.2628,326
1604,273.2112,0.2628,360
1605,133.9952,0.2629,1000
1606,105.5152,0.2630,1000
1607,207.3569,0.2631,340
1608,232.2395,0.2632,349
1609,221.7297,0.2636,420
1610,251.8042,0.2637,328
1611,-13.2723,0.2639,332
1612,158.3137,0.2645,1000
1613,115.8140,0.2649,1000
1614,265.6354,0.2653,314
1615,147.3612,0.2656,1000
1616,244.7815,0.2657,333
1617,115.2010,0.2659,1000
1618,239.6063,0.2660,406
1619,226.6943,0.2662,337
1620,-372.9056,0.2663,311
1621,235.2339,0.2664,376
1622,274.1488,0.2665,365
1623,239.3033,0.2666,332
1624,247.3574,0.2667,385
1625,217.9517,0.2670,327
1626,288.3389,0.2671,334
1627,217.5745,0.2672,331
1628,231.0181,0.2676,388
1629,268.8733,0.2676,356
1630,260.1715,0.2677,331
1631,128.5957,0.2679,1000
1632,269.9235,0.2680,347
1633,227.9303,0.2681,391
1634,265.2529,0.2681,323
1635,217.1939,0.2685,333
1636,-54.5677,0.2685,299
1637,278.2796,0.2686,317
1638,218.2679,0.2690,344
1639,219.9380,0.2691,347
1640,232.6947,0.2691,364
1641,108.9253,0.2692,1000
1642,225.8994,0.2693,348
1643,5.5291,0.2694,322
1644,286.1414,0.2698,361
1645,251.6078,0.2699,326
1646,245.2698,0.2704,325
1647,101.4381,0.2708,1000
1648,272.1816,0.2710,320
1649,141.7613,0.2711,1000
1650,233.9073,0.2712,352
1651,158.8746,0.2715,1000
1652,212.9802,0.2716,332
1653,256.2595,0.2717,385
1654,15.7502,0.2717,323
1655,220.2214,0.2718,324
1656,245.9253,0.2719,344
1657,264.5259,0.2722,348
1658,243.6801,0.2722,339
1659,-17.8320,0.2723,302
1660,264.5125,0.2725,337
1661,229.8480,0.2725,354
1662,239.1639,0.2729,367
1663,251.9718,0.2731,362
1664,266.8012,0.2731,376
1665,144.7680,0.2732,1000
1666,247.9134,0.2733,316
1667,255.8300,0.2737,354
1668,259.1511,0.2737,374
1669,270.3982,0.2738,344
1670,238.4094,0.2740,368
1671,251.5422,0.2742,408
1672,297.0324,0.2743,355
1673,211.8212,0.2745,327
1674,155.7224,0.2745,1000
1675,274.8909,0.2746,347
1676,224.1686,0.2751,331
1677,291.8373,0.2752,359
1678,241.8536,0.2754,511
1679,268.2965,0.2757,371
1680,255.6600,0.2759,326
1681,131.7792,0.2759,1000
1682,268.5038,0.2760,332
1683,269.6162,0.2762,322
1684,275.7402,0.2762,318
1685,218.3228,0.2762,327
1686,249.2316,0.2763,368
1687,253.3427,0.2767,328
1688,249.0268,0.2767,364
1689,229.9562,0.2768,345
1690,291.2197,0.2769,390
1691,236.3473,0.2770,370
1692,227.6221,0.2772,330
1693,220.9505,0.2773,319
1694,246.0699,0.2774,308
1695,249.5912,0.2776,347
1696,237.4885,0.2776,381
1697,249.9175,0.2776,339
1698,-42.1291,0.2777,350
1699,245.9826,0.2781,346
1700,222.9302,0.2781,336
1701,204.5133,0.2781,332
1702,260.5759,0.2782,311
1703,219.1417,0.2785,324
1704,225.5159,0.2785,353
1705,232.6489,0.2786,386
1706,248.3483,0.2787,357
1707,246.9068,0.2788,328
1708,211.0845,0.2789,334
1709,225.1349,0.2789,330
1710,271.1488,0.2792,365
1711,244.3602,0.2794,371
1712,248.3674,0.2794,345
1713,257.0707,0.2795,434
1714,263.4040,0.2795,339
1715,268.7446,0.2798,316
1716,229.3405,0.2798,321
1717,232.9945,0.2800,343
1718,265.8879,0.2801,451
1719,217.3433,0.2802,341
1720,268.4187,0.2802,422
1721,267.7693,0.2805,380
1722,274.3346,0.2806,325
1723,232.8450,0.2808,358
1724,234.1648,0.2809,347
1725,215.8070,0.2809,565
1726,261.2075,0.2810,357
1727,252.1797,0.2813,312
1728,213.6200,0.2814,335
1729,247.0112,0.2814,313
1730,214.3495,0.2815,448
1731,249.5054,0.2816,316
1732,0.7150,0.2819,291
1733,246.8884,0.2820,318
1734,234.3409,0.2821,314
1735,241.2483,0.2823,336
1736,226.9847,0.2827,326
1737,280.5249,0.2828,392
1738,261.6295,0.2830,310
1739,138.3201,0.2831,1000
1740,-18.3638,0.2832,299
1741,238.7686,0.2832,324
1742,253.8401,0.2833,322
1743,239.7730,0.2836,334
1744,263.2955,0.2836,313
1745,-14.2696,0.2838,260
1746,205.5305,0.2840,346
1747,263.6101,0.2841,341
1748,10.3736,0.2844,311
1749,260.4539,0.2847,346
1750,109.8074,0.2847,1000
1751,243.1455,0.2853,329
1752,247.0146,0.2854,376
1753,153.0845,0.2857,1000
1754,109.9767,0.2859,1000
1755,237.9882,0.2862,384
1756,217.0802,0.2863,347
1757,221.4286,0.2865,353
1758,269.2422,0.2865,351
1759,251.8655,0.2869,365
1760,157.5722,0.2870,1000
1761,265.1445,0.2871,346
1762,236.9236,0.2871,357
1763,270.4729,0.2872,311
1764,263.5047,0.2873,397
1765,-18.5967,0.2873,303
1766,229.5349,0.2877,378
1767,270.4600,0.2877,300
1768,-28.8434,0.2878,330
1769,202.8272,0.2879,413
1770,-29.4528,0.2884,334
1771,247.8698,0.2887,678
1772,251.4168,0.2890,382
1773,244.9969,0.2895,371
1774,122.3626,0.2895,1000
1775,285.3161,0.2897,340
1776,146.6362,0.2898,1000
1777,249.8329,0.2899,317
1778,270.0597,0.2899,311
1779,256.4240,0.2902,343
1780,227.4075,0.2903,325
1781,256.5585,0.2904,357
1782,267.9869,0.2905,361
1783,248.4142,0.2905,637
1784,254.2529,0.2909,366
1785,236.4007,0.2910,416
1786,211.1608,0.2911,336
1787,244.7471,0.2911,348
1788,225.6000,0.2912,312
1789,287.5619,0.2913,340
1790,224.5907,0.2916,334
1791,251.5472,0.2916,333
1792,245.4015,0.2917,328
1793,269.5473,0.2918,315
1794,236.0638,0.2922,376
1795,217.0275,0.2922,325
1796,229.1427,0.2923,336
1797,-25.9093,0.2924,334
1798,240.7770,0.2926,324
1799,261.6377,0.2926,367
1800,97.6442,0.2929,1000
1801,252.9507,0.2929,313
1802,288.2979,0.2931,320
1803,4.4059,0.2932,318
1804,267.4388,0.2933,339
1805,232.1611,0.2936,362
1806,227.5323,0.2938,350
1807,260.7977,0.2938,317
1808,242.4008,0.2940,310
1809,130.2103,0.2940,1000
1810,5.7264,0.2943,314
1811,247.9901,0.2943,347
1812,265.2998,0.2945,362
1813,205.7833,0.2946,424
1814,259.6751,0.2946,294
1815,242.4275,0.2947,331
1816,3.5562,0.2950,330
1817,8.7062,0.2950,279
1818,203.5260,0.2953,434
1819,233.9658,0.2954,363
1820,247.6976,0.2955,671
1821,294.0560,0.2960,347
1822,268.2138,0.2961,359
1823,238.6798,0.2961,325
1824,247.7907,0.2965,335
1825,131.4406,0.2966,1000
1826,233.0071,0.2966,325
1827,262.2864,0.2966,352
1828,265.7398,0.2968,391
1829,232.4566,0.2969,347
1830,237.4231,0.2969,351
1831,213.8982,0.2969,342
1832,255.1268,0.2973,336
1833,270.7565,0.2973,352
1834,273.6373,0.2979,325
1835,236.6022,0.2979,356
1836,288.4292,0.2983,345
1837,144.2615,0.2984,1000
1838,282.5639,0.2984,351
1839,101.3778,0.2984,1000
1840,249.9315,0.2988,311
1841,229.3364,0.2988,341
1842,237.5186,0.2989,364
1843,256.1077,0.2993,310
1844,214.4997,0.2994,319
1845,248.6392,0.2994,319
1846,299.4448,0.2997,349
1847,167.6149,0.2998,1000
1848,227.3272,0.2998,335
1849,213.5157,0.3002,335
1850,276.6761,0.3003,361
1851,264.7887,0.3004,355
1852,271.3872,0.3006,321
1853,149.5488,0.3008,1000
1854,193.2607,0.3009,326
1855,284.9698,0.3009,338
1856,250.7957,0.3011,355
1857,201.4658,0.3011,320
1858,255.1628,0.3011,329
1859,203.1936,0.3012,352
1860,254.5783,0.3016,334
1861,235.2639,0.3016,328
1862,234.1694,0.3022,338
1863,281.6062,0.3022,332
1864,212.6328,0.3025,317
1865,122.6175,0.3026,1000
1866,232.0699,0.3026,365
1867,137.3201,0.3027,1000
1868,248.0758,0.3031,363
1869,259.6864,0.3032,355
1870,206.0898,0.3033,523
1871,241.5204,0.3033,378
1872,250.0258,0.3036,340
1873,-48.5648,0.3037,298
1874,204.4088,0.3038,411
1875,284.7647,0.3038,359
1876,212.5679,0.3039,341
1877,236.5793,0.3040,360
1878,265.5815,0.3044,443
1879,208.6402,0.3046,338
1880,276.8653,0.3048,288
1881,116.6552,0.3053,1000
1882,165.0147,0.3057,1000
1883,265.5541,0.3057,332
1884,216.2463,0.3061,710
1885,135.9615,0.3062,1000
1886,230.0327,0.3063,318
1887,239.8520,0.3063,328
1888,231.4727,0.3065,364
1889,268.4402,0.3065,304
1890,222.6898,0.3068,321
1891,238.1283,0.3069,328
1892,268.4245,0.3070,332
1893,259.2780,0.3070,315
1894,273.8353,0.3071,322
1895,259.3446,0.3071,315
1896,258.5892,0.3075,324
1897,252.5650,0.3075,313
1898,245.1519,0.3076,361
1899,265.4811,0.3076,343
1900,260.5021,0.3078,339
1901,261.5983,0.3078,353
1902,-22.6950,0.3081,309
1903,-1.1619,0.3083,328
1904,270.2135,0.3083,339
1905,237.3128,0.3084,331
1906,225.2103,0.3088,334
1907,243.0905,0.3088,361
1908,14.8294,0.3089,304
1909,161.3908,0.3089,1000
1910,209.0641,0.3091,326
1911,241.7763,0.3091,331
1912,266.3403,0.3091,312
1913,259.6263,0.3094,360
1914,1.9063,0.3096,358
1915,261.0110,0.3096,368
1916,214.1839,0.3096,328
1917,26.4068,0.3097,271
1918,229.2150,0.3100,333
1919,248.1669,0.3101,355
1920,259.9261,0.3101,318
1921,244.6835,0.3104,377
1922,224.7345,0.3104,344
1923,253.1324,0.3104,350
1924,173.1120,0.3109,1000
1925,248.0132,0.3109,333
1926,221.3870,0.3109,355
1927,225.9057,0.3110,365
1928,-4.4110,0.3114,300
1929,248.5052,0.3114,341
1930,230.6411,0.3116,495
1931,240.6827,0.3118,360
1932,257.8475,0.3120,392
1933,250.0392,0.3122,405
1934,141.7146,0.3123,1000
1935,224.6218,0.3123,321
1936,272.6237,0.3124,415
1937,220.6632,0.3125,328
1938,267.5769,0.3128,311
1939,223.8915,0.3128,339
1940,287.2571,0.3129,329
1941,261.8069,0.3130,322
1942,265.2258,0.3131,339
1943,237.5100,0.3134,333
1944,258.0361,0.3135,487
1945,244.4483,0.3135,348
1946,273.8933,0.3138,312
1947,278.5279,0.3138,393
1948,230.0798,0.3138,606
1949,263.0421,0.3141,425
1950,217.8668,0.3143,332
1951,285.0454,0.3143,348
1952,270.7399,0.3144,446
1953,274.4200,0.3145,403
1954,248.5212,0.3148,371
1955,251.8718,0.3149,336
1956,251.5918,0.3150,385
1957,220.4150,0.3150,362
1958,219.7358,0.3152,329
1959,269.6931,0.3155,468
1960,247.9720,0.3156,335
1961,226.5929,0.3156,331
1962,273.1208,0.3158,386
1963,241.5007,0.3158,332
1964,226.1513,0.3159,400
1965,232.8347,0.3159,397
1966,243.1499,0.3163,329
1967,247.2085,0.3163,311
1968,1.5880,0.3164,335
1969,244.5378,0.3164,317
1970,244.8450,0.3168,366
1971,255.7953,0.3168,377
1972,263.4359,0.3169,319
1973,221.8880,0.3169,328
1974,254.9033,0.3171,317
1975,237.0513,0.3171,319
1976,232.5434,0.3172,335
1977,248.8567,0.3172,340
1978,277.0216,0.3175,334
1979,256.6645,0.3176,348
1980,240.4667,0.3177,325
1981,273.0702,0.3177,336
1982,242.0721,0.3180,362
1983,283.0320,0.3181,341
1984,228.6777,0.3182,362
1985,279.3456,0.3184,696
1986,248.6624,0.3185,357
1987,258.6406,0.3185,370
1988,274.9739,0.3191,361
1989,49.5501,0.3196,261
1990,148.4424,0.3197,1000
1991,145.4009,0.3200,1000
1992,133.3626,0.3200,1000
1993,232.1292,0.3201,330
1994,255.7102,0.3206,343
1995,219.6862,0.3207,348
1996,132.0924,0.3212,1000
1997,203.7318,0.3213,343
1998,99.0169,0.3215,1000
1999,236.2031,0.3216,313
2000,250.2689,0.3217,368
2001,140.4543,0.3221,1000
2002,267.1574,0.3221,384
2003,239.8377,0.3221,353
2004,217.6154,0.3222,329
2005,265.8024,0.3224,300
2006,252.1176,0.3227,372
2007,224.9952,0.3229,347
2008,237.9875,0.3230,330
2009,31.2991,0.3234,268
2010,133.5863,0.3235,1000
2011,237.0958,0.3236,334
2012,137.7318,0.3237,1000
2013,243.2675,0.3238,340
2014,-0.0139,0.3239,325
2015,286.7434,0.3243,308
2016,267.5078,0.3244,496
2017,259.1188,0.3246,376
2018,248.5741,0.3250,340
2019,282.9788,0.3250,341
2020,277.4466,0.3252,316
2021,101.8385,0.3252,1000
2022,265.2199,0.3253,341
2023,257.8540,0.3254,349
2024,218.0497,0.3257,349
2025,240.7509,0.3257,374
2026,229.0991,0.3259,355
2027,249.6608,0.3259,335
2028,226.6806,0.3261,372
2029,238.6635,0.3261,327
2030,-34.0221,0.3264,297
2031,234.1165,0.3264,361
2032,251.3457,0.3265,320
2033,235.3122,0.3265,338
2034,228.4326,0.3267,341
2035,264.5748,0.3271,378
2036,236.3122,0.3271,388
2037,228.2162,0.3273,349
2038,259.4972,0.3274,324
2039,269.9349,0.3275,373
2040,116.4956,0.3278,1000
2041,291.6441,0.3278,350
2042,249.8536,0.3280,358
2043,220.3296,0.3280,330
2044,244.4499,0.3281,317
2045,250.6095,0.3281,320
2046,252.8387,0.3285,324
2047,259.6536,0.3285,382
2048,221.3109,0.3286,324
2049,227.3053,0.3286,353
2050,229.5912,0.3288,369
2051,-44.1423,0.3289,327
2052,213.8990,0.3292,341
2053,277.8129,0.3295,350
2054,246.9285,0.3295,328
2055,261.7070,0.3296,357
2056,117.2626,0.3300,1000
2057,261.4800,0.3301,342
2058,210.5649,0.3302,369
2059,245.6746,0.3302,326
2060,251.0617,0.3303,376
2061,279.1947,0.3304,357
2062,256.4972,0.3304,330
2063,247.0323,0.3306,330
2064,259.9207,0.3308,353
2065,258.6845,0.3309,337
2066,248.2907,0.3309,378
2067,221.0301,0.3310,462
2068,35.9685,0.3313,258
2069,257.0530,0.3314,311
2070,258.4247,0.3315,382
2071,188.0085,0.3316,350
2072,203.5469,0.3316,336
2073,209.0515,0.3318,350
2074,273.0933,0.3320,355
2075,256.8821,0.3321,353
2076,233.1249,0.3323,377
2077,269.0530,0.3324,367
2078,236.0545,0.3325,337
2079,253.8357,0.3329,353
2080,202.4677,0.3329,865
2081,226.9982,0.3329,318
2082,255.7833,0.3330,361
2083,250.8222,0.3334,329
2084,261.2730,0.3334,351
2085,277.0764,0.3334,375
2086,214.0182,0.3335,333
2087,232.3091,0.3337,333
2088,287.0643,0.3338,357
2089,265.3628,0.3338,307
2090,216.9850,0.3343,327
2091,254.1190,0.3344,336
2092,205.1421,0.3344,356
2093,149.9963,0.3349,1000
2094,277.7837,0.3349,389
2095,255.1017,0.3350,322
2096,260.9872,0.3350,393
2097,4.8709,0.3351,307
2098,226.2067,0.3352,346
2099,240.1641,0.3353,335
2100,208.7057,0.3353,335
2101,236.0548,0.3356,326
2102,257.8943,0.3358,358
2103,224.9073,0.3358,400
2104,286.1952,0.3358,332
2105,227.1833,0.3359,364
2106,214.4576,0.3362,324
2107,247.3430,0.3363,344
2108,283.7665,0.3366,307
2109,240.2516,0.3366,381
2110,227.9421,0.3371,971
2111,243.6950,0.3371,336
2112,250.7819,0.3371,314
2113,160.3134,0.3373,1000
2114,213.4132,0.3376,321
2115,257.6651,0.3376,357
2116,269.5624,0.3377,344
2117,237.0604,0.3378,307
2118,238.3566,0.3379,341
2119,250.2327,0.3379,335
2120,266.0867,0.3379,348
2121,246.4610,0.3383,356
2122,291.2997,0.3384,349
2123,269.6055,0.3385,365
2124,275.7875,0.3386,339
2125,44.4911,0.3390,305
2126,225.3761,0.3390,410
2127,-14.5248,0.3391,287
2128,125.8317,0.3394,1000
2129,223.6374,0.3395,334
2130,226.5869,0.3395,355
2131,225.5495,0.3397,342
2132,232.3638,0.3399,315
2133,240.2971,0.3399,322
2134,235.6522,0.3400,346
2135,254.1837,0.3400,336
2136,8.8651,0.3404,307
2137,231.1630,0.3404,347
2138,280.1026,0.3405,365
2139,267.2249,0.3405,301
2140,240.1349,0.3407,340
2141,251.4743,0.3408,328
2142,248.9453,0.3408,330
2143,254.6656,0.3413,321
2144,271.1323,0.3414,297
2145,279.4456,0.3414,330
2146,240.2834,0.3419,335
2147,119.7417,0.3419,1000
2148,225.2722,0.3419,320
2149,269.4202,0.3420,376
2150,262.2360,0.3421,332
2151,223.4824,0.3421,324
2152,232.2217,0.3422,335
2153,274.1486,0.3422,305
2154,279.6194,0.3426,351
2155,21.5729,0.3426,348
2156,274.5516,0.3426,305
2157,235.5203,0.3431,322
2158,266.0839,0.3432,314
2159,273.9286,0.3432,339
2160,237.7641,0.3435,346
2161,282.2762,0.3436,389
2162,167.8859,0.3436,1000
2163,249.9658,0.3440,316
2164,249.3421,0.3441,331
2165,242.4446,0.3442,450
2166,-12.9800,0.3443,310
2167,149.8545,0.3445,1000
2168,288.3214,0.3445,322
2169,235.4063,0.3446,337
2170,291.7415,0.3448,356
2171,192.4060,0.3448,346
2172,249.8039,0.3448,327
2173,290.8919,0.3451,352
2174,220.2496,0.3453,349
2175,261.8867,0.3453,403
2176,238.7306,0.3455,338
2177,226.3972,0.3456,322
2178,234.1044,0.3460,391
2179,233.1317,0.3461,353
2180,259.7517,0.3462,329
2181,163.6807,0.3462,1000
2182,238.7946,0.3464,354
2183,279.0910,0.3466,352
2184,270.1368,0.3467,371
2185,223.7524,0.3468,333
2186,241.9819,0.3469,356
2187,235.2527,0.3470,346
2188,287.6758,0.3471,352
2189,287.9562,0.3471,318
2190,242.0898,0.3474,363
2191,236.9371,0.3475,360
2192,266.3395,0.3476,297
2193,238.2790,0.3476,333
2194,251.2219,0.3477,310
2195,265.0388,0.3481,362
2196,290.0836,0.3481,326
2197,258.5747,0.3483,332
2198,262.9534,0.3485,365
2199,242.5870,0.3485,354
2200,261.0169,0.3489,354
2201,135.8252,0.3491,1000
2202,241.7870,0.3491,361
2203,264.3082,0.3491,332
2204,264.6088,0.3493,357
2205,221.3229,0.3496,352
2206,234.2543,0.3496,317
2207,226.3349,0.3496,350
2208,268.5881,0.3497,311
2209,245.3252,0.3499,339
2210,251.5519,0.3499,391
2211,249.6630,0.3505,328
2212,92.1823,0.3512,1000
2213,241.7756,0.3513,350
2214,126.2282,0.3515,1000
2215,247.1386,0.3516,330
2216,150.1058,0.3517,1000
2217,238.9968,0.3517,333
2218,225.2743,0.3520,342
2219,260.4365,0.3521,314
2220,219.6253,0.3522,355
2221,250.9190,0.3524,383
2222,256.1040,0.3527,352
2223,241.3426,0.3527,318
2224,263.4894,0.3529,345
2225,232.9150,0.3530,325
2226,146.4839,0.3530,1000
2227,225.8098,0.3530,339
2228,256.7002,0.3535,367
2229,262.4823,0.3536,337
2230,277.0581,0.3536,331
2231,254.2680,0.3543,336
2232,261.5208,0.3543,348
2233,269.0320,0.3544,369
2234,82.6965,0.3547,1000
2235,272.3348,0.3548,359
2236,256.8839,0.3548,370
2237,274.4022,0.3549,372
2238,270.8281,0.3552,337
2239,223.5676,0.3553,333
2240,273.6159,0.3554,383
2241,241.7717,0.3554,354
2242,-1.8862,0.3555,354
2243,251.8966,0.3558,329
2244,17.8702,0.3559,288
2245,230.6372,0.3559,330
2246,252.7765,0.3561,398
2247,224.1275,0.3562,350
2248,259.2494,0.3563,349
2249,240.1283,0.3563,331
2250,257.4419,0.3567,351
2251,204.0771,0.3567,350
2252,253.3574,0.3568,351
2253,253.2367,0.3568,348
2254,-35.8445,0.3569,298
2255,269.3498,0.3572,318
2256,264.3859,0.3573,330
2257,246.9270,0.3575,352
2258,256.0190,0.3576,474
2259,257.2486,0.3578,385
2260,256.1625,0.3580,307
2261,166.5898,0.3581,1000
2262,265.2491,0.3581,381
2263,256.7124,0.3582,369
2264,247.3787,0.3585,329
2265,258.5425,0.3586,325
2266,253.4345,0.3587,364
2267,228.3466,0.3587,332
2268,264.5288,0.3588,372
2269,260.2051,0.3589,323
2270,259.4142,0.3591,359
2271,242.1149,0.3592,364
2272,240.1308,0.3593,312
2273,255.3398,0.3594,373
2274,231.6272,0.3595,345
2275,264.7425,0.3595,307
2276,274.0403,0.3600,346
2277,232.4163,0.3600,330
2278,234.8988,0.3600,334
2279,243.0107,0.3605,338
2280,235.8245,0.3607,345
2281,248.3581,0.3608,362
2282,107.4494,0.3609,1000
2283,12.4943,0.3610,314
2284,221.8773,0.3611,322
2285,239.5825,0.3611,322
2286,242.2284,0.3614,365
2287,242.0704,0.3615,319
2288,233.6346,0.3616,323
2289,216.4524,0.3616,369
2290,239.4117,0.3618,353
2291,262.2343,0.3618,304
2292,241.8339,0.3618,335
2293,257.2256,0.3621,356
2294,249.2594,0.3622,323
2295,255.3099,0.3623,342
2296,254.6688,0.3624,368
2297,232.2699,0.3624,324
2298,241.8979,0.3627,329
2299,230.4890,0.3628,339
2300,273.5665,0.3629,344
2301,233.1079,0.3629,331
2302,33.4318,0.3630,292
2303,291.2973,0.3631,355
2304,237.5989,0.3631,333
2305,228.8121,0.3635,337
2306,247.3036,0.3638,333
2307,223.0368,0.3640,343
2308,245.2104,0.3644,312
2309,258.9884,0.3645,722
2310,93.3504,0.3645,1000
2311,229.6391,0.3646,398
2312,262.6549,0.3647,340
2313,262.2855,0.3648,325
2314,-4.2196,0.3652,330
2315,273.3929,0.3653,363
2316,211.5467,0.3654,311
2317,231.3589,0.3659,361
2318,248.5097,0.3660,320
2319,228.1232,0.3660,369
2320,154.9861,0.3661,1000
2321,241.7373,0.3663,365
2322,235.0068,0.3663,315
2323,287.0398,0.3664,330
2324,245.4534,0.3664,359
2325,13.2498,0.3667,327
2326,261.9778,0.3668,341
2327,235.9419,0.3668,340
2328,281.6718,0.3669,382
2329,268.2943,0.3673,346
2330,6.4182,0.3673,297
2331,215.9890,0.3673,419
2332,234.1835,0.3674,320
2333,247.0406,0.3676,312
2334,261.6055,0.3676,332
2335,247.7744,0.3680,420
2336,235.9688,0.3682,335
2337,262.0274,0.3682,359
2338,227.9572,0.3683,331
2339,252.8068,0.3687,342
2340,146.7542,0.3687,1000
2341,246.4058,0.3687,361
2342,244.9860,0.3689,335
2343,235.0026,0.3690,326
2344,265.9218,0.3691,339
2345,36.1610,0.3694,304
2346,259.6029,0.3697,302
2347,250.5243,0.3698,394
2348,268.4205,0.3699,356
2349,123.9298,0.3704,1000
2350,240.1518,0.3705,362
2351,270.2007,0.3706,337
2352,243.9378,0.3710,348
2353,253.9570,0.3712,342
2354,226.5655,0.3714,671
2355,119.6541,0.3714,1000
2356,259.1033,0.3715,305
2357,257.8159,0.3719,364
2358,219.6730,0.3720,360
2359,258.9256,0.3721,330
2360,213.2639,0.3723,322
2361,156.2957,0.3724,1000
2362,226.5326,0.3725,330
2363,275.9750,0.3729,361
2364,289.8422,0.3729,300
2365,212.6224,0.3730,324
2366,144.7380,0.3734,1000
2367,259.6848,0.3735,365
2368,235.0468,0.3735,341
2369,233.8877,0.3735,351
2370,234.4671,0.3737,344
2371,263.6577,0.3737,314
2372,244.7710,0.3738,388
2373,219.8336,0.3743,325
2374,235.8436,0.3743,321
2375,225.2191,0.3745,387
2376,220.8137,0.3750,335
2377,230.3620,0.3750,359
2378,129.3808,0.3751,1000
2379,251.1484,0.3752,346
2380,216.9155,0.3753,339
2381,258.7205,0.3754,358
2382,200.8129,0.3755,322
2383,258.3705,0.3757,495
2384,234.3082,0.3759,324
2385,246.7159,0.3759,305
2386,258.4687,0.3759,306
2387,239.5010,0.3760,311
2388,246.7748,0.3763,334
2389,-9.5615,0.3764,309
2390,259.4662,0.3764,314
2391,276.5026,0.3767,326
2392,231.9227,0.3768,349
2393,280.4468,0.3768,336
2394,258.4259,0.3773,308
2395,153.7758,0.3773,1000
2396,276.3565,0.3773,415
2397,225.6452,0.3773,322
2398,237.6811,0.3777,353
2399,257.1562,0.3778,341
2400,278.5889,0.3778,329
2401,226.8904,0.3778,367
2402,215.5373,0.3780,332
2403,252.8761,0.3780,346
2404,241.2479,0.3781,362
2405,258.3123,0.3781,396
2406,259.8905,0.3785,316
2407,246.4089,0.3786,337
2408,266.9237,0.3786,371
2409,255.5472,0.3789,311
2410,266.8142,0.3792,364
2411,237.9679,0.3795,328
2412,128.2771,0.3795,1000
2413,248.4801,0.3797,322
2414,-0.0883,0.3802,320
2415,256.6166,0.3803,406
2416,140.3878,0.3804,1000
2417,260.5592,0.3804,318
2418,253.3835,0.3808,345
2419,-5.0230,0.3808,296
2420,261.3133,0.3808,325
2421,259.7810,0.3809,512
2422,235.4815,0.3811,343
2423,217.3079,0.3811,326
2424,193.3275,0.3814,323
2425,229.2210,0.3817,348
2426,274.3646,0.3817,348
2427,251.3722,0.3818,352
2428,138.5188,0.3823,1000
2429,254.9228,0.3823,363
2430,260.6877,0.3824,356
2431,227.4543,0.3827,331
2432,254.9370,0.3830,356
2433,147.8048,0.3832,1000
2434,250.9547,0.3833,411
2435,246.4817,0.3835,383
2436,119.6053,0.3838,1000
2437,-20.6282,0.3838,323
2438,241.0824,0.3841,361
2439,237.3958,0.3842,324
2440,225.9920,0.3848,361
2441,277.3176,0.3848,293
2442,101.9093,0.3850,1000
2443,245.9616,0.3852,366
2444,118.0328,0.3855,1000
2445,236.1821,0.3856,343
2446,-66.3705,0.3860,350
2447,240.5314,0.3860,352
2448,233.5081,0.3861,317
2449,101.3141,0.3866,1000
2450,254.8338,0.3867,313
2451,247.3145,0.3867,360
2452,247.7539,0.3871,353
2453,223.7771,0.3873,341
2454,262.6838,0.3873,366
2455,263.0965,0.3877,371
2456,259.3972,0.3877,313
2457,227.4474,0.3877,332
2458,129.1887,0.3878,1000
2459,218.0745,0.3882,342
2460,222.3902,0.3882,379
2461,253.2770,0.3882,345
2462,278.8736,0.3883,349
2463,20.6271,0.3884,295
2464,298.9279,0.3885,344
2465,236.8020,0.3887,334
2466,253.9505,0.3888,380
2467,248.3486,0.3890,330
2468,245.0069,0.3890,312
2469,218.4260,0.3891,422
2470,266.4379,0.3892,385
2471,260.6528,0.3895,377
2472,233.7358,0.3895,376
2473,255.7024,0.3896,315
2474,241.6815,0.3897,323
2475,225.4885,0.3898,323
2476,262.5016,0.3901,375
2477,228.5925,0.3901,363
2478,263.1661,0.3902,382
2479,221.9534,0.3904,360
2480,256.0449,0.3904,399
2481,255.0337,0.3905,310
2482,268.4301,0.3909,342
2483,267.5972,0.3910,375
2484,160.9408,0.3912,1000
2485,253.5225,0.3916,317
2486,268.6700,0.3916,413
2487,247.3102,0.3920,342
2488,253.2304,0.3920,328
2489,153.2823,0.3920,1000
2490,273.8389,0.3927,349
2491,225.3460,0.3927,355
2492,244.0295,0.3927,371
2493,118.8520,0.3928,1000
2494,239.5532,0.3932,349
2495,273.2941,0.3932,341
2496,262.4071,0.3932,397
2497,277.4434,0.3934,390
2498,202.0760,0.3935,335
2499,269.0263,0.3935,365
2500,262.3000,0.3939,319
2501,37.4195,0.3941,304
2502,255.0528,0.3941,337
2503,275.5077,0.3944,368
2504,257.1874,0.3948,347
2505,244.8176,0.3948,347
2506,145.2840,0.3948,1000
2507,11.2486,0.3950,287
2508,41.0258,0.3950,322
2509,266.2310,0.3951,479
2510,234.8375,0.3951,336
2511,195.6458,0.3955,377
2512,254.8173,0.3956,390
2513,261.0845,0.3956,386
2514,7.9411,0.3961,244
2515,258.1022,0.3961,392
2516,151.4559,0.3964,1000
2517,246.0979,0.3967,381
2518,252.3004,0.3971,374
2519,97.5470,0.3971,1000
2520,237.1370,0.3972,319
2521,238.1249,0.3972,787
2522,216.7880,0.3975,306
2523,216.4720,0.3976,375
2524,224.9877,0.3976,342
2525,265.2589,0.3977,348
2526,256.3252,0.3979,379
2527,-17.7357,0.3979,315
2528,268.4026,0.3981,359
2529,213.7271,0.3982,352
2530,254.9163,0.3984,362
2531,229.8608,0.3984,395
2532,262.3053,0.3984,321
2533,240.0950,0.3984,367
2534,225.2026,0.3989,358
2535,239.2091,0.3989,333
2536,37.3686,0.3989,359
2537,282.0359,0.3989,369
2538,240.0662,0.3994,339
2539,247.7033,0.3994,360
2540,224.2532,0.3998,335
2541,264.9218,0.3998,354
2542,214.8230,0.4004,318
2543,129.7261,0.4004,1000
2544,140.7876,0.4004,1000
2545,238.3444,0.4005,353
2546,235.3787,0.4009,340
2547,234.8467,0.4009,360
2548,289.7545,0.4010,335
2549,247.0540,0.4013,350
2550,235.4730,0.4014,371
2551,230.2873,0.4014,340
2552,116.5316,0.4020,1000
2553,188.2104,0.4020,348
2554,248.5481,0.4020,348
2555,264.2038,0.4021,378
2556,262.5439,0.4024,348
2557,271.2229,0.4025,331
2558,231.0759,0.4025,362
2559,259.9541,0.4029,358
2560,245.2639,0.4032,515
2561,151.6356,0.4033,1000
2562,216.9272,0.4035,393
2563,240.9365,0.4036,357
2564,279.9690,0.4039,354
2565,140.6304,0.4039,1000
2566,278.2205,0.4041,365
2567,246.2270,0.4041,365
2568,215.0927,0.4042,324
2569,247.1481,0.4047,363
2570,272.2864,0.4047,330
2571,275.7623,0.4049,373
2572,254.0963,0.4051,337
2573,247.2287,0.4051,369
2574,96.8973,0.4052,1000
2575,258.5731,0.4054,330
2576,223.6536,0.4056,340
2577,217.9913,0.4056,370
2578,36.7640,0.4056,282
2579,267.1251,0.4061,310
2580,224.2119,0.4062,350
2581,152.6176,0.4066,1000
2582,218.2773,0.4067,331
2583,234.7541,0.4070,507
2584,147.8597,0.4072,1000
2585,233.7810,0.4073,319
2586,-53.8982,0.4074,383
2587,266.8441,0.4078,339
2588,205.5840,0.4079,390
2589,239.0916,0.4080,335
2590,237.9825,0.4082,335
2591,140.8404,0.4082,1000
2592,243.5783,0.4087,414
2593,268.0427,0.4087,327
2594,212.9448,0.4089,408
2595,247.5081,0.4093,367
2596,238.6408,0.4093,339
2597,141.2645,0.4095,1000
2598,238.7494,0.4097,381
2599,261.4347,0.4097,366
2600,214.1667,0.4098,347
2601,245.5216,0.4103,323
2602,235.7078,0.4103,381
2603,145.2787,0.4104,1000
2604,234.1398,0.4104,343
2605,256.1479,0.4107,320
2606,214.4108,0.4108,337
2607,226.1828,0.4109,371
2608,263.7288,0.4111,439
2609,271.7159,0.4112,736
2610,219.2527,0.4112,345
2611,264.4540,0.4117,332
2612,220.9219,0.4117,350
2613,268.7546,0.4123,367
2614,126.5908,0.4123,1000
2615,142.3229,0.4127,1000
2616,238.2674,0.4130,404
2617,243.8565,0.4133,335
2618,163.4528,0.4133,1000
2619,263.2133,0.4135,427
2620,161.0239,0.4139,1000
2621,211.8928,0.4139,348
2622,207.3543,0.4140,377
2623,-9.6448,0.4141,236
2624,266.1164,0.4142,353
2625,253.8784,0.4142,346
2626,271.3812,0.4146,321
2627,36.6255,0.4147,327
2628,255.5449,0.4147,364
2629,151.6546,0.4149,1000
2630,238.5546,0.4152,338
2631,260.2421,0.4153,384
2632,248.4084,0.4155,366
2633,227.6160,0.4155,346
2634,215.9464,0.4160,364
2635,260.6259,0.4161,389
2636,265.6640,0.4161,337
2637,147.8340,0.4163,1000
2638,262.5725,0.4163,367
2639,230.7519,0.4167,344
2640,226.0100,0.4168,439
2641,-16.1886,0.4168,338
2642,241.1422,0.4172,543
2643,201.9338,0.4173,357
2644,234.3722,0.4173,454
2645,249.6090,0.4173,373
2646,247.8132,0.4177,362
2647,258.7581,0.4178,416
2648,264.1139,0.4178,426
2649,267.3638,0.4181,582
2650,198.1863,0.4182,383
2651,243.1992,0.4183,332
2652,243.5583,0.4183,377
2653,279.7934,0.4185,365
2654,224.5927,0.4186,342
2655,259.1358,0.4188,354
2656,243.9354,0.4188,327
2657,216.6730,0.4190,342
2658,228.4328,0.4192,397
2659,279.0700,0.4196,371
2660,232.0168,0.4197,583
2661,238.7176,0.4198,802
2662,237.3286,0.4201,381
2663,217.3951,0.4204,654
2664,298.1519,0.4204,365
2665,261.6327,0.4206,339
2666,239.3367,0.4207,342
2667,261.1097,0.4208,375
2668,135.2619,0.4211,1000
2669,222.4565,0.4212,346
2670,248.6206,0.4212,318
2671,220.6465,0.4213,343
2672,238.9468,0.4217,346
2673,217.7242,0.4218,348
2674,221.0043,0.4220,330
2675,214.6201,0.4222,339
2676,130.0226,0.4225,1000
2677,152.6010,0.4226,1000
2678,34.4074,0.4228,342
2679,262.6379,0.4229,357
2680,251.6971,0.4229,603
2681,249.4634,0.4232,376
2682,241.7968,0.4233,392
2683,37.9987,0.4233,322
2684,238.9896,0.4234,341
2685,219.9357,0.4235,345
2686,253.8041,0.4238,320
2687,224.0590,0.4239,322
2688,252.9245,0.4239,403
2689,185.8795,0.4241,398
2690,247.4151,0.4242,347
2691,17.1031,0.4242,358
2692,231.3454,0.4246,314
2693,232.4619,0.4248,343
2694,232.7118,0.4249,337
2695,133.1390,0.4250,1000
2696,215.9711,0.4253,352
2697,239.4357,0.4255,371
2698,223.2336,0.4255,355
2699,151.0478,0.4256,1000
2700,224.7429,0.4259,371
2701,260.5738,0.4260,340
2702,275.0743,0.4260,333
2703,226.3943,0.4261,338
2704,244.8585,0.4262,342
2705,218.9250,0.4263,341
2706,222.4364,0.4263,327
2707,235.3716,0.4267,352
2708,35.3209,0.4268,324
2709,228.6791,0.4269,332
2710,271.6149,0.4273,338
2711,-456.6561,0.4274,274
2712,237.6441,0.4275,348
2713,149.1907,0.4275,1000
2714,229.6216,0.4278,405
2715,249.3306,0.4278,325
2716,237.6794,0.4281,364
2717,239.3133,0.4285,351
2718,219.4894,0.4285,333
2719,239.8187,0.4287,535
2720,99.3023,0.4287,1000
2721,-26.7478,0.4290,264
2722,-8.0927,0.4290,360
2723,243.0527,0.4292,366
2724,240.2251,0.4292,348
2725,213.1192,0.4293,345
2726,24.1338,0.4296,290
2727,261.6339,0.4297,399
2728,241.5412,0.4298,344
2729,-8.7914,0.4298,236
2730,228.1616,0.4302,331
2731,151.1952,0.4303,1000
2732,271.3849,0.4304,332
2733,260.6719,0.4304,420
2734,219.0509,0.4305,325
2735,253.6259,0.4308,344
2736,279.9404,0.4309,410
2737,239.3292,0.4311,359
2738,220.5512,0.4313,336
2739,268.7032,0.4317,381
2740,128.0226,0.4319,1000
2741,238.1801,0.4323,356
2742,161.4159,0.4324,1000
2743,223.0857,0.4326,368
2744,243.4948,0.4329,357
2745,250.0850,0.4330,366
2746,123.6728,0.4330,1000
2747,260.8340,0.4331,359
2748,251.8116,0.4334,309
2749,223.5994,0.4335,319
2750,226.8924,0.4335,328
2751,264.0209,0.4336,355
2752,1.5966,0.4337,306
2753,284.8059,0.4338,315
2754,253.1997,0.4340,394
2755,218.9856,0.4341,344
2756,233.5227,0.4342,362
2757,224.3150,0.4344,329
2758,231.0615,0.4347,343
2759,237.7145,0.4349,323
2760,253.2462,0.4351,363
2761,118.1726,0.4352,1000
2762,120.5035,0.4354,1000
2763,235.7234,0.4355,337
2764,194.5098,0.4357,340
2765,266.3592,0.4357,363
2766,-375.1646,0.4357,298
2767,237.1384,0.4358,347
2768,219.3287,0.4361,324
2769,241.8513,0.4362,392
2770,196.9685,0.4364,462
2771,-4.6682,0.4365,311
2772,245.6863,0.4368,361
2773,271.8553,0.4369,365
2774,239.4907,0.4370,353
2775,135.9265,0.4370,1000
2776,223.2207,0.4371,327
2777,270.0695,0.4375,339
2778,212.9370,0.4375,399
2779,232.8494,0.4376,308
2780,207.2013,0.4378,319
2781,233.7581,0.4379,338
2782,132.9826,0.4384,1000
2783,-10.6907,0.4385,323
2784,239.6549,0.4386,427
2785,226.0746,0.4388,812
2786,250.7300,0.4390,345
2787,16.9053,0.4391,299
2788,242.3548,0.4392,303
2789,-12.9429,0.4393,305
2790,7.8245,0.4394,332
2791,258.4847,0.4398,313
2792,261.5767,0.4398,369
2793,235.2867,0.4400,385
2794,131.5154,0.4401,1000
2795,291.5130,0.4402,331
2796,-42.1672,0.4402,348
2797,225.3384,0.4405,342
2798,273.6778,0.4406,382
2799,228.4449,0.4409,387
2800,254.8496,0.4409,325
2801,-21.0215,0.4415,303
2802,257.2204,0.4415,322
2803,141.3185,0.4417,1000
2804,140.5694,0.4417,1000
2805,220.7937,0.4421,327
2806,234.5388,0.4421,337
2807,248.0709,0.4422,335
2808,234.8283,0.4422,349
2809,231.0968,0.4424,327
2810,264.6442,0.4424,364
2811,5.4891,0.4427,292
2812,15.1451,0.4429,235
2813,261.4638,0.4432,425
2814,213.4262,0.4435,330
2815,143.9200,0.4438,1000
2816,235.0700,0.4439,350
2817,232.2576,0.4439,919
2818,232.2627,0.4440,332
2819,210.7035,0.4443,321
2820,13.8652,0.4444,237
2821,271.7255,0.4445,344
2822,236.1823,0.4445,369
2823,227.0572,0.4446,330
2824,-45.8849,0.4447,312
2825,257.8570,0.4448,308
2826,252.3412,0.4450,406
2827,223.0818,0.4452,335
2828,222.4497,0.4452,329
2829,209.8369,0.4454,335
2830,-37.4842,0.4457,354
2831,277.8430,0.4458,340
2832,5.6447,0.4462,332
2833,234.4633,0.4463,411
2834,153.8622,0.4463,1000
2835,231.6799,0.4467,336
2836,-0.2732,0.4468,321
2837,233.7816,0.4469,369
2838,143.3369,0.4469,1000
2839,253.0118,0.4473,360
2840,270.5388,0.4473,346
2841,221.8279,0.4474,360
2842,263.7071,0.4474,325
2843,221.2882,0.4476,328
2844,218.4102,0.4476,346
2845,242.5433,0.4477,324
2846,217.2588,0.4481,343
2847,234.3290,0.4481,371
2848,248.1678,0.4481,309
2849,255.6151,0.4486,366
2850,257.7687,0.4486,318
2851,-7.3162,0.4486,326
2852,144.6018,0.4487,1000
2853,228.9539,0.4489,343
2854,251.8697,0.4489,319
2855,15.8367,0.4489,349
2856,268.9119,0.4492,373
2857,3.5000,0.4493,328
2858,196.5716,0.4494,359
2859,213.2284,0.4494,322
2860,-20.6472,0.4494,297
2861,250.6553,0.4498,318
2862,224.5926,0.4498,355
2863,227.4497,0.4498,363
2864,260.1984,0.4498,322
2865,234.4524,0.4501,335
2866,249.7803,0.4501,338
2867,237.8847,0.4501,338
2868,253.8532,0.4502,403
2869,5.7047,0.4505,305
2870,242.7819,0.4505,352
2871,286.1108,0.4506,357
2872,-10.0426,0.4506,332
2873,267.1564,0.4510,314
2874,253.4551,0.4511,381
2875,234.5351,0.4511,355
2876,267.1301,0.4512,611
2877,238.0837,0.4514,327
2878,247.9314,0.4514,323
2879,4.2384,0.4517,283
2880,253.2619,0.4517,447
2881,243.8565,0.4518,341
2882,258.2467,0.4519,365
2883,257.2961,0.4520,311
2884,223.9298,0.4520,344
2885,-9.9742,0.4523,314
2886,266.3673,0.4524,392
2887,243.7406,0.4524,304
2888,250.2752,0.4524,322
2889,215.7790,0.4526,319
2890,234.2763,0.4529,352
2891,260.7258,0.4529,362
2892,252.4140,0.4533,321
2893,262.9944,0.4534,343
2894,122.1547,0.4538,1000
2895,221.2893,0.4539,342
2896,233.6967,0.4539,317
2897,122.1736,0.4541,1000
2898,248.1829,0.4542,363
2899,216.0458,0.4542,313
2900,223.6969,0.4545,383
2901,210.2497,0.4546,362
2902,264.9985,0.4548,322
2903,15.7689,0.4548,337
2904,256.6847,0.4549,368
2905,246.7647,0.4553,334
2906,241.4354,0.4555,328
2907,223.2153,0.4557,321
2908,263.0552,0.4562,381
2909,88.5304,0.4562,1000
2910,234.5105,0.4563,326
2911,163.8495,0.4564,1000
2912,224.2079,0.4565,336
2913,266.9245,0.4568,460
2914,265.6100,0.4569,334
2915,275.1953,0.4569,359
2916,266.6923,0.4571,415
2917,260.5651,0.4571,337
2918,-6.7485,0.4571,368
2919,223.4712,0.4572,353
2920,235.9247,0.4576,344
2921,257.1972,0.4576,369
2922,253.6560,0.4576,389
2923,266.9860,0.4581,346
2924,243.6527,0.4582,367
2925,235.9972,0.4583,376
2926,135.3922,0.4585,1000
2927,238.6669,0.4586,334
2928,231.3930,0.4589,351
2929,221.4018,0.4593,346
2930,225.7445,0.4594,358
2931,254.7243,0.4596,442
2932,136.9090,0.4599,1000
2933,232.6273,0.4601,328
2934,-26.4285,0.4602,332
2935,281.1974,0.4604,383
2936,258.8353,0.4607,394
2937,149.8608,0.4610,1000
2938,249.2786,0.4610,381
2939,265.9538,0.4612,388
2940,-13.1628,0.4615,342
2941,-52.5726,0.4617,389
2942,142.4060,0.4618,1000
2943,244.0141,0.4622,341
2944,267.3919,0.4623,313
2945,233.4504,0.4626,333
2946,136.8073,0.4627,1000
2947,237.3827,0.4627,345
2948,125.6395,0.4631,1000
2949,256.2592,0.4632,322
2950,244.5807,0.4633,429
2951,221.3458,0.4633,379
2952,247.2299,0.4634,364
2953,242.3590,0.4638,358
2954,265.2293,0.4639,405
2955,259.3882,0.4639,355
2956,226.2804,0.4641,347
2957,222.8422,0.4642,308
2958,244.8985,0.4645,340
2959,138.8547,0.4646,1000
2960,200.9520,0.4647,348
2961,225.6806,0.4648,362
2962,262.9081,0.4653,361
2963,257.5629,0.4654,517
2964,259.0662,0.4657,319
2965,266.6371,0.4659,328
2966,104.3004,0.4660,1000
2967,179.7528,0.4662,1000
2968,222.7326,0.4662,299
2969,226.0647,0.4662,323
2970,270.5840,0.4663,362
2971,-10.5569,0.4668,235
2972,248.1302,0.4668,371
2973,252.1888,0.4668,391
2974,262.0827,0.4675,358
2975,261.3815,0.4675,358
2976,113.6095,0.4678,1000
2977,236.7450,0.4679,339
2978,241.3546,0.4679,394
2979,228.7766,0.4683,349
2980,14.7981,0.4683,279
2981,117.1607,0.4684,1000
2982,0.9622,0.4684,314
2983,235.8084,0.4686,362
2984,257.0887,0.4687,343
2985,263.0306,0.4690,372
2986,240.4017,0.4693,366
2987,237.5926,0.4695,410
2988,243.2706,0.4698,311
2989,132.0727,0.4699,1000
2990,244.7189,0.4700,355
2991,120.4644,0.4701,1000
2992,221.5327,0.4702,362
2993,267.2494,0.4704,372
2994,234.6353,0.4706,351
2995,251.7773,0.4707,340
2996,228.7775,0.4707,427
2997,260.9240,0.4708,390
2998,237.9658,0.4709,320
2999,240.4925,0.4712,319
3000,252.3026,0.4713,323
